ticker,name,last_close,1m_return%,3m_return%,6m_return%,vol30_ann%,momentum,market_cap,pe,sector,mom_z,mc_log,mc_z,score,large_cap_flag
SUPREMEENG.NS,SUPREME ENGINEERING LTD,4.320000171661377,42.57426443736638,182.35295767602656,315.3846471267351,1.5687669074641943,140.81955870035546,1099779968.0,,Basic Materials,2.1231707089190075,20.818375968560613,0.28806401240908913,1.664394034791528,False
ARIHANT.NS,ARIHANT FOUN & HOU LTD,914.9000244140625,-4.013009392043365,15.942219328382755,2207.4400736578086,39.71972819214123,27.88790737345195,9938099200.0,13.692009,Real Estate,0.43341460767057494,23.019641612065048,0.5010455733795964,0.4503223490978303,False
RELIANCE.NS,RELIANCE INDUSTRIES LTD,1218.0,-7.866868381240543,-4.53797502203609,-7.99762770976622,21.096830529306228,-0.3286550568713035,16340459978752.0,21.300053,Energy,0.011220227594796206,30.424665355438666,1.2175122663211042,0.3127932372763732,True
BHARTIARTL.NS,BHARTI AIRTEL LIMITED,1810.5,-1.603260869565215,-2.9031543216645472,-1.404457801218606,25.980833697359852,-0.07289324865434421,11295090802688.0,37.8449,Communication Services,0.015047100493784639,30.05538930500956,1.1817832801891963,0.3067311454176376,True
ICICIBANK.NS,ICICI BANK LTD.,1342.800048828125,-5.649234478791831,-1.917965098467067,5.68332523110564,17.116828102920177,0.066392335271163,9639169097728.0,17.35781,Financial Services,0.01713118110793225,29.89685602765452,1.1664445295134291,0.30445951820930645,True
HDFCBANK.NS,HDFC BANK LTD,711.4500122070312,-0.09127417514253056,-12.19918265766945,-9.337224481973527,22.075578308949815,-0.37809301102450166,10969475448832.0,15.55082,Financial Services,0.010480505084038003,30.026137572193026,1.178953053980587,0.30259864230817524,True
SBIN.NS,STATE BANK OF INDIA,958.75,-5.6441272477018245,-5.718361984263742,-6.23645947510979,17.786439685249533,-0.3352308774298413,8793548128256.0,10.202956,Financial Services,0.01112183593241504,29.805039401270644,1.1575608909266972,0.2977315996809856,True
TCS.NS,TATA CONSULTANCY SERV LT,2100.0,-8.854166666666663,2.6252318406664976,-17.33703312640362,25.577957780947848,-0.3773475750729063,7525622087680.0,15.213575,Technology,0.010491658776846869,29.649334592605825,1.142495806302357,0.2934926956582244,True
BAJFINANCE.NS,BAJAJ FINANCE LIMITED,963.0999755859375,-9.184349308256722,-4.681319050398336,7.281523958502167,27.14266416317551,0.014718393156391663,5991361413120.0,29.570156,Financial Services,0.01635800230519573,29.421339783219977,1.1204363649353144,0.2923775929627254,True
KOTAKBANK.NS,KOTAK MAHINDRA BANK LTD,431.8999938964844,1.7432258884533258,16.89965651611658,16.333868073233184,22.357138416556204,0.6076572017138865,4296489828352.0,21.171568,Financial Services,0.02522993464351546,29.08881948627061,1.088263650066651,0.29098836349929935,True
ETERNAL.NS,ETERNAL LIMITED,329.0,1.9364833462432118,14.754093474688501,38.29921427723377,21.581326660649218,1.1103641692637651,3028574535680.0,700.0,Consumer Cyclical,0.03275176006249029,28.73911317448308,1.0544281171378889,0.28817084933133996,True
LT.NS,LARSEN & TOUBRO LTD.,3770.0,-4.89644794214481,-3.1371263480550304,-2.293952716026426,18.1082364973339,-0.16939274297311668,5187015016448.0,31.27333,Industrials,0.013603212908890284,29.277179506309814,1.1064882615354052,0.286824475065519,True
ADANIPORTS.NS,ADANI PORT & SEZ LTD,1783.4000244140625,4.4573287301298725,-0.46324312016551294,23.73331334576627,37.91936823154746,0.3327890223663595,4108880707584.0,30.438643,Industrials,0.021117179914134424,29.04417177342615,1.0839437990739116,0.28682383470407874,True
ADANIENT.NS,ADANI ENTERPRISES LIMITED,2849.89990234375,-2.9986418535142945,-6.465588181891457,39.729194553247616,44.60453372883988,0.3884177459692438,3857974034432.0,45.92909,Energy,0.021949532704589398,28.981163300071398,1.077847468515597,0.2859240166573413,True
LICI.NS,LIFE INSURA CORP OF INDIA,390.0,-6.103287764776811,-8.857208328367715,0.615588979171644,21.44670269022963,-0.16646034652868918,4933498175488.0,8.212255,Financial Services,0.01364708931311382,29.227069421422748,1.1016399034414583,0.28564529284519996,True
SUNPHARMA.NS,SUN PHARMACEUTICAL IND L,1804.0999755859375,-4.997368320909034,-4.453976155107009,5.342040472100851,20.45383264782061,0.016395642376386247,4286651826176.0,34.96966,Healthcare,0.016383098388264558,29.08652708405233,1.0880418506649014,0.28429778645742376,True
ADANIPOWER.NS,ADANI POWER LTD,202.39999389648438,-2.3166038235786446,-6.504066014845888,17.449075463313157,38.75572835093803,0.16281456782817877,3903222185984.0,27.388363,Utilities,0.018573912652586445,28.992823529482152,1.078975643967072,0.2836743454812078,True
SIGMAADV.NS,SIGMA ADVANCED SYSTEM LTD,1130.5999755859375,48.29485039102046,108.84825465489625,566.07749440156,51.246182555322996,6.348808388173481,211561873408.0,120.551956,Industrials,0.11113273630739844,26.077783338318635,0.7969334415469346,0.28258291261728247,False
HAL.NS,HINDUSTAN AERONAUTICS LTD,4816.0,-0.8237232289950547,10.563356836007065,19.659773133156456,27.335060206279245,0.4695123725450453,3220820197376.0,34.55302,Industrials,0.02316292273674489,28.800657162731614,1.0603827527013894,0.28246788022790603,True
TITAN.NS,TITAN COMPANY LIMITED,4550.0,-9.362549800796815,-0.4681257995560295,2.818369073632798,18.803468023324996,-0.03210913871998071,3886871740416.0,67.95687,Consumer Cyclical,0.015657338613796618,28.988625770191447,1.0785694933832244,0.28138537730615354,True
AXISBANK.NS,AXIS BANK LIMITED,1248.0,-1.963864886095834,-4.622947494844976,-5.273983797388415,25.1476190213692,-0.17562891820645876,3885885030400.0,13.975364,Financial Services,0.01350990323861467,28.9883718808571,1.0785449285394024,0.2797686595638116,True
HINDUNILVR.NS,HINDUSTAN UNILEVER LTD.,1895.199951171875,-3.962707625150985,-11.265104043248941,-10.253275090995462,19.26257334210088,-0.48273458160942206,4452945231872.0,42.493275,Consumer Defensive,0.008914790510111778,29.124586843039772,1.0917242898576567,0.279617165346998,True
STLTECH.NS,STERLITE TECHNOLOGIES LTD,1016.7000122070312,35.75911057053241,92.5021234894334,360.9630139014377,52.8588990684151,4.074696406915511,523310465024.0,217.52138,Technology,0.07710600819262609,26.983440748261437,0.8845595440317962,0.2789693921524186,True
INFY.NS,INFOSYS LIMITED,1013.8499755859375,-10.278763222483411,-5.185642075202068,-22.21469543093487,29.167117263282137,-0.5046365346687612,4106440933376.0,13.81267,Technology,0.008587079382394844,29.043577816333208,1.0838863312670715,0.277411892353564,True
JSWSTEEL.NS,JSW STEEL LIMITED,1259.5999755859375,-4.9358508991745325,3.2882308803556803,4.723073547390277,22.03640161044101,0.10713345579712168,3074656043008.0,12.4049635,Basic Materials,0.017740775992728167,28.754214154998657,1.0558891994983406,0.27727788186913127,True
LAURUSLABS.NS,LAURUS LABS LIMITED,2050.0,11.413043478260864,39.53172257900381,89.35509040641165,25.919926156324074,2.2692838828145634,1107640057856.0,101.334656,Healthcare,0.05009226322365346,27.733252793946217,0.9571069625569844,0.2768459380569862,True
ITC.NS,ITC LTD,266.70001220703125,0.9844778657432274,-4.97059753886846,-9.582244352967972,27.92199375155156,-0.21794309958398952,3341889044480.0,16.837122,Consumer Defensive,0.012876771204221208,28.837557345215778,1.063952998068533,0.2756458279202991,True
HCLTECH.NS,HCL TECHNOLOGIES LTD,1204.4000244140625,-6.881088473793628,6.206011424004876,-15.353297820956191,27.563267670614884,-0.2608929849576883,3258825310208.0,18.736778,Technology,0.012234127357209303,28.812387912079448,1.0615177512486242,0.27455503333006304,True
ULTRACEMCO.NS,ULTRATECH CEMENT LIMITED,10750.0,-5.767882187938289,-3.3786234332819243,-4.180424917337334,20.005622851255687,-0.2128089666431391,3132906536960.0,37.05121,Basic Materials,0.012953591407941684,28.77298229565056,1.0577050947785636,0.2741414672505972,True
MARUTI.NS,MARUTI SUZUKI INDIA LTD.,11625.0,-8.42130140223728,-15.835777105365844,-13.593711155186906,23.401153512341974,-0.5654357586307287,3654929874944.0,25.498453,Consumer Cyclical,0.007677362235485208,28.927098022884675,1.0726164291980527,0.27391212897612705,True
BAJAJ-AUTO.NS,BAJAJ AUTO LIMITED,10017.0,-15.957714573370252,-1.446280991735538,6.73502764417786,29.301963677425608,-0.008801914879707455,2752710180864.0,23.82164,Consumer Cyclical,0.016006076308008325,28.643607062615256,1.0451875055616096,0.27330143362140863,True
M&M.NS,MAHINDRA & MAHINDRA LTD,2855.0,-9.936908517350162,-7.977437550362609,-8.899146342384956,17.159945276265233,-0.5145812528592487,3428176101376.0,17.379923,Consumer Cyclical,0.008438280103892049,28.863049486808148,1.0664194682670958,0.27293357714469296,True
BHEL.NS,BHEL,452.0,4.8480616099703555,20.025957978415466,63.58515820983748,35.275562492891574,1.099060541618606,1573892653056.0,64.66381,Industrials,0.03258262790551546,28.084573063507175,0.9910986525797071,0.27221163407406335,True
BAJAJFINSV.NS,BAJAJ FINSERV LTD.,1752.4000244140625,-11.04568403989531,-5.525904288689542,-0.7809366069485901,20.734740874172754,-0.20532575852722101,2804268924928.0,27.820288,Financial Services,0.013065559987363069,28.662163988108684,1.0469829649011337,0.27154491121580576,True
MOTHERSON.NS,SAMVRDHNA MTHRSN INTL LTD,160.0,-0.43559238427841596,13.955313627719912,37.1070495701185,28.28672410721512,0.8008350599333128,1684996882432.0,38.554214,Consumer Cyclical,0.02812038617518997,28.15278482954303,0.9976984232388008,0.27051489544109264,True
ADANIGREEN.NS,ADANI GREEN ENERGY LTD,1313.0,0.8990971131070946,-12.734280120622932,25.700056351827993,38.69818878795145,0.23798435664714931,2162742394880.0,125.76629,Utilities,0.01969865144630806,28.4023981595892,1.0218495459482089,0.2702363750717833,True
HINDZINC.NS,HINDUSTAN ZINC LIMITED,557.6500244140625,-7.2129743071443375,5.157465067069045,1.6721275865553276,33.88169487982661,0.027764503968243023,2356249100288.0,13.806636,Basic Materials,0.016553206617564067,28.488092106302446,1.0301407899380322,0.2699501024476811,True
BEL.NS,BHARAT ELECTRONICS LTD,387.3999938964844,-4.428274808622379,-4.826816052924965,-11.784901008624416,22.253428960953332,-0.36965765123111655,2831808200704.0,46.11905,Industrials,0.01060672037009486,28.67193656372677,1.0479285020360924,0.26993716578659427,True
ASIANPAINT.NS,ASIAN PAINTS LIMITED,2424.199951171875,-4.079456165248607,-9.066355078050092,7.738467442703012,20.8689421528245,0.015977616997977565,2323945357312.0,48.796295,Basic Materials,0.01637684362332184,28.47428744229799,1.028805131564851,0.2694839156087041,True
COALINDIA.NS,COAL INDIA LTD,411.6499938964844,-0.8908179012062201,-1.543163153451521,-6.97444735473709,22.993675166796322,-0.17954225122859727,2536887025664.0,8.130555,Energy,0.013451349429539178,28.561958864874235,1.0372877045282245,0.2694104382042105,True
INDIGO.NS,INTERGLOBE AVIATION LTD,5050.5,1.4767932489451407,-1.434426229508201,13.517338094069009,24.431894009789133,0.2711087329146911,1952859684864.0,,Industrials,0.020194279697914024,28.300315919294786,1.011972666731279,0.2681388764562552,True
SOLARINDS.NS,SOLAR INDUSTRIES (I) LTD,20071.0,-6.40708789927722,11.751479139369092,44.190545010646254,55.33401118872775,0.4398614548984076,1792608043008.0,87.63936,Basic Materials,0.022719266610120227,28.21469268264361,1.003688264232595,0.2679615160157389,True
TVSMOTOR.NS,TVS MOTOR COMPANY  LTD,3981.0,-3.680048730068286,9.377147935456499,6.8122641112701166,18.84810940666866,0.2909186577634887,1880470192128.0,55.529045,Consumer Cyclical,0.020490688552165445,28.26254296369634,1.008317976953348,0.2674475106524611,True
TORNTPHARM.NS,TORRENT PHARMACEUTICALS L,4772.0,-1.750051472102121,-1.9398303517613735,16.778199583947927,20.8370590240687,0.3578787382160588,1798417416192.0,75.528755,Healthcare,0.021492588401812486,28.217928180869908,1.0040013120761337,0.26711976932039283,True
SHRIRAMFIN.NS,SHRIRAM FINANCE LIMITED,965.0499877929688,-7.295870529013571,-4.864948287989179,-2.588684774226613,27.983501844085712,-0.15055302951844945,2253040648192.0,17.019197,Financial Services,0.013885104835394084,28.443301819023716,1.025807144278731,0.2668656146962283,True
GRASIM.NS,GRASIM INDUSTRIES LTD,2969.0,-10.626128838049365,-4.99396692177857,8.67539070696326,20.824820147855448,0.03429943232318593,2013841063936.0,35.408466,Basic Materials,0.016650986424458253,28.331064991488773,1.014947766721412,0.2662251814986967,True
DLF.NS,DLF LIMITED,666.0999755859375,-2.3170623643402166,6.382149947668592,19.80865099500384,28.451590357916405,0.3991185682657543,1648805019648.0,37.087975,Real Estate,0.02210964529969848,28.131071910943668,0.9955976085051661,0.2654816361010654,True
HINDALCO.NS,HINDALCO  INDUSTRIES  LTD,940.5,-6.973293768545997,-2.700939458026408,-4.08296054243853,22.30068252488082,-0.19041663219985525,2087756890112.0,12.759463,Basic Materials,0.013288639937757349,28.367111347231997,1.0184354008177985,0.26457533015776763,True
POWERGRID.NS,POWER GRID CORP. LTD.,257.20001220703125,-3.3082660875822345,-7.61575640172879,-13.318103193454245,20.127146150310896,-0.4772376402770145,2367003820032.0,14.874342,Utilities,0.008997039286654972,28.492646060330237,1.0305814038368084,0.2643931304241933,True
TATASTEEL.NS,TATA STEEL LIMITED,178.69000244140625,-5.34985497320235,-5.05313212595393,-11.123250792941485,22.960853040667985,-0.35484465730048137,2203587706880.0,19.893017,Basic Materials,0.010828361925654792,28.421107923876754,1.0236597930735896,0.26403621971263846,True
DMART.NS,AVENUE SUPERMARTS LIMITED,3581.89990234375,-4.9893925107758585,-11.308378751774406,-18.880790308774074,25.506580762658775,-0.5422438785593849,2336279756800.0,76.35685,Consumer Defensive,0.008024374081938561,28.47958093262854,1.0293172986614982,0.2633476052268285,True
HYUNDAI.NS,HYUNDAI MOTOR INDIA LTD,1989.0,-9.795918367346934,4.752177492836407,13.55508110908965,26.018639382768704,0.2399821926438468,1616144236544.0,32.644016,Consumer Cyclical,0.019728544355205154,28.111064327332183,0.9936617919891558,0.2632118562636928,True
EICHERMOT.NS,EICHER MOTORS LTD,7051.0,-7.594521984142588,-3.9585220100751273,-0.3170771222985258,18.33819526961252,-0.15623127132862208,1935652421632.0,33.552227,Consumer Cyclical,0.01380014332433525,28.29146555438425,1.0111163572988544,0.26312919681796504,True
LENSKART.NS,LENSKART SOLUTIONS LTD,684.8499755859375,-0.007307464789163554,27.639547324002777,33.135681003520446,27.765529053532422,0.8952915378338661,1185776664576.0,184.59567,Healthcare,0.029533704832621792,27.801419088971397,0.9637023337076128,0.26307586205136957,True
LGEINDIA.NS,LG ELECTRONICS INDIA LTD,1758.5999755859375,7.185958915269786,13.803139844560807,22.961826012158546,19.83003778154136,0.8602629470287996,1193689219072.0,65.39978,Technology,0.029009584496688164,27.8080698114853,0.9643458186349193,0.26284364303124597,True
IDEA.NS,VODAFONE IDEA LIMITED,13.210000038146973,-12.050601627519464,-5.1687024497859335,44.84649346393235,39.46697545546645,0.4677965680925144,1431211474944.0,3.8289855,Communication Services,0.023137249765455198,27.989542386817696,0.9819040413245262,0.26282894765522297,True
ADANIENSOL.NS,ADANI ENERGY SOLUTION LTD,1350.0999755859375,-4.221055691723263,-18.4476003874396,25.154111294177284,42.87072506241649,0.14458734680467586,1651110838272.0,55.559673,Utilities,0.018301185232316,28.132469412636773,0.9957328225775498,0.26265909456862446,True
PAYTM.NS,ONE 97 COMMUNICATIONS LTD,1694.0,2.0789394395902328,38.466565816142406,54.28754272377743,40.90590678855375,0.955840661247349,1117278568448.0,173.3863,Technology,0.030439679814046713,27.741916994761095,0.9579452598427116,0.26231607482121294,True
CGPOWER.NS,CG POWER AND IND SOL LTD,912.0,2.3569023569023573,0.42947082027462447,26.561203288749823,33.63729476824759,0.4126617035365196,1436827123712.0,115.00631,Industrials,0.022312286412131736,27.99345841217877,0.9822829329847232,0.2623049480552796,True
SIEMENS.NS,SIEMENS LTD,3854.0,-3.0927835051546393,12.386130258832218,20.184279703651733,27.87507725348059,0.47316181792194173,1354005872640.0,89.52437,Industrials,0.023217528088914342,27.93408862766255,0.9765386606302894,0.2615478112242581,True
CUPID.NS,CUPID LIMITED,324.20001220703125,14.49762288377594,64.58524684682283,250.41074791405896,50.73269746701956,2.9070102704631267,435939016704.0,324.2,Consumer Defensive,0.05963433616595859,26.800768200570072,0.8668852190503605,0.26144705688705905,False
TRENT.NS,TRENT LTD,2906.0,1.8576936558009072,-0.6155950752393946,13.367474127010116,39.3925079871434,0.17441380665992062,1542001131520.0,85.25354,Consumer Cyclical,0.018747467934524524,28.064102124870324,0.9891180045473928,0.2613401020877416,True
PIDILITIND.NS,PIDILITE INDUSTRIES LTD,1520.5,-6.689168456581774,-2.480359352640382,13.65952519347129,26.92261237422945,0.17635068370985718,1535958581248.0,56.798496,Basic Materials,0.018776448736399318,28.060175784957774,0.9887381149116539,0.261266865280213,True
ABB.NS,ABB INDIA LIMITED,7122.5,-3.8798920377867696,6.421748474027833,9.401602735040072,27.59435814647695,0.21204869020321976,1509317410816.0,97.02356,Industrials,0.019310585301001163,28.042678618735312,0.9870451916674208,0.26124423689260606,True
BOSCHLTD.NS,BOSCH LIMITED,45000.0,-3.8872276804784334,8.85874925265917,23.18772622511638,27.793698738069516,0.4847876663971979,1327324463104.0,56.160843,Consumer Cyclical,0.023391481521476735,27.914186350136518,0.9746130329138569,0.26119686936957176,True
IOC.NS,INDIAN OIL CORP LTD,131.60000610351562,-4.360464922862162,-3.529089355304893,-6.280142735653682,20.817156821288275,-0.24359191806450237,1858355068928.0,5.3846154,Energy,0.012492997062888563,28.250712840822885,1.0071733636062508,0.2611630886987291,True
POWERINDIA.NS,HITACHI ENERGY INDIA LTD,31500.0,-0.4739336492891044,-1.2767605751485722,21.580244657627002,29.644831190118946,0.34786190415213053,1405589520384.0,122.1908,Industrials,0.02134271007916474,27.97147791817469,0.9801562292233182,0.2610460898652031,True
TMCV.NS,TATA MOTORS LIMITED,433.79998779296875,-5.325190694896287,4.091178834545595,3.0772659020327886,28.281443769067643,0.06014362195331256,1589123612672.0,37.88411,Consumer Cyclical,0.01703768383476101,28.09420379320318,0.9920304655346738,0.26078587925973923,True
SBILIFE.NS,SBI LIFE INSURANCE CO LTD,1750.0,-1.4084507042253502,-2.1799888205701556,-8.088235294117652,25.590642896450046,-0.1945947373823559,1728164528128.0,64.91896,Financial Services,0.01322612443709092,28.178080994815556,1.0001459319173687,0.25995607630716033,True
WELCORP.NS,WELSPUN CORP LIMITED,2660.89990234375,2.713649426289333,74.00601538762915,181.12834935550518,65.40005911997577,1.7325475038134588,699659255808.0,28.449495,Basic Materials,0.042061267833762746,27.273859276059515,0.9126587384964494,0.2597106354994344,True
VBL.NS,VARUN BEVERAGES LIMITED,439.29998779296875,7.777227972220024,-7.325421187012515,4.092680565232287,24.465601513331524,0.05739321471960793,1492525776896.0,44.16917,Consumer Defensive,0.016996530470319213,28.031490953016792,0.9859627387088795,0.2592380825299593,True
MEESHO.NS,MEESHO LIMITED,238.22000122070312,13.98086182808762,25.683238186614332,43.965673211645395,46.51203831299376,0.6983994166871695,1102606237696.0,,Consumer Cyclical,0.026587678106843118,27.72869780034792,0.9566662480754592,0.25910732059899716,True
LODHA.NS,LODHA DEVELOPERS LIMITED,1135.5999755859375,-7.070378429956015,2.1961746556242057,44.33405478368127,38.75639718013433,0.552471479804099,1134717829120.0,27.563107,Real Estate,0.024404210329709665,27.757405127249683,0.9594438007587848,0.2581641079369784,True
ZYDUSLIFE.NS,ZYDUS LIFESCIENCES LTD,1139.0,1.6964285714285765,-1.1254548105648299,27.869842757728502,27.131939731115995,0.5136592071035688,1154510880768.0,25.79452,Healthcare,0.023823476108360195,27.77469789035571,0.9611169471555784,0.25814684387016473,True
ICICIAMC.NS,ICICI PRUDENTIAL AMC LTD,3071.5,3.38618267067452,-2.4672917685954254,-5.157480540526038,25.002201144965436,-0.10565834789042276,1518115094528.0,43.62926,Financial Services,0.014556847976517283,28.048490611875632,0.9876075260567426,0.2578195174965736,True
PNB.NS,PUNJAB NATIONAL BANK,111.91999816894531,-4.341881906884348,10.866767263328914,5.095757741793294,20.80380705033578,0.2374340742696559,1279739166720.0,5.826792,Financial Services,0.019690417766964372,27.877677397095706,0.9710806406144651,0.25753797347883955,True
TECHM.NS,TECH MAHINDRA LIMITED,1504.5,-5.786212223771869,5.29814869715064,5.610132103666499,22.59726615425771,0.14325928605619628,1328885137408.0,26.473703,Technology,0.018281313932054254,27.915361464090847,0.9747267300521599,0.25739266796208066,True
ENRIN.NS,SIEMENS ENERGY INDIA LTD,3307.5,6.155921681610743,-1.5243978895468469,19.503561020029192,31.421154771404414,0.3349859531170644,1177868566528.0,79.14573,Utilities,0.021150051806968773,27.794727621528246,0.9630549065397782,0.25662626549017115,True
AUROPHARMA.NS,AUROBINDO PHARMA LTD,1692.800048828125,2.401553071713991,8.693978572717942,26.29066084716831,23.052107309279236,0.7042234530334439,973999767552.0,26.478962,Healthcare,0.02667482108965068,27.604676901936966,0.9446667128923824,0.2561727940403336,True
GAIL.NS,GAIL (INDIA) LTD,172.0800018310547,-0.7612411256586848,1.9733344184027724,13.375170377900636,20.49864809730683,0.3476979191582943,1131439718400.0,11.449102,Utilities,0.021340256430071754,27.754512024773135,0.9591638811210431,0.25579616260281457,True
LLOYDSME.NS,LLOYDS METALS N ENERGY L,1858.199951171875,1.930880481177999,7.671798504911043,25.03769438193535,30.30118894837639,0.5018470682481107,1045667905536.0,21.7894,Basic Materials,0.023646735279148137,27.675676941234297,0.9515362605288226,0.2556191165915667,True
CHOLAFIN.NS,CHOLAMANDALAM IN & FIN CO,1611.0,-12.398042414355626,-8.916427190008802,5.122483078205398,24.942959990169648,-0.10396901978310313,1381449859072.0,23.827835,Financial Services,0.014582124791677727,27.95415468609675,0.978480134827396,0.2555566273006073,True
VAML.NS,VEDANTA ALUMINIUM METAL L,401.04998779296875,-8.38378348532981,-9.557608376006621,-17.71912994293261,35.70633135626494,-0.3753845234679118,1547997675520.0,39.88934,Basic Materials,0.010521031219272269,28.067983389493534,0.9894935329623437,0.2552641566550401,True
BSE.NS,BSE LIMITED,3305.0,-3.0734954345531973,-11.376879683558439,1.728591297436921,38.897337209196856,-0.08132863507249063,1342256578560.0,48.079723,Financial Services,0.014920884809350958,27.925373327381426,0.975695419259727,0.255114518421945,True
INDHOTEL.NS,THE INDIAN HOTELS CO. LTD,736.0,2.2222222222222143,1.812142086529267,17.51356578986605,23.908831666537285,0.4075845319772588,1064701788160.0,48.838753,Consumer Cyclical,0.022236318501288814,27.69371586476307,0.9532816010345098,0.25499763913459406,True
CUMMINSIND.NS,CUMMINS INDIA LTD,4919.0,-2.3038728897715965,-9.797225091206851,1.0677710359883186,21.759913536398752,-0.13171268269960382,1363546734592.0,57.606277,Industrials,0.014167006238700642,27.94111031410708,0.9772180378531221,0.254929764142306,True
INDOMIM.NS,INDO-MIM LIMITED,1350.199951171875,38.980952256497694,82.02897892441861,82.02897892441861,52.28485514969542,1.4042187432522306,667648065536.0,111.95687,Industrials,0.037148601456754735,27.22702702365138,0.9081275242601841,0.25489333215761206,True
BAJAJHLDNG.NS,BAJAJ HOLDINGS & INVS LTD,10600.0,-4.484639084212683,3.1484588407296954,8.89182225865861,27.87841762475764,0.16118278393799473,1179711176704.0,13.318423,Financial Services,0.018549496851064374,27.796290758941918,0.9632061465536119,0.25471365927670125,True
BPCL.NS,BHARAT PETROLEUM CORP  LT,300.5,-4.814701178111869,-1.004772826757272,1.0593555849424785,20.630025675839605,-0.035612863633181224,1283911843840.0,7.4956346,Energy,0.015604913625056846,27.880932661394585,0.9713956009073278,0.2545525854456246,True
MANKIND.NS,MANKIND PHARMA LIMITED,2500.0,7.392933754710773,0.35324538377521364,21.7018819698543,30.515780531254826,0.4075105120728499,1032612741120.0,51.727703,Healthcare,0.022235210967806226,27.663113348189555,0.9503206809071794,0.2542565784526495,True
COFORGE.NS,COFORGE LIMITED,1849.699951171875,-6.239866920592052,28.225261255061753,46.57357043839427,34.24629680789219,0.8907938391655865,819488489472.0,37.880398,Technology,0.029466407368385635,27.431946189239095,0.927954301590958,0.25408838092402874,True
IMPEXFERRO.NS,IMPEX FERRO TECH LIMITED,6.369999885559082,34.95763069303941,192.20182066483127,310.9677471950822,13.293536061132885,16.559623030824998,569158592.0,,Basic Materials,0.2639135213079884,20.159669675574616,0.22433145249964206,0.2540180041059018,False
GROWW.NS,BILLIONBRAINS GARAGE VN L,193.19000244140625,-0.41752451473904273,0.7037146211876788,3.4983385037950843,28.00382067449174,0.0670186670973989,1196150751232.0,49.66324,Financial Services,0.017140552688107984,27.810129809695272,0.9645451319870588,0.25399169751284567,True
TATACAP.NS,TATA CAPITAL LIMITED,322.1000061035156,-14.118113161673273,-6.819384294436171,-1.0768392719935571,27.29966069497376,-0.19809248242634211,1349763334144.0,24.75638,Financial Services,0.013173788923005691,27.930950384969893,0.9762350226621238,0.2539390973577852,True
JSWINFRA.NS,JSW INFRASTRUCTURE LTD,363.04998779296875,9.024020358248874,15.529033506115741,41.856234354975605,33.919767431049976,0.8075418369493479,840519516160.0,51.20592,Industrials,0.028220737292431256,27.457286009229257,0.9304060340441227,0.2537670614803541,True
APARINDS.NS,APAR INDUSTRIES LTD.,18016.0,3.7744586042580908,34.48298535516021,67.90701814519396,43.32582087188026,1.0398717321983324,754371985408.0,61.39376,Industrials,0.03169700681817277,27.349151432646394,0.9199435662436268,0.2537586466745363,True
UNIONBANK.NS,UNION BANK OF INDIA,168.44000244140625,-10.030978878778118,9.100332344906947,-6.105838434170174,25.691346781770335,-0.09065368620264622,1274048675840.0,6.1700554,Financial Services,0.014781357388503972,27.873220879445192,0.9706494540884317,0.2537483815634859,True
POLYCAB.NS,POLYCAB INDIA LIMITED,8147.0,-1.8433734939759083,-11.771713233701542,7.606888236578291,30.605791260228386,-0.0031609883825828547,1219692068864.0,42.134567,Industrials,0.01609047948332025,27.82961954024515,0.9664308440762183,0.2536755706315448,True
JIOFIN.NS,JIO FIN SERVICES LTD,217.89999389648438,-9.018791692490868,-5.034876686535561,-8.553720413367094,20.172482268878344,-0.37630874820385546,1438824529920.0,67.67081,Financial Services,0.010507202373522333,27.994847597497305,0.9824173424134497,0.2534847373835042,True
WIPRO.NS,WIPRO LTD,161.83999633789062,-8.253967155541908,-5.2290824104803235,-19.313678951035975,22.207055543215457,-0.5798318288587578,1580872237056.0,12.691818,Technology,0.007461958960885096,28.08899785941481,0.9915267698958361,0.25347816169462284,True
CIPLA.NS,CIPLA LTD,1340.199951171875,-3.234660565207581,-6.397548158433242,10.48456988284261,14.99106878630474,0.17851218074031353,1082708131840.0,32.139088,Healthcare,0.018808790447090076,27.7104865479407,0.9549042340375975,0.25283265134471694,True
HFCL.NS,HFCL LIMITED,262.7799987792969,13.647364697402843,22.485547188359778,230.3924909044726,56.3512535103533,2.212397680259354,402122702848.0,68.43229,Technology,0.049241095223229295,26.720023109959598,0.8590727973693745,0.2516990207597656,False
ABCAPITAL.NS,ADITYA BIRLA CAPITAL LTD.,378.8999938964844,-6.421338698920087,-1.775763085810922,13.256615669333382,28.633028084541372,0.168033613307177,1037377011712.0,24.476744,Financial Services,0.01865200337239096,27.667716539097267,0.9507660586778554,0.25168051719875706,True
GVT&D.NS,GE VERNOVA T&D INDIA LTD,4245.10009765625,-1.4211668905316999,-4.725926487657938,8.802888707049416,41.87592459648351,0.06446264900580145,1086943133696.0,82.87974,Industrials,0.017102307899207518,27.714390407792983,0.9552819486344717,0.25164721808302354,True
HDFCLIFE.NS,HDFC LIFE INS CO LTD,543.9500122070312,-0.44839167232075816,-2.1144501964888263,-7.664294644502833,34.42459103291176,-0.1323519199160254,1181486153728.0,59.44809,Financial Services,0.014157441559765177,27.797794214274063,0.963351612079063,0.25145598418958964,True
APOLLOHOSP.NS,APOLLO HOSPITALS ENTER. L,7914.5,-8.502890173410405,-9.479478812008402,5.910758652341808,24.55881560153647,-0.06470354180881506,1137983619072.0,55.5014,Healthcare,0.015169640162221882,27.760279057041387,0.9597218653599214,0.25130769646164675,True
MCX.NS,MULTI COMMODITY EXCHANGE,3310.0,1.0563625416087907,21.01058749814795,24.858336969496932,33.89479410706463,0.5588945954979953,842441687040.0,69.13116,Financial Services,0.024500317123555864,27.459570282582856,0.9306270469445732,0.25103199957881017,True
GLAND.NS,GLAND PHARMA LIMITED,3006.10009765625,2.5133064304631247,21.356310338193495,73.16395789156293,26.08657970536071,1.667199526457183,496039133184.0,43.9039,Healthcare,0.0410834893089241,26.929920658109495,0.8793812538161292,0.2506579304357254,False
MARICO.NS,MARICO LIMITED,794.1500244140625,-2.5762128897800163,-5.0372947101351535,6.748073360865625,21.4150599977155,0.06292794367688413,1030800932864.0,54.54327,Consumer Defensive,0.017079344649642968,27.66135722071548,0.9501507683063103,0.2503472005638098,True
IDBI.NS,IDBI BANK LIMITED,87.01000213623047,-3.9942571189374942,8.046694964807966,20.679617167344368,45.40535919492764,0.26329415428122643,935566573568.0,10.035756,Financial Services,0.020077352939388563,27.564418143751208,0.9407715114266082,0.2502508925611935,True
LTM.NS,LTM LIMITED,3971.10009765625,-12.79973435098265,4.6678992529322505,-11.979037693276096,28.224736679360916,-0.25329185607351734,1177277169664.0,22.525953,Technology,0.012347860343112643,27.79422540472922,0.963006314986043,0.25001247400384524,True
RADICO.NS,RADICO KHAITAN LTD,4460.10009765625,-0.7543369457888249,9.62320449448315,64.5134756718925,29.87978147144706,1.1711207402035804,602870382592.0,85.653915,Consumer Defensive,0.033660839007411625,27.12496805632716,0.8982528967994358,0.24980885345541765,True
JINDALSTEL.NS,JINDAL STEEL LIMITED,1085.9000244140625,-6.789697475187772,6.49481574061106,-9.316057799552013,23.70620040946046,-0.17158058238786467,1104890429440.0,40.639973,Basic Materials,0.013570477046479837,27.730767287104776,0.9568664794837781,0.24939447765580441,True
HEROMOTOCO.NS,HERO MOTOCORP LIMITED,5075.0,-4.245283018867929,5.2495459077930295,-2.542588624348918,25.713000802915936,-0.021214448977385076,1015716577280.0,18.652603,Consumer Cyclical,0.015820351978495146,27.646615466799343,0.9487244426060174,0.2490463746353757,True
UNITDSPR.NS,UNITED SPIRITS LIMITED,1358.0,-7.725756264470807,-3.6059090763364,9.502912895821813,22.688963319958244,0.09363726504654149,957864738816.0,56.8,Consumer Defensive,0.01753883729444073,27.587972413734867,0.9430504845271259,0.24891674910261202,True
INDUSTOWER.NS,INDUS TOWERS LIMITED,389.1000061035156,3.2643361754313815,3.910328280097275,-7.915713385818124,28.30853543132083,-0.07530912289300386,1026135490560.0,14.347345,Communication Services,0.01501095262747206,27.656820911035357,0.9497118615711921,0.24868617986340208,True
BANKBARODA.NS,BANK OF BARODA,232.72999572753906,-2.6234327499836563,-3.2106472525199825,-12.39155059019501,17.33974659674757,-0.44312389327813684,1203531153408.0,6.6248217,Financial Services,0.009507471140351479,27.816280979508793,0.9651402831231991,0.24841567413606339,True
AEGISLOG.NS,AEGIS LOGISTICS LIMITED,1395.9000244140625,9.896085504193074,12.68171373918754,131.7269057587167,48.196133479932016,1.486575352155567,489960898560.0,39.155678,Energy,0.038380874081279714,26.917591426011885,0.8781883495860263,0.24833274295746638,False
DRREDDY.NS,DR. REDDY S LABORATORIES,1208.0,4.952215464813214,-9.884305853332664,0.3103193185179265,20.099348610031733,-0.09053472522882848,1006250229760.0,30.397583,Healthcare,0.014783137359211539,27.637251894013072,0.9478184781876995,0.24804197256633354,True
MOTILALOFS.NS,MOTILAL OSWAL FIN LTD,1081.1500244140625,4.257475835493008,18.859944308773493,42.04164615856614,33.16843324653309,0.8300151331706719,651908808704.0,32.811836,Financial Services,0.028556997224513724,27.203170525141804,0.9058193092990078,0.24787257524313724,True
INDIANB.NS,INDIAN BANK,813.0,-7.582131554106864,5.256340536334969,-11.841682121175035,18.92400904834863,-0.3096788421114243,1095081721856.0,8.5660095,Financial Services,0.011504161941742815,27.72185010824507,0.9560037055252615,0.2476290478376225,True
DIXON.NS,DIXON TECHNO (INDIA) LTD,13015.0,-8.532191687793189,0.7036902481383223,22.582618241386587,26.255185625749395,0.37310640255370286,791336648704.0,38.05222,Technology,0.021720434523072266,27.396989313041075,0.9245720791493929,0.24743334567965242,True
TATAPOWER.NS,TATA POWER CO LTD,351.6499938964844,-4.442936441172729,-5.495837643534518,-10.354951189835282,22.911386734116704,-0.3367240169879331,1091368189952.0,28.274006,Utilities,0.011099494616684188,27.71845324517978,0.9556750449657404,0.24724338220394823,True
CPPLUS.NS,ADITYA INFOTECH LIMITED,3976.0,7.3260242722407165,11.905839572295406,108.94027289884636,42.733820868419464,1.3925057943541745,487564738560.0,97.30788,Industrials,0.03697334477156902,26.91268891561577,0.8777140114161104,0.24715851143270437,False
MANIPALHOS.NS,MANIPAL HEALTH ENTERPRI L,690.5,-4.784888530465858,3.5309974303828984,3.5309974303828984,39.0438651400084,0.04783901981700438,908267945984.0,142.66528,Healthcare,0.01685357445276787,27.534805266712965,0.9379063430199492,0.24711676659456322,True
BRITANNIA.NS,BRITANNIA INDUSTRIES LTD,4883.7998046875,-4.267376169999015,-6.591355918464014,-9.312576881721357,14.656792374859858,-0.5108328110542973,1176352456704.0,45.17436,Consumer Defensive,0.008494366704377119,27.79343962858397,0.9629302878920472,0.24710334700129463,True
PERSISTENT.NS,PERSISTENT SYSTEMS LTD,5521.0,-2.1619705830232094,16.158418726199073,1.262552468285283,31.327512717548,0.16108548995688085,856536645632.0,44.95695,Technology,0.018548041075856357,27.476162939122815,0.9322324551337011,0.24696914459031755,True
BHARATFORG.NS,BHARAT FORGE LTD,1880.0,-3.885480572597133,-10.49750059509641,8.411168638969958,28.912761450459318,0.009657950760097154,918700818432.0,127.285034,Industrials,0.016282284706863596,27.546226355083345,0.9390113805860801,0.24696455867666772,True
GMRAIRPORT.NS,GMR AIRPORTS LIMITED,93.05999755859375,-4.504873809262467,-16.169718252602717,-1.555063196536366,32.4795008190832,-0.20103208704070125,992110379008.0,244.89473,Industrials,0.013129804665501189,27.623100207203628,0.9464492439219782,0.24645966447962042,True
HDFCAMC.NS,HDFC AMC LIMITED,2352.39990234375,-4.30786089496511,-11.537306500510514,-4.419405793978903,25.831738395021826,-0.25288530434876383,1009352245248.0,34.321564,Financial Services,0.012353943431859719,27.640329899696763,0.948116287975956,0.2462945295678838,True
SONACOMS.NS,SONA BLW PRECISION FRGS L,820.0,3.9290240811153287,23.85771695783554,57.22844789501001,30.70478097196439,1.1906075436026569,513941831680.0,71.47569,Consumer Cyclical,0.03395241311042463,26.965375928061803,0.8828116979160296,0.24616723431182588,True
FEDERALBNK.NS,FEDERAL BANK LTD,320.0,-6.705539358600587,-1.6710305873297693,13.340367096730743,22.47393910105625,0.21481621350502847,790488940544.0,17.121454,Financial Services,0.019351994767077607,27.395917503042664,0.9244683770963494,0.24563109034939556,True
IDFCFIRSTB.NS,IDFC FIRST BANK LIMITED,81.55999755859375,-5.939339845756186,5.113849889667277,25.305749943912524,28.434822675287514,0.45715642814771346,703277629440.0,31.490347,Financial Services,0.022978045138775115,27.27901757176502,0.9131578249536192,0.24552299009248613,True
RBLBANK.NS,RBL BANK LIMITED,414.5,0.03619980554481206,15.501151794029,30.806776243603927,30.56359565862922,0.65636824425137,639928041472.0,30.157278,Financial Services,0.025958780634508915,27.18462157178038,0.9040246212962477,0.24547524079994362,True
IPCALAB.NS,IPCA LABORATORIES LTD,1945.5,-1.0074822335618183,10.772489979239118,34.64751830505115,17.017196627840647,1.1960847690441028,493581565952.0,37.68158,Healthcare,0.03403436688510915,26.92495396271581,0.8789007054820682,0.24525095153434892,False
JSWENERGY.NS,JSW ENERGY LIMITED,494.8999938964844,-8.326383944107008,-7.831272437765346,1.5196125136768046,26.602631780360063,-0.12235076176159433,906841358336.0,44.62579,Utilities,0.01430708532935889,27.53323336364537,0.9377542548928216,0.24516887772022455,True
ATHERENERG.NS,ATHER ENERGY LIMITED,1446.0,-8.712121212121215,20.500000000000007,76.28771715940262,49.480639606530765,0.8599612833379967,573654368256.0,,Consumer Cyclical,0.029005070810258632,27.0752929060096,0.8934466204250701,0.2451154582139615,True
CANBK.NS,CANARA BANK,117.81999969482422,-6.119522155518553,-2.748660164352834,-11.749242380516712,15.648865034393813,-0.5063066013252587,1068704137216.0,5.3823667,Financial Services,0.008562090769467018,27.697467943731116,0.9536446302026872,0.24483272562777206,True
TMPV.NS,TATA MOTORS PASS VEH LTD,285.79998779296875,-8.25040520289928,-13.92862571910004,-13.527145694078268,26.154701562530107,-0.4814523145202894,1040445276160.0,,Consumer Cyclical,0.008933976616148783,27.670669887606515,0.9510518073685896,0.244463434304259,True
ASHOKLEY.NS,ASHOK LEYLAND LTD,153.6999969482422,-9.05325624364368,-1.6131124393609197,-8.250993875616675,26.330469895024162,-0.2438270924786939,902811418624.0,25.962837,Industrials,0.012489478231838378,27.52877952982155,0.937323328038128,0.24369794068341077,True
AUBANK.NS,AU SMALL FINANCE BANK LTD,1028.0,-3.4741784037558676,-0.9435642304254976,6.853405411646696,28.250382785395455,0.08668193186832829,770399535104.0,27.145498,Financial Services,0.017434767119817313,27.37017509398388,0.9219776924846765,0.24357049846103213,True
SAIL.NS,STEEL AUTHORITY OF INDIA,178.10000610351562,-8.317042771982596,11.364066366406345,10.457330039286683,37.87006986331283,0.18416856372745122,730194247680.0,16.981749,Basic Materials,0.018893424892360396,27.316576428406158,0.9167917997713799,0.24336801861211527,True
MUTHOOTFIN.NS,MUTHOOT FINANCE LIMITED,2686.0,-7.817971206354457,-12.885546088163801,-22.05595310940386,24.977177127177402,-0.6588908961956365,1078344351744.0,9.414321,Financial Services,0.006279026277072685,27.706447973162646,0.9545134852141358,0.24333764101133848,True
FLUOROCHEM.NS,GUJARAT FLUOROCHEM LTD,4577.2001953125,0.5760040856527926,18.98559013722918,38.39228631909395,27.23761624548548,0.9181060776958772,502805430272.0,82.190704,Basic Materials,0.02987507067183559,26.943469113669817,0.8806921229620188,0.2425793337443814,True
KALYANKJIL.NS,KALYAN JEWELLERS IND LTD,548.1500244140625,-8.085062222190842,47.10320978352338,23.37741463657894,36.638854858473955,0.6605735332541398,566102458368.0,39.52055,Consumer Cyclical,0.026021702877002065,27.062040920620472,0.8921644359951884,0.24255738615654865,True
MAXHEALTH.NS,MAX HEALTHCARE INS LTD,902.5,-8.357025671518425,-16.804944747657224,-5.324479955846229,30.202882082153344,-0.3104050967954894,878412496896.0,60.529846,Healthcare,0.01149329525141251,27.50138213448686,0.9346725166550828,0.24228810060233008,True
PFC.NS,POWER FIN CORP LTD.,322.0,-9.448820451857532,-20.481453917879865,-21.338233868863455,24.4149817961166,-0.7660590270182405,1081938345984.0,4.1536803,Financial Services,0.004675507681628707,27.709775313199753,0.9548354191329582,0.2422154855444611,True
HINDPETRO.NS,HINDUSTAN PETROLEUM CORP,351.0,-1.5427769985974726,-4.59271204282291,3.095841859989834,22.168637384116995,-0.006245222932122935,746865688576.0,44.713375,Energy,0.016044331179576064,27.339151204811333,0.9189760028145346,0.24177724908831572,True
SBIFUNDS.NS,SBI FUNDS MANAGEMENT LTD,502.8500061035156,-10.540824062598341,-17.5317743167666,-17.5317743167666,24.055264117541594,-0.670688302835857,1011895959552.0,32.491825,Financial Services,0.006102505880753354,27.642846874743032,0.9483598157282108,0.2416668333426177,True
REDINGTON.NS,REDINGTON LIMITED,405.70001220703125,9.264752368708251,51.042443405857085,90.0137422156448,34.163607811551984,1.819847451254211,315289600000.0,18.854605,Technology,0.043367505873262095,26.476757418497353,0.8355358349627315,0.24140958814562946,False
ICICIGI.NS,ICICI LOMBARD GIC LIMITED,1598.300048828125,5.847685352855958,-11.412255177704257,-9.285950639509233,31.157909867688204,-0.22135999595485964,798534336512.0,33.015907,Financial Services,0.012825645400054065,27.40604380494558,0.9254481387132654,0.2409812687283569,True
INDUSINDBK.NS,INDUSIND BANK LIMITED,906.0999755859375,-10.153696025192115,-8.902633756057954,11.419508517183186,26.093069537454987,0.03863956769248246,705983021056.0,53.615383,Financial Services,0.016715926325135733,27.282857024656124,0.9135293079104504,0.2409192717214644,True
PHOENIXLTD.NS,THE PHOENIX MILLS LTD,1883.5,-2.8839008193760507,-6.749333571209792,10.298532994523612,21.887668669303604,0.1163982469033016,672541704192.0,53.815117,Real Estate,0.01787940176428571,27.234329960169525,0.9088341135915955,0.24061807972111315,True
SHREEJISPG.NS,SHREEJI SHIPPING GLOBAL L,796.5,17.10651641689949,58.95030738344504,128.8793103448276,23.518339456730875,3.637418824767698,131198066688.0,79.10609,Industrials,0.07056317937810218,25.599973977745694,0.7507034084923438,0.24059823665666258,False
TATACONSUM.NS,TATA CONSUMER PRODUCT LTD,953.75,-5.569306930693074,-15.222222222222225,-9.984058217633384,15.742779968678633,-0.6779334515363769,959999311872.0,58.716705,Consumer Defensive,0.005994099299628307,27.59019840460908,0.943265858356493,0.2403120390638445,True
GLENMARK.NS,GLENMARK PHARMACEUTICALS,2311.0,-5.17807129904112,4.029300969830274,6.647895029654793,26.91777661831264,0.12991873717605568,652221218816.0,36.285133,Healthcare,0.018081704047674122,27.203649633990434,0.9058656650629099,0.24002769430148307,True
AJANTPHARM.NS,AJANTA PHARMA LIMITED,3573.39990234375,3.1343757788376836,9.983392759766252,31.084533343626664,20.278590568261805,0.9450439659529243,446528552960.0,39.35896,Healthcare,0.030278132705395446,26.82476918361925,0.869207413488694,0.24001045290122008,False
LALPATHLAB.NS,DR. LAL PATH LABS LTD.,1964.199951171875,4.617840275466056,19.10679118649512,41.49856665517318,17.170646851606843,1.5960312371381473,327977730048.0,60.642174,Healthcare,0.04001862352790275,26.516211546833432,0.83935318516058,0.23985226393607206,False
MAHABANK.NS,BANK OF MAHARASHTRA,80.80000305175781,-5.991848841583581,0.2481446419641431,17.138406048369028,35.78085632075567,0.20807989002572094,621477625856.0,8.25332,Financial Services,0.019251201556623323,27.155365747019065,0.9011939991750463,0.23973690096122907,True
IRFC.NS,INDIAN RAILWAY FIN CORP L,77.0999984741211,-7.553960355507828,-11.885716029575889,-21.717940759055445,19.05565216823494,-0.836259872817664,1007581790208.0,14.018182,Financial Services,0.003625117413633776,27.638574308821106,0.9479464272932046,0.23970544488352646,True
LUPIN.NS,LUPIN LIMITED,2029.300048828125,-3.8246422356338905,-16.876212553352342,-10.940090589815254,16.17676746332685,-0.6983989559690585,927978618880.0,16.80858,Healthcare,0.0056878812414140785,27.556274529468265,0.9399835830422985,0.23926180669163516,True
APLAPOLLO.NS,APL APOLLO TUBES LTD,2152.0,-3.9871102583982743,19.379428475850947,5.880997703423141,32.77392230200454,0.24278160145811273,597520875520.0,48.610798,Basic Materials,0.01977043091285498,27.116055058252215,0.8973905273491468,0.23917545502192794,True
AMBUJACEM.NS,AMBUJA CEMENTS LTD,361.54998779296875,-10.728398075810187,-14.141538220711436,-16.29083660975369,22.623596145185633,-0.6424071262738966,898385641472.0,20.47282,Basic Materials,0.0065256670590816855,27.523865257911,0.9368478518930157,0.23910621326756518,True
SRF.NS,SRF LTD,2460.0,-3.4157832744405203,-12.307906801390311,1.2144842095958452,19.251791076354774,-0.1957369356111381,727083974656.0,33.63499,Industrials,0.013209034131554404,27.31230781627839,0.9163787938823215,0.23900147406924616,True
RECLTD.NS,REC LIMITED,300.0,-5.867590677995804,-12.601186904047479,-12.109746945379186,26.807001024467347,-0.410666887692674,798261837824.0,4.916477,Financial Services,0.00999311376198934,27.405702498152607,0.9254151158685435,0.2388486142886279,True
YESBANK.NS,YES BANK LIMITED,20.860000610351562,-7.288886176215281,-10.930826035878837,10.195458394409474,32.78333035792622,0.011002669565565282,651009261568.0,17.42857,Financial Services,0.016302405255702698,27.201789705734274,0.9056857093067934,0.23864823126847537,True
MAZDOCK.NS,MAZAGON DOCK SHIPBUIL LTD,2101.0,-15.111111111111109,-14.114621808550876,-13.578609638986638,24.687607078826293,-0.5689459305984561,847501393920.0,29.6542,Industrials,0.007624840781763354,27.465558320944208,0.9312064144375949,0.23852023419572124,True
BAJAJHFL.NS,BAJAJ HOUSING FINANCE LTD,82.36000061035156,-0.8666360193001266,-4.221418006276522,-1.8238154612332358,17.415899762606063,-0.13502950569765307,685948600320.0,25.498451,Financial Services,0.014117377796790311,27.254068535219382,0.9107439024159736,0.23827400895158612,True
JSL.NS,JINDAL STAINLESS LIMITED,750.9500122070312,1.7754336321134767,8.386499272435177,-0.39636427399545315,32.602303262253216,0.08198360556225351,618745102336.0,19.07417,Basic Materials,0.01736446773564941,27.150959235383034,0.9007676509378647,0.23821526353620323,True
VEDL.NS,VEDANTA LIMITED,265.6000061035156,-2.388827583314057,-2.4605148695589163,-63.96200731295581,33.180724647399686,-1.0004882046965629,1019348451328.0,10.98233,Basic Materials,0.0011678273401279427,27.650184765915338,0.9490697870670726,0.2381433172718641,True
GODREJCP.NS,GODREJ CONSUMER PRODUCTS,872.5,-0.6264236902050135,-18.403971303850085,-17.084548930187758,19.752005538902704,-0.718344806335033,892970663936.0,46.63282,Consumer Defensive,0.005389438582031266,27.517819566148923,0.9362629061948743,0.23810780548524202,True
SHREECEM.NS,SHREE CEMENT LIMITED,21990.0,-7.818067491092018,-17.45728484431709,-9.494424631540955,24.269345468153336,-0.4758270585402349,793415647232.0,48.674133,Basic Materials,0.009018145319091647,27.39961306657782,0.9248259381625051,0.23797009352994503,True
DIACABS.NS,DIAMOND POWER INFRA LTD,368.29998779296875,11.000603177470492,59.20978034744764,177.2925519375513,47.59583388385858,2.2819083487694787,220269559808.0,98.739944,Industrials,0.050281158614110213,26.1181179051249,0.8008359778104777,0.2379198634132021,False
ATGL.NS,ADANI TOTAL GAS LIMITED,588.4500122070312,-3.9029908274328173,-15.773278230320365,7.047730523692164,41.29654395805713,-0.0481569686487149,647183204352.0,102.339134,Utilities,0.015417220646731915,27.195895251107043,0.9051153964273451,0.2378417645918852,True
ANTHEM.NS,ANTHEM BIOSCIENCES LTD,890.3499755859375,-4.678551766837269,18.959177107963598,23.93909577227109,33.466713501938024,0.49964842420780853,500121927680.0,87.719215,Healthcare,0.023613837750971384,26.938117761002715,0.8801743574448464,0.23775396767444013,True
UNOMINDA.NS,UNO MINDA LIMITED,1101.0,-11.898852283096861,-2.497339035713675,1.1471782801061758,35.52886433301056,-0.07192414041881454,642316763136.0,53.450268,Consumer Cyclical,0.015061600915362789,27.18834741947928,0.9043851124805768,0.2373924788066663,True
PRESTIGE.NS,PRESTIGE ESTATE LTD,1445.0,-8.947700063011975,-13.534985985474968,9.54111410008338,33.860051916536435,-0.03188059961727712,623955804160.0,54.767483,Real Estate,0.01566075816304282,27.159345376142447,0.9015790447624713,0.23714032981289995,True
ALKEM.NS,ALKEM LABORATORIES LTD.,5292.0,1.965317919075149,-5.432195953135688,-1.2853290614724289,21.11691424587072,-0.08899310339058536,632737955840.0,29.328308,Healthcare,0.01480620409804323,27.173322201565433,0.902931360465387,0.23683749318987918,True
BIOCON.NS,BIOCON LIMITED.,369.1000061035156,-7.121285412082923,-7.039411295493325,6.8965590386099285,20.06531534026373,-0.004375757383640905,604495020032.0,109.20118,Healthcare,0.016072303327149443,27.127659268808515,0.8985132827446186,0.23668254818151674,True
GLAXO.NS,GLAXOSMITHKLINE PHARMA LT,2755.0,-6.865896722601428,14.277415969822481,19.724111531358403,23.19082942598766,0.5507393020295556,466713608192.0,43.69548,Healthcare,0.024378292370230713,26.868981647807917,0.8734851523727044,0.23665500737084913,False
BHARTIHEXA.NS,BHARTI HEXACOM LIMITED,1386.800048828125,-7.262269213115058,-7.753257678116721,-8.398125496886843,25.329037690301615,-0.3149544799817265,693400043520.0,38.025776,Communication Services,0.011425224450131046,27.26487293296197,0.9117892726116849,0.2365162364905195,True
LTF.NS,L&T FINANCE LIMITED,264.3999938964844,-15.796180287743834,-15.876549740547174,-1.8582553684317382,38.37029290463395,-0.2306818112047599,662692626432.0,20.868193,Financial Services,0.01268616639653154,27.2195771094252,0.907406714227251,0.2363663033542114,True
DABUR.NS,DABUR INDIA LTD,388.8999938964844,2.100288823363461,-9.75941438075264,-8.25680312757553,19.462910024064943,-0.3409648456882655,689891835904.0,35.036034,Consumer Defensive,0.011036040606346617,27.25980066269168,0.9112985094713895,0.23610165782260734,True
RRKABEL.NS,R R KABEL LIMITED,2789.699951171875,13.67506785220922,27.470868228095725,101.75531510575829,45.28163665508318,1.3659826843613037,311356850176.0,48.653233,Industrials,0.036576488917537425,26.46420551955488,0.834321386793879,0.23601271338662283,False
BERGEPAINT.NS,BERGER PAINTS (I) LTD,472.54998779296875,-2.6272409480132097,-4.4132218191560435,9.452355041270156,22.347205594183194,0.12873031364179563,550994640896.0,45.263412,Basic Materials,0.018063922089345447,27.034990919912282,0.8895472364799532,0.23593475068699737,True
ABBOTINDIA.NS,ABBOTT INDIA LIMITED,26115.0,0.19182812200269073,1.8330959542020464,3.6698816170972037,22.188053143951247,0.10921351248706315,554925490176.0,34.368176,Healthcare,0.017771899140592153,27.042099689746916,0.8902350393811741,0.23588768420073764,True
ICICIPRULI.NS,ICICI PRU LIFE INS CO LTD,459.5,-7.087248742920115,-4.280801648896482,-14.919341486863292,32.61428196846212,-0.31156169546209994,666634354688.0,39.61207,Financial Services,0.011475989477250547,27.225507538679274,0.9079805078007279,0.2356021190581199,True
WELSPUNLIV.NS,WELSPUN LIVING LIMITED,237.86000061035156,14.076066796190624,46.076801024948246,95.37262553609244,31.76537029642538,2.0249902907627177,224628785152.0,79.53333,Consumer Cyclical,0.046436985161079324,26.137715032895358,0.8027320810251926,0.23551075912710762,False
AIIL.NS,AUTHUM INVEST & INFRA LTD,550.1500244140625,5.818426347275585,9.78846891101699,27.86752455875945,40.61567783101719,0.44401544390633846,467201425408.0,22.219307,Financial Services,0.02278142126905062,26.87002631941682,0.8735862286742504,0.23548262312035056,False
SWIGGY.NS,SWIGGY LIMITED,244.1999969482422,-11.55378792107432,-6.583530267691029,-10.18756806548069,31.591161849837246,-0.2969058479567739,653297451008.0,,Consumer Cyclical,0.011695279706784202,27.2052983770696,0.90602518777916,0.23527775672487813,True
SYRMA.NS,SYRMA SGS TECHNOLOGY LTD,1685.0999755859375,15.631642017784596,23.468291547235975,99.05871936603864,53.16907765809038,1.1227611645533353,335379333120.0,91.34837,Technology,0.032937251890348726,26.538528065835347,0.8415124007311683,0.2350810391005536,False
SCHAEFFLER.NS,SCHAEFFLER INDIA LIMITED,3845.0,-2.8156886334406495,-6.456790303844128,-0.2075735088325037,22.266597916562578,-0.11694474305855988,594250891264.0,47.40524,Consumer Cyclical,0.014387973662962308,27.110567443000484,0.8968595778629873,0.23500587471296855,True
E2E.NS,E2E NETWORKS LIMITED,688.9000244140625,14.52082759432396,81.86379266479211,184.2465847000986,40.73064618902434,2.936034825237823,141539950592.0,471.84933,Technology,0.06006862024788168,25.675847850526587,0.7580445196887307,0.2345625951080939,False
ASTERDM.NS,ASTER DM QUALITY CARE LTD,684.7000122070312,-12.860322977151606,-12.172904867984457,2.484663557506517,27.32511009885654,-0.182308662576937,596834123776.0,108.16746,Healthcare,0.013409956601226692,27.11490506211189,0.8972792604632992,0.2343772825667448,True
SHILPAMED.NS,SHILPA MEDICARE LTD,1073.699951171875,11.362332000602148,80.46093733410218,156.4138817255897,49.84231197035078,2.098973428906747,206671298560.0,71.68928,Healthcare,0.047543968523135215,26.05439543845822,0.794670565444365,0.23432561775344266,False
BANKINDIA.NS,BANK OF INDIA,132.16000366210938,-8.855169888200432,-2.1906391074917986,-5.414693463462362,24.60926992143326,-0.20868446962489262,601680576512.0,5.10862,Financial Services,0.013015304788727986,27.122992537636218,0.898061757190382,0.23427691788914148,True
SAILIFE.NS,SAI LIFE SCIENCES LIMITED,1511.300048828125,-4.607713043624317,25.04551376442288,55.23599895001099,33.00298926877041,1.0365761330275245,333857685504.0,92.8352,Healthcare,0.03164769594083491,26.533980647818023,0.841072419218454,0.23400387676023968,False
ACMESOLAR.NS,ACME SOLAR HOLDINGS LTD,448.20001220703125,7.224883303117524,22.71047562136379,64.11570933365186,36.3004742143401,1.110618384065671,316559851520.0,46.253872,Utilities,0.032755563788084495,26.480778164984425,0.8359248588252581,0.2335478875473779,False
HAVELLS.NS,HAVELLS INDIA LIMITED,1057.0,-8.405545927209701,-12.48551438414327,-15.491744800790919,26.973101895441975,-0.4883619226166192,663332651008.0,40.638214,Industrials,0.008830590609649936,27.220542437366664,0.9075001137006079,0.23349797138238942,True
HSCL.NS,HIMADRI SPECIALITY CHEM L,668.5499877929688,-0.37255048736716256,4.322386402793388,44.0311801504977,25.995485945060402,0.8939165802413132,337333059584.0,41.994347,Basic Materials,0.02951313183157491,26.544336586618467,0.8420743991555607,0.23265344866257137,False
IOB.NS,INDIAN OVERSEAS BANK,31.459999084472656,-6.229508793190075,-6.00538411390068,-7.633594198434812,18.071417987029673,-0.37984368999557633,605812293632.0,10.281046,Financial Services,0.01045431029774078,27.129836028554177,0.898723893258555,0.2325217060379443,True
TATACOMM.NS,TATA COMMUNICATIONS LTD,1677.199951171875,-4.4929118792189975,-12.045732356250195,15.242488105121478,24.5433889517429,0.12667125863620537,474724564992.0,50.247433,Communication Services,0.018033113182208946,26.88600060962275,0.8751318073614455,0.23230778672701807,False
PETRONET.NS,PETRONET LNG LIMITED,290.0,0.6594910990045832,3.7195971636116543,8.481758591008415,22.604529327537914,0.24281225167821854,447825018880.0,10.6397,Energy,0.019770889521188606,26.827668410209135,0.8694879256597458,0.23220014855582788,False
M&MFIN.NS,M&M FIN. SERVICES LTD,327.75,-12.284221770708893,1.0474973608395555,13.179327336354273,23.24796352124206,0.19128851944526556,455449313280.0,14.006411,Financial Services,0.018999958255447147,26.844550270354777,0.8711213154945957,0.2320302975652343,False
ANANDRATHI.NS,ANAND RATHI WEALTH LTD,2142.0,-3.3349837808822613,3.9906762415429897,20.78691002656694,15.149032341374106,0.7210797945829717,355660398592.0,76.93965,Financial Services,0.026927036528310935,26.597242175974902,0.8471932338761442,0.23199358586526925,False
PIRAMALFIN.NS,PIRAMAL FINANCE LIMITED,2002.5999755859375,-9.995506715238767,-7.274157481954536,15.89133328058685,31.650278641336488,0.11893475236657257,468277854208.0,26.69988,Financial Services,0.017917354592673962,26.872327662265416,0.8738088931189841,0.2318902392242515,False
PTCIL.NS,PTC INDUSTRIES LIMITED,22530.0,-5.4553084347461205,29.415819403756682,42.54080728837151,43.52631675861619,0.6663575036349869,361095528448.0,287.68515,Industrials,0.026108246367030255,26.612408382015516,0.8486606270760798,0.23174634154429263,False
TORNTPOWER.NS,TORRENT POWER LTD,1234.9000244140625,-4.941879176228814,-11.855815530759283,-14.303103175621057,21.61561144676766,-0.5411214996415031,618793533440.0,26.61465,Utilities,0.008041167838180674,27.151037505430732,0.900775223888901,0.23122468185086076,True
AEQUS.NS,AEQUS LIMITED,286.1000061035156,18.135277378809867,11.696724346720844,128.91662539521244,35.20742895080145,2.033502235434354,187353776128.0,,Industrials,0.04656434635940938,25.95626451746204,0.7851759927221166,0.23121725795008619,False
WAAREEENER.NS,WAAREE ENERGIES LIMITED,2398.0,-8.922815807296558,-14.997213366149841,-25.753064699973372,24.73249935887125,-0.7746996873425043,684063653888.0,17.56222,Technology,0.004546220556804191,27.25131681148026,0.9104776617561755,0.23102908085664703,True
SANSERA.NS,SANSERA ENGINEERING LTD,4291.2998046875,13.562800799383702,36.304189463304446,91.07808364504486,47.82710643301432,1.2365970519874163,266935779328.0,82.384895,Consumer Cyclical,0.03464053775460974,26.31027393955776,0.8194278693816643,0.2308373706613734,False
AEGISVOPAK.NS,AEGIS VOPAK TERMINALS LTD,293.3500061035156,3.110722707738356,6.128882567215643,56.71742739005256,37.99912865550322,0.8110586767747938,325029330944.0,129.22908,Energy,0.028273358514934756,26.507181264265487,0.8384794679502101,0.2308248858737536,False
WOCKPHARMA.NS,WOCKHARDT LIMITED,2063.5,-1.2064897668875973,11.09615445660146,52.874494395780914,49.182052119722094,0.6003164631890902,351698059264.0,85.92298,Healthcare,0.025120097785874564,26.586038858256444,0.8461092665218329,0.23036738996986417,False
SBICARD.NS,SBI CARDS & PAY SER LTD,569.4000244140625,-13.49790741905621,-2.683293766360628,-14.875167643648869,31.486403316350053,-0.3475199540975954,539248984064.0,23.57113,Financial Services,0.010937958852481645,27.013443238236157,0.8874624091024765,0.23006907141498037,True
FORTIS.NS,FORTIS HEALTHCARE LTD,764.0,-15.580110497237564,-18.96047744097603,-10.027586781920672,28.01207596811317,-0.4932857792452331,576788037632.0,55.04323,Healthcare,0.008756916695542466,27.080740683508264,0.8939737154437513,0.23006111638259466,True
RUBICON.NS,RUBICON RESEARCH LIMITED,1596.800048828125,-9.698580289790481,15.29708664989462,86.68110719811209,37.71804732726062,1.2193092377188863,259438166016.0,90.96344,Healthcare,0.03438186634323599,26.281784229914166,0.8166713720686779,0.22995424277459647,False
KPRMILL.NS,KPR MILL LTD.,1100.4000244140625,-7.241003192987982,-0.3867957053885984,28.271916951814923,30.529086719065468,0.41179479887390247,376911822848.0,41.228924,Consumer Cyclical,0.022299315226236138,26.65527710539029,0.8528083534752603,0.22992657478849218,False
EMCURE.NS,EMCURE PHARMACEUTICALS L,1922.4000244140625,-0.2697629818289582,6.457668506701508,20.016115140107836,24.962933086535273,0.47636251253008033,364699746304.0,36.03374,Healthcare,0.023265418943061864,26.62234023913426,0.8496215753554154,0.22985445804615023,False
360ONE.NS,360 ONE WAM LIMITED,1069.5,-5.936675461741425,-2.0335213121558393,7.77561753889815,24.61606225276726,0.08492086434881026,436264239104.0,35.56701,Financial Services,0.017408416893367494,26.801513949712618,0.8669573733661927,0.2297956560115738,False
EXIDEIND.NS,EXIDE INDUSTRIES LTD,405.75,-4.383175641802239,-3.702386585389794,30.98615443453547,23.26845361964185,0.5804307554546377,344887492608.0,37.020985,Consumer Cyclical,0.024822555019279696,26.56648409241316,0.8442172619988871,0.22967123176418155,False
COLPAL.NS,COLGATE PALMOLIVE LTD.,1809.4000244140625,-1.0824364359471872,-10.430174432864925,-3.984369433270496,26.505978865437303,-0.20137812531205765,492130795520.0,36.51665,Consumer Defensive,0.013124627018017778,26.922010362663194,0.8786158999948571,0.22949744526222762,False
GICRE.NS,GENERAL INS CORP OF INDIA,314.25,-12.33087200496522,-8.355203968050617,-16.10514036623115,28.626450265509927,-0.4550094633899511,551320223744.0,6.2104745,Financial Services,0.009329631585388116,27.035581645607653,0.8896043916357049,0.22939832159796733,True
PWL.NS,PHYSICSWALLAH LIMITED,131.86000061035156,4.303118588988064,-10.079104501374015,30.18066879110666,54.090422477970755,0.238992896902674,398032535552.0,1715.1251,Consumer Defensive,0.019713741875165728,26.709799586510297,0.8580836291654932,0.2293062136977476,False
HINDCOPPER.NS,HINDUSTAN COPPER LTD,485.5,-6.57682681477636,0.01888612121569988,-6.693087722150526,35.12122316471119,-0.13257634467047008,469490139136.0,41.354343,Basic Materials,0.014154083572047489,26.874913132471075,0.8740590480613778,0.22913032469438008,False
FACT.NS,FACT LTD,759.0,-5.290744088142862,-10.278386542035033,-11.841571608284674,42.70990797321062,-0.23559991256495788,491127635968.0,,Basic Materials,0.012612578596456814,26.919969882016538,0.8784184750477421,0.22906405270927813,False
SUPREMEIND.NS,SUPREME INDUSTRIES LTD,3398.89990234375,-2.189930867805756,6.836613021826232,-9.63502905792729,33.93038419085987,-0.09444387006810588,459019419648.0,44.444447,Industrials,0.014724646216425432,26.85235835471546,0.8718767799703325,0.2290126796549022,False
HDBFS.NS,HDB FINANCIAL SERVICES L,616.75,-9.66017445844598,-15.153393962650075,-0.09509167577080868,19.350449342307236,-0.3372324230096827,510949359616.0,18.593609,Financial Services,0.011091887518345776,26.959536321685516,0.8822466918318502,0.2288805885967219,True
MPHASIS.NS,MPHASIS LIMITED,2298.0,-5.119735755573906,2.5023462286430043,-1.0770782797393519,28.073870392795847,-0.02891594251182961,438497607680.0,22.989197,Technology,0.015705117272054144,26.806620193056194,0.8674514235419265,0.22864169383952224,False
POONAWALLA.NS,POONAWALLA FINCORP LTD,460.45001220703125,-1.7077595883302932,0.5459111111170367,14.611079578601437,40.5456931972912,0.17579576627561944,398005731328.0,47.039337,Financial Services,0.018768145704351393,26.709732242451285,0.8580771133490797,0.22859538761553347,False
PAGEIND.NS,PAGE INDUSTRIES LTD,37465.0,3.209366391184565,-9.832825246101962,7.062835832758085,23.768739420325875,0.051472802116197404,420054892544.0,55.572773,Consumer Cyclical,0.016907945443880856,26.76365123621949,0.8632939991404872,0.22850445886803245,False
KIRLOSENG.NS,KIRLOSKAR OIL ENG LTD,2266.10009765625,2.915672744440556,-0.26828438854336056,55.76454245074161,51.88530882201241,0.5470704733496063,329867624448.0,60.461582,Industrials,0.024323396992597085,26.52195727289622,0.8399091079359036,0.2282198247284237,False
KEI.NS,KEI INDUSTRIES LTD.,4557.39990234375,-6.032991704252577,-9.40463368763046,3.1809640948722073,43.42396834797707,-0.05613274171799569,435690143744.0,43.732845,Industrials,0.01529788199323983,26.800197148159125,0.8668299673662949,0.2281809033365036,False
COROMANDEL.NS,COROMANDEL INTERNTL. LTD,1788.300048828125,-7.762533330395116,-10.898896222536326,-16.598745214167778,28.153702395462204,-0.46606829734666316,526727839744.0,28.792465,Basic Materials,0.009164162189240219,26.989949818968817,0.8851893235605941,0.22817045253207868,True
POLICYBZR.NS,PB FINTECH LIMITED,1034.9000244140625,-43.63289627374387,-33.7663984375,-30.697114406029403,137.32194409970188,-0.24908659874440742,471942594560.0,59.900295,Financial Services,0.012410782111684095,26.880123193442653,0.8745631430222711,0.22794887233933084,False
MRF.NS,MRF LTD,124080.0,-4.513447997229603,-6.501756200390519,-7.255205501770257,12.772525781031396,-0.5074031026475225,526241038336.0,21.789865,Consumer Cyclical,0.008545684210477113,26.98902519250964,0.8850998621240922,0.22768422868888089,True
CRISIL.NS,CRISIL LTD,4523.2998046875,-5.80383580409205,17.0961544927537,15.828400202805891,25.651215545950024,0.4632248037782939,330788995072.0,37.40428,Financial Services,0.023068844083322187,26.524746531927693,0.840178980290577,0.2273463781351359,False
GODREJPROP.NS,GODREJ PROPERTIES LTD,1610.0,-18.76892028254289,-18.273184931742403,-4.583764658202972,30.851106796751882,-0.3736534297036242,484974657536.0,30.30303,Real Estate,0.010546932959091612,26.907362474017653,0.8771986561479569,0.22720986375630792,False
LINDEINDIA.NS,LINDE INDIA LIMITED,6152.5,-3.04916482823826,-11.139301334280027,-14.207088343551854,20.180001971843705,-0.5478278719984547,524711198720.0,96.04278,Basic Materials,0.00794082277570922,26.986113850504513,0.884818177736476,0.2271601615159009,True
VMM.NS,VISHAL MEGA MART LIMITED,100.94999694824219,-4.889770558932582,-12.906570823237384,-9.922372425147419,30.06985107136304,-0.3262773582656269,472462950400.0,51.984535,Consumer Cyclical,0.011255804252700922,26.881225168956103,0.8746697637137348,0.2271092941179594,False
SUNDRMFAST.NS,SUNDRAM FASTENERS LTD,1140.300048828125,-5.939123740001417,22.094334163930785,46.75129893215233,26.18862869903661,1.1003296620572895,243412713472.0,38.977123,Consumer Cyclical,0.03260161730290129,26.2180242489747,0.8105023300414202,0.227076795487531,False
MFSL.NS,MAX FINANCIAL SERV LTD,1361.0,-12.10281719576809,-12.706046994291565,-15.329104185119158,43.96816349828537,-0.31606800293640963,467229605888.0,430.6962,Financial Services,0.011408563202514032,26.870086635221977,0.873592064478017,0.22695443852138977,False
TDPOWERSYS.NS,TD POWER SYSTEMS LTD.,812.9000244140625,9.836515501907584,45.21172849392874,83.96877826910509,59.54703533358901,0.9658786614638377,254165286912.0,92.17293,Industrials,0.03058987483830121,26.261250628206117,0.8146846611248935,0.22661357140994928,False
KARURVYSYA.NS,KARUR VYSYA BANK LTD,325.20001220703125,-6.779416219779744,11.226617931964245,18.036819955023486,22.128457131534827,0.4984763305945639,314360201216.0,11.450705,Financial Services,0.023596300131438295,26.473805303028797,0.8352502055737872,0.2265097764920255,False
MEDANTA.NS,GLOBAL HEALTH LIMITED,1300.800048828125,-11.49816263339657,-0.28648506517872097,23.88246402566152,36.754737010026176,0.25998428348789976,349553360896.0,62.901356,Healthcare,0.02002782852084289,26.579922064783087,0.8455174414388703,0.22640023175034973,False
MILKYMIST.NS,MILKY MIST DAIRY FOOD L,319.20001220703125,26.45090578321603,75.86777532067836,75.86777532067836,64.74825270442804,1.0190916149256057,245734014976.0,133.0,Consumer Defensive,0.0313860813200181,26.227515547986293,0.8114206525006346,0.2263947241151722,False
MTARTECH.NS,MTAR TECHNOLOGIES LIMITED,7718.5,7.7852255271610105,13.066725261847223,85.60779127089096,44.6321047625455,1.0817540103747616,237417906176.0,177.88661,Industrials,0.03232367643870231,26.193087742465437,0.8080896198366496,0.22626516228818913,False
TIINDIA.NS,TUBE INVEST OF INDIA LTD,2472.699951171875,-8.350631906157336,-14.670356468227364,-9.814908343718798,27.253438004419717,-0.40283679040331777,469916188672.0,72.83528,Industrials,0.010110272720639106,26.87582019377692,0.8741468099966013,0.22611940703962966,False
FINCABLES.NS,FINOLEX CABLES LTD,1474.0,20.799873707942407,44.27992030496275,76.00286035432158,47.817303745277776,1.1595254576551508,225432600576.0,28.178167,Industrials,0.03348734292193253,26.141287062419195,0.8030776896645063,0.22588492960757597,False
SKYGOLD.NS,SKY GOLD AND DIAMONDS LTD,857.6500244140625,9.751105127226412,46.48164379403288,125.87569050338328,35.794617760414944,2.20235790589514,137226010624.0,39.38,Consumer Cyclical,0.049090873653033884,25.644895116084705,0.7550497145332554,0.22558058387308927,False
PPLPHARMA.NS,PIRAMAL PHARMA LIMITED,200.52000427246094,-6.395293095964261,19.27904559183833,40.27282864865194,32.41503598171535,0.7601740561332081,266964713472.0,,Healthcare,0.027511990048445786,26.3103823273357,0.8194383563477439,0.2254935816232703,False
SUZLON.NS,SUZLON ENERGY LIMITED,39.15999984741211,-13.64939103634435,-26.293997628181685,-11.462807477496694,22.211232748558942,-0.7360906717253856,531711623168.0,16.890831,Industrials,0.005123913514763095,26.999367117607086,0.8861004861774379,0.22536805668043178,True
GODREJIND.NS,GODREJ INDUSTRIES LTD,1045.0,-10.184787279759345,-14.090761342809532,19.750182864162657,23.620539297564015,0.1528714280247666,352009322496.0,29.951277,Industrials,0.018425136990927637,26.58692349656028,0.8461948589388143,0.2253675674778993,False
PNBHOUSING.NS,PNB HOUSING FIN LTD.,1102.0999755859375,-5.480276536369,3.5908317256512223,28.7097544252517,26.7988097540996,0.5349517965184769,292074323968.0,12.473825,Financial Services,0.024142069544765984,26.400274140966786,0.8281357613347855,0.22514049249227086,False
AETHER.NS,AETHER INDUSTRIES LIMITED,1799.800048828125,10.716047973573462,27.338334352601134,58.74051608027053,41.08550912758911,0.9666417377555355,238883586048.0,101.34009,Basic Materials,0.03060129247724002,26.199242182551103,0.8086850873851541,0.22512224120421853,False
CRAFTSMAN.NS,CRAFTSMAN AUTOMATION LTD,10348.0,-9.212142481137043,12.84242828072124,39.8478406790604,31.48718771385233,0.6966077925458205,270646067200.0,53.329212,Consumer Cyclical,0.026560870672537346,26.324077779143494,0.8207634479889221,0.22511151500163354,False
SUNDARMFIN.NS,SUNDARAM FINANCE LTD,4268.39990234375,-8.180787682376778,-10.777594014553715,-12.430457474790291,19.781509900569468,-0.5603548229327608,473979617280.0,21.353592,Financial Services,0.007753386467795772,26.88443015620002,0.8749798594934577,0.22456000472421125,False
SHADOWFAX.NS,SHADOWFAX TECHNOLOGIES L,288.0,10.961284355645784,31.590971030262473,132.08961922747656,47.06612546543296,1.6511738968054892,169791553536.0,92.71565,Industrials,0.04084370351670266,25.857837365988054,0.7756527584751874,0.22454596725632386,False
SHYAMMETL.NS,SHYAM METALICS AND ENGY L,1020.2000122070312,-4.233552478544023,6.561318913124037,22.22013910830034,26.84386649500406,0.4556629252421359,293356208128.0,26.297403,Basic Materials,0.02295569838640517,26.40465343496805,0.8285594761531629,0.22435664282809462,False
PREMIERENE.NS,PREMIER ENERGIES LIMITED,907.0,-9.481037924151693,-13.114285009323956,-5.100282024234337,29.621111831844743,-0.2829277356986987,409913458688.0,24.002113,Technology,0.01190442922505031,26.73921189799672,0.8609293920249711,0.2241606699250305,False
BALKRISIND.NS,BALKRISHNA IND. LTD,2082.699951171875,-8.837439282765613,-3.5691689976301344,-5.896460435978234,23.6791009401686,-0.24437029041803263,402621693952.0,28.643929,Consumer Cyclical,0.012481350554421122,26.721263233332767,0.8591927844379924,0.22415920902531394,False
LALITHAA.NS,LALITHAA JEWELLERY MART L,405.45001220703125,32.19758593727769,63.19836106210606,63.19836106210606,59.335128061616025,0.9606148650592023,226934358016.0,23.821974,Consumer Cyclical,0.030511114526325298,26.147926640878328,0.803720096358394,0.22381335998434249,False
SCHNEIDER.NS,SCHNEIDER ELECTRIC INFRA,1274.0,3.375525378272859,-14.873712362502667,31.774929260013106,34.20748635345184,0.35373707005325,299358257152.0,162.80884,Industrials,0.021430618095302098,26.42490687754517,0.8305190805415883,0.22370273370687366,False
AZAD.NS,AZAD ENGINEERING LIMITED,3062.60009765625,10.272568459014963,37.37329468959623,83.07131645412782,44.0729469066806,1.2434421605739143,197788057600.0,142.5128,Industrials,0.03474295867790131,26.010461878179854,0.7904198116679232,0.22366217192540677,False
AIAENG.NS,AIA ENGINEERING LIMITED,3914.699951171875,-7.480152900618064,-15.80425766170963,8.194704450914925,26.712576361800068,-0.08011041780901156,365321224192.0,28.850319,Industrials,0.014939112560644981,26.624042869779824,0.8497863119167289,0.22365091239966597,False
CARBORUNIV.NS,CARBORUNDUM UNIVERSAL LTD,1269.5999755859375,12.294357244078547,17.781321595701026,48.80177064521749,39.82991580417015,0.8082907683665196,241865621504.0,117.338264,Industrials,0.028231943286647347,26.211648125839186,0.8098854137404055,0.22364531090008688,False
ENDURANCE.NS,ENDURANCE TECHNO. LTD.,2516.0,-9.587467448136566,-5.369133926059355,6.167424480306316,22.267866505709296,-0.01996246147595809,353907736576.0,36.49021,Consumer Cyclical,0.015839085021839203,26.59230208497157,0.8467152596269524,0.2235581286731175,False
STARHEALTH.NS,STAR HEALTH & AL INS CO L,535.25,-3.9651882217638934,-9.241203899957606,13.943587014369353,23.122646476869903,0.14731854747270345,325357731840.0,38.613827,Financial Services,0.01834205121575207,26.50819112729229,0.8385771763773822,0.2234008325061596,False
TATATECH.NS,TATA TECHNOLOGIES LIMITED,703.0999755859375,-12.112503051757816,0.014221278227233292,27.732641630547473,27.61788295288472,0.41451716655856347,284236283904.0,50.614605,Technology,0.022340049044886158,26.373071714780448,0.825503814023725,0.22313099028959588,False
JKCEMENT.NS,JK CEMENT LIMITED,4960.0,-2.4294285433264506,-6.630514080546224,-10.119859594133928,32.338700295767545,-0.23300162532039945,383250497536.0,40.53281,Basic Materials,0.012651455843647503,26.67195465290232,0.854421975217258,0.22309408568705014,False
DHOOTTRANS.NS,DHOOT TRANSMISSION LTD,1474.0999755859375,-8.764001972224754,24.181788041809437,24.181788041809437,62.478158089136095,0.2815804847131062,301524287488.0,69.63155,Consumer Cyclical,0.020350964792696803,26.4321164053883,0.8312166321971194,0.22306738164380244,False
ASTRAL.NS,ASTRAL LIMITED,1402.300048828125,-6.068723565162804,5.127668482451098,-10.180618581463197,21.54008995062394,-0.22125039727002313,376728158208.0,65.4363,Industrials,0.012827285286164072,26.65478969854285,0.852761194845632,0.22281076267603103,False
HONAUT.NS,HONEYWELL AUTOMATION IND,33780.0,-5.258729490954983,-10.959363924852195,22.02993470634791,24.106646961129872,0.27691168697222723,298863788032.0,54.198017,Industrials,0.02028110723393935,26.423253748120775,0.8303591334282844,0.2228006137825256,False
IIFL.NS,IIFL FINANCE LIMITED,601.7000122070312,-7.59425790569982,16.203172342987404,35.76263439405325,35.04092807359214,0.6056750915273786,255896731648.0,12.242116,Financial Services,0.025200277034318697,26.26803980804544,0.8153415423714415,0.2227355933685994,False
LTTS.NS,L&T TECHNOLOGY SER. LTD.,3246.0,-7.07926732234424,3.3395911967919023,-1.5179896704971996,23.833946307191404,-0.04921429819101099,344356028416.0,26.448301,Technology,0.015401400201142631,26.564941925439896,0.8440680509619495,0.22256806289134434,False
ITCHOTELS.NS,ITC HOTELS LIMITED,160.2100067138672,-0.6326298087829363,-9.806900686873131,6.533942342834487,23.791939841328777,0.008337907918117017,333727760384.0,38.512024,Consumer Cyclical,0.01626253337568286,26.53359140889006,0.8410347587413042,0.22245558971708818,False
IKS.NS,INVENTURUS KNOWLEDGE SO L,1761.0,0.06250216322962743,-3.8702998782228826,19.20394921782622,31.36022355017903,0.26955755160024536,295420887040.0,39.40479,Healthcare,0.02017106992404257,26.41166691219805,0.8292380591005162,0.22243781721816097,False
KPIL.NS,KALPATARU PROJECT INT LTD,1451.5,3.192096203141115,8.938755133865527,28.00763393786616,26.805816582261322,0.6462725243199161,247876354048.0,21.810667,Industrials,0.025807721970704488,26.23619588639979,0.8122605111658141,0.22242091926948188,False
CEMPRO.NS,CEMINDIA PROJECTS LIMITED,1159.800048828125,-10.605824957347366,-22.16107054844799,92.41571480676878,33.84145921259007,1.1062871435622377,199239254016.0,33.118217,Industrials,0.03269075697811883,26.017772221001742,0.7911271175898731,0.22229984713105738,False
PATANJALI.NS,PATANJALI FOODS LIMITED,355.70001220703125,3.854018162636863,-13.621838636402883,-23.30002659853441,40.95561559891193,-0.36541414500659775,393431678976.0,19.96963,Consumer Defensive,0.010670214443273776,26.698173265782852,0.85695873451946,0.22224234446232033,False
JYOTICNC.NS,JYOTI CNC AUTOMATION LTD,1073.0999755859375,6.893111812828612,42.387041839511184,32.80940291905168,46.00056436988859,0.6630230909350855,244047724544.0,75.89108,Industrials,0.026058354736672094,26.220629635511454,0.8107544119712713,0.2222323690453219,False
GABRIEL.NS,GABRIEL INDIA LTD,1352.9000244140625,-0.022164260171064765,10.129914652214488,49.4377455483175,52.51812923927396,0.5284539780694616,259261939712.0,70.06215,Consumer Cyclical,0.02404484500018508,26.281104737819085,0.8166056283963935,0.22218504084923718,False
3MINDIA.NS,3M INDIA LIMITED,30840.0,-6.104429898005781,-8.665489832189454,0.7621125145271579,31.347696874602455,-0.10972023513061714,347414757376.0,60.136887,Industrials,0.014496071403554283,26.573785169347445,0.8449236714078645,0.22210297140463184,False
URBANCO.NS,URBAN COMPANY LIMITED,173.5399932861328,-4.169199406062429,30.65802116884018,36.49519751394792,45.65754024270948,0.582842726182121,249742819328.0,,Technology,0.024858644478743985,26.243697502626308,0.8129863235812487,0.22189056425437015,False
MRPL.NS,MRPL,174.72000122070312,-0.06291861190841352,18.10193209230444,-0.8624626787814615,35.69410802144235,0.13970833961682236,306214076416.0,9.744562,Energy,0.018228182384426656,26.44755029042948,0.8327099244481522,0.22184861790035804,False
UPL.NS,UPL LIMITED,509.54998779296875,-12.471018393268318,-11.555382377092638,-19.862566421893845,27.533474216193078,-0.5771920200613357,425600581632.0,21.462065,Basic Materials,0.007501457480291856,26.776767141591804,0.8645630172655734,0.22176684742661223,False
TFCILTD.NS,TOURISM FINANCE CORP. OF,140.64999389648438,-1.8218628440803242,87.66350071323279,110.45799014315611,24.183106738464996,3.3562136408337837,68159512576.0,43.94627,Financial Services,0.06635560630472571,24.945116568282863,0.6873432439924088,0.22160251572664647,False
KOVAI.NS,KOVAI MEDICAL CENTER & HO,5936.0,-2.08659793814433,-0.2958091678206043,130.9527975432267,18.84788223062035,3.4470894732480937,64953266176.0,25.7081,Healthcare,0.06771534903826289,24.896933866358303,0.6826813681765793,0.221456853822842,False
HATSUN.NS,HATSUN AGRO PRODUCT LTD.,1150.0,-1.6084914478720735,27.44500815808766,27.84261115493547,45.11977042220375,0.48389230553556856,256160514048.0,72.23618,Consumer Defensive,0.023378084555604185,26.26907009294249,0.815441226699076,0.22139387009147216,False
BLUESTARCO.NS,BLUE STAR LIMITED,1571.5,5.89622641509433,0.27984541278951447,-4.614216220000989,38.01201378904119,-0.02746261244960058,323088842752.0,63.44368,Industrials,0.01572686293246843,26.501193177311233,0.8379000957556241,0.22127017113825734,False
MANAPPURAM.NS,MANAPPURAM FINANCE LTD,310.20001220703125,-8.684132746519047,-6.452747272974091,18.495665222362522,33.51806327783186,0.16633365220436824,291382067200.0,19.089231,Financial Services,0.018626567459503782,26.397901188666278,0.8279061683792228,0.22094646768943355,False
HEXT.NS,HEXAWARE TECHNOLOGIES LTD,500.29998779296875,-5.353762599326462,-4.202970264630201,7.226404681121434,21.659599903156128,0.05916816316909224,305078927360.0,22.730576,Technology,0.01702308839218326,26.443836358309298,0.8323505861453768,0.22085496283048164,False
GRINDWELL.NS,GRINDWELL NORTON LIMITED,2033.0999755859375,3.5974509852707115,1.704559888070456,37.52332012141903,28.680299820647814,0.6970819115738287,225104822272.0,51.60152,Industrials,0.026567964746792717,26.13983200743283,0.8029369070728148,0.22066020032829825,False
JUBLFOOD.NS,JUBILANT FOODWORKS LTD,449.75,-6.826188393154398,5.085986722039748,5.417563094101863,27.3213252792335,0.10502198760862794,295789133824.0,80.60036,Consumer Cyclical,0.017709182845792138,26.412912651676834,0.8293585895505946,0.22062153452199276,False
RVNL.NS,RAIL VIKAS NIGAM LIMITED,198.77999877929688,-6.452071325447939,-11.27148886041287,-26.9143457019131,29.996467526754007,-0.6043722900836989,410999160832.0,45.31494,Industrials,0.007094768774652372,26.741857009671705,0.8611853175263487,0.22061740596257648,False
ACUTAAS.NS,ACUTAAS CHEMICALS LIMITED,3156.699951171875,-0.2978993059785884,-8.552289488067666,36.043278912204514,39.336699316676544,0.3913997110979682,258442559488.0,67.163826,Basic Materials,0.0219941507873923,26.277939299197456,0.8162993591095493,0.22057045286793156,False
CONCOR.NS,CONTAINER CORP OF IND LTD,445.8500061035156,-12.059957074972893,-0.7308199015720995,-7.081162652150674,30.550673124877857,-0.20201907454254175,339567345664.0,27.219172,Industrials,0.013115036722825282,26.55093813147476,0.842713125940971,0.22051455902736172,False
BDL.NS,BHARAT DYNAMICS LIMITED,1101.800048828125,-12.177807823928,-17.588722534469635,-16.848849170501047,26.733774859909197,-0.6036036060875325,403878576128.0,77.53695,Industrials,0.007106270319677108,26.724380115595977,0.8594943556962087,0.22020329166381,False
TATAINVEST.NS,TATA INVESTMENT CORP LTD,624.1500244140625,-1.5070202949355127,-5.881022176612161,-1.4887366007444225,43.27125932339073,-0.06494100371049297,313690849280.0,104.90694,Financial Services,0.015166087104310663,26.471673781430685,0.8350439720378449,0.22013555833769421,False
SEDEMAC.NS,SEDEMAC MECHATRONICS LTD,3399.60009765625,20.793071902296557,25.65050173531498,107.58381871011396,42.70908857927348,1.5370422652014,149069725696.0,123.35892,Consumer Cyclical,0.03913599253769473,25.7276799911318,0.7630594938001545,0.22011686785330967,False
ASAHIINDIA.NS,ASAHI INDIA GLASS LIMITED,956.9500122070312,0.3153611979489934,9.408926711986831,11.663995310853581,18.36975440530141,0.4745707381706842,243952582656.0,55.733837,Consumer Cyclical,0.02323860926109692,26.220239709981485,0.8107166850625358,0.22010812821145664,False
SPECTRUM.NS,SPECTRUM ELECTRIC IND LTD,3839.10009765625,62.09678500058653,97.21067416399674,197.07497892131144,43.47062208807453,3.2233274330156974,67471560704.0,107.85578,Industrials,0.06436727727744188,24.93497202315458,0.6863617172679385,0.21986588727506604,False
LLOYDSENGG.NS,LLOYDS ENGG WORK LIMITED,101.1500015258789,20.11637884524071,24.10153237804562,107.54694798932985,46.52083737206206,1.3978082328066785,156887597056.0,60.208336,Industrials,0.037052683270752715,25.77879544357353,0.7680051253657393,0.21979079379449937,False
HAPPYFORGE.NS,HAPPY FORGINGS LIMITED,1989.4000244140625,-11.127986400980006,31.14155000548797,56.965279404422155,35.3943880478347,1.0057952513416466,187801632768.0,57.497112,Industrials,0.03118713256449715,25.958652097873408,0.7854070010079436,0.21974209967535877,False
COCHINSHIP.NS,COCHIN SHIPYARD LIMITED,1282.0,-14.385772809434494,-8.59320058321299,-9.864260974317762,40.38014907346622,-0.25723642586990586,337269555200.0,49.689922,Industrials,0.012288839149302651,26.54414831464087,0.8420561830625627,0.21973067512761765,False
SUNTV.NS,SUN TV NETWORK LIMITED,626.8499755859375,33.11743124034416,24.807515737637242,5.432948824370842,46.964429544702405,0.35733885291237666,251051589632.0,16.401905,Communication Services,0.021484510290183438,26.24892429134494,0.8134920370208976,0.21948639197286196,False
ABDL.NS,ALLIED BLEND N DISTILS L,714.6500244140625,17.1653430792118,5.905459001478208,54.50390728888852,38.34724681997495,0.8463882716862254,199894859776.0,91.27076,Consumer Defensive,0.028801982668170755,26.02105736415017,0.7914449687850836,0.21946272919739898,False
THERMAX.NS,THERMAX LTD,3228.199951171875,-11.254677135844492,-31.446167951329894,-1.5255719693996417,26.03076812535088,-0.47818688011234844,366434844672.0,61.77174,Industrials,0.008982836148876879,26.627086565314723,0.8500808020560969,0.2192573276256819,False
ABSLAMC.NS,ADIT BIRL SUN LIF AMC LTD,1009.6500244140625,-4.956229124920341,-7.963462919561404,6.9440245813228385,38.15451044405383,0.0024041086817514377,292167614464.0,29.012932,Financial Services,0.016173748049820514,26.400593496667415,0.8281666603204784,0.21917197611748498,False
AVALON.NS,AVALON TECHNOLOGIES LTD,2400.39990234375,9.277965748292205,47.15546678500522,129.36312554106695,62.70813235329441,1.2866560193475138,160544260096.0,120.441536,Technology,0.03538955226493568,25.801835505344858,0.7702343466936579,0.21910075087211622,False
CHENNPETRO.NS,CHENNAI PETROLEUM CORP LT,1405.699951171875,-3.2020383944012742,32.17405457136755,49.18390898708018,47.87692080269727,0.7018781204382523,209324736512.0,5.014984,Energy,0.026639728712840302,26.067152646290147,0.7959048780979454,0.21895601605911658,False
CGCL.NS,CAPRI GLOBAL CAPITAL LTD,246.8800048828125,-11.797066714436477,4.219129882724948,38.869018748465244,43.52850184417804,0.4213523144306093,237536575488.0,21.136986,Financial Services,0.022442320929552857,26.193587450622953,0.808137968668937,0.21886623286439888,False
GRWRHITECH.NS,GARWARE HI-TECH FILMS LTD,7102.5,0.4082481280516692,4.308878171422181,95.22678226618122,41.58900911185487,1.1779002494912976,165008080896.0,42.540127,Basic Materials,0.03376227839174534,25.829260284781082,0.7728878076018562,0.21854366069427306,False
CAPLIPOINT.NS,CAPLIN POINT LAB LTD.,2679.699951171875,-4.5170631025668655,6.14754478852404,61.80208892661043,44.02814568049745,0.7232168147551672,203688542208.0,30.702337,Healthcare,0.02695901200048397,26.03985791023684,0.7932639994252303,0.21853525885667055,False
MOREPENLAB.NS,MOREPEN LAB. LTD,143.9600067138672,26.779691035608934,144.57127081204146,264.04749660414,65.34962069919814,2.7659084447028195,78883422208.0,56.23438,Healthcare,0.057523079771720664,25.091236931302223,0.7014809938352199,0.21851255828759547,False
TBOTEK.NS,TBO TEK LIMITED,1657.0,-1.8888047813919395,10.106982066477022,42.52537715432949,25.590114453095676,0.9346195885029176,184480006144.0,70.2562,Consumer Cyclical,0.0301221564561252,25.940806926777004,0.7836804068519347,0.21851171905507757,False
GRANULES.NS,GRANULES INDIA LIMITED,836.4000244140625,-1.4028013144107843,-2.4905661129197454,31.887067162458216,32.55980538896318,0.4581048106961028,228153065472.0,31.069838,Healthcare,0.022992235449273805,26.15328258044696,0.8042383056772724,0.21830375300627344,False
DALBHARAT.NS,DALMIA BHARAT LIMITED,1682.5999755859375,-3.812957833441477,-2.083336145222181,-11.675328668986007,28.125469646311835,-0.25689372783286213,315872477184.0,33.73296,Basic Materials,0.012293966818048981,26.478604415871786,0.8357145396025263,0.2181491100141683,False
VOLTAS.NS,VOLTAS LTD,1067.9000244140625,-8.726493639823719,-14.813333981207055,-16.56244089642015,29.26948707129478,-0.49438923664070966,351962071040.0,77.926735,Consumer Cyclical,0.008740406055305064,26.586789254014334,0.8461818704169297,0.21810077214571122,False
SHRIPISTON.NS,SPR AUTO TECHNOLOGIES LTD,4405.0,-2.907269395024803,7.129048285401329,36.808275003218725,29.774754573955903,0.6704135229048941,203065196544.0,34.16875,Consumer Cyclical,0.026168935139642524,26.036792929671986,0.7929674498711258,0.21786856382251335,False
ANANTRAJ.NS,ANANT RAJ LIMITED,608.9000244140625,-2.6460928083714697,11.959708852760143,27.928793332511347,34.245425714798984,0.4970909370986704,219129069568.0,36.90303,Real Estate,0.02357557098168435,26.1129267519218,0.8003337122544346,0.21776510629987192,False
IRCTC.NS,INDIAN RAIL TOUR CORP LTD,454.79998779296875,-4.362221151942536,-8.669283571449938,-14.3479219427325,17.863535993182943,-0.5960292674785594,363839979520.0,26.107922,Consumer Cyclical,0.007219602452228549,26.619979991222852,0.8493932116020754,0.21776300473969026,False
CASTROLIND.NS,CASTROL INDIA LIMITED,200.1999969482422,5.218895492093334,12.860584139639686,15.307514077382178,17.556357052582996,0.7151660985636666,198022299648.0,18.657969,Energy,0.026838551999729808,26.011645485789185,0.7905343306024988,0.21776249665042205,False
ESCORTS.NS,ESCORTS KUBOTA LIMITED,2811.699951171875,-5.291703552695037,-3.702311659993174,-9.07152028147845,27.200385671589792,-0.24649629714745921,309363998720.0,22.375456,Industrials,0.012449539872472049,26.457784409947408,0.8337001178655251,0.2177621843707353,False
BELRISE.NS,BELRISE INDUSTRIES LTD,236.80999755859375,0.22064637350300842,5.157533907785461,17.382505025574503,26.60024059109338,0.3865619908295074,229031247872.0,39.600334,Consumer Cyclical,0.021921765700981918,26.157124284785592,0.8046100064709697,0.21759382589347886,False
DATAPATTNS.NS,DATA PATTERNS INDIA LTD,4299.2001953125,-6.233365423936754,0.42589486396342746,27.873567746466254,46.57221549019123,0.2752258854865774,240686284800.0,89.82867,Industrials,0.020255883186363666,26.206760199642524,0.8094124866521434,0.2175450340528086,False
KIMS.NS,KRISHNA INST OF MED SCI L,693.4000244140625,-9.252709518497227,-13.964884433062963,4.743206104843267,26.679584057610604,-0.13749855219398577,291232514048.0,135.96078,Healthcare,0.014080434332912613,26.397387802423992,0.8278564961356272,0.21752444978359126,False
LOTUSDEV.NS,SRI LOTUS DEVLPRS N RTY L,244.72999572753906,27.1122332395602,76.34199073751356,82.608083309215,39.60959103236074,1.7578844847231392,119605354496.0,48.55754,Industrials,0.04244037606052032,25.5074634475026,0.7417526318355039,0.2172684400042662,False
GESHIP.NS,THE GE SHPG.LTD,1532.5999755859375,11.893117487132132,12.652761316614324,12.11352604267546,25.36748109577592,0.4821611916093231,215735042048.0,5.8516283,Industrials,0.023352182514108644,26.09731683449029,0.7988233881411253,0.2172199839208628,False
ENGINERSIN.NS,ENGINEERS INDIA LTD,313.29998779296875,13.035958580770956,34.36514609876391,51.4353570291439,42.12642621147964,0.917106375591627,176087859200.0,22.45878,Industrials,0.029860112485089543,25.894248907431372,0.7791757257993829,0.21718901581366287,False
ANGELONE.NS,ANGEL ONE LIMITED,295.0,-1.6010633717181588,-10.654495086651616,5.0079343422317235,31.255966278955942,-0.0323968237025076,269805453312.0,26.696833,Financial Services,0.01565303408580335,26.32096699294352,0.8204624665500527,0.2168553922018657,False
GODFRYPHLP.NS,GODFREY PHILLIPS INDIA LT,1900.0,-7.362262311067768,-7.428928412291458,-5.2588727286184795,26.070393995196646,-0.24282591782593635,296365359104.0,21.669708,Consumer Defensive,0.012504458451803598,26.41485885142288,0.8295468924303933,0.216765066946451,False
THELEELA.NS,LEELA PALACES HOTEL LTD,577.5999755859375,4.250516796648429,18.44560295607165,34.68577996161126,37.19957775387602,0.6378210630051246,196717887488.0,32.508274,Consumer Cyclical,0.0256812657633141,26.005036496127513,0.7898948835013575,0.21673467019782494,False
IREDA.NS,INDIAN RENEWABLE ENERGY,109.0,-3.444017615047945,-9.444402188518897,-10.885879381472686,25.584139536326084,-0.3504149067519736,306206212096.0,15.504978,Financial Services,0.010894642706360655,26.447524607674847,0.8327074395353532,0.21634784191360878,False
PIIND.NS,PI INDUSTRIES LTD,2250.0,-8.722109533468558,-12.21567967410071,-21.613629702310412,28.73118146359509,-0.5644021524162429,337121378304.0,28.934895,Basic Materials,0.007692827717364685,26.543708875463913,0.8420136655035683,0.21627303716391558,False
ACE.NS,ACTION CONST EQUIP LTD,1252.199951171875,11.267098276795462,29.50344159265914,44.886518280478406,28.289121663438937,1.1858873411247493,149046722560.0,34.11989,Industrials,0.033881786400884316,25.727525667972646,0.7630445623958382,0.21617248039962278,False
MARKSANS.NS,MARKSANS PHARMA LIMITED,324.3999938964844,-0.7192061525679083,23.475154402907663,85.9042821801853,41.21263900877832,1.2096009228776519,147006308352.0,28.4312,Healthcare,0.03423660428390127,25.713741336770354,0.761710871305414,0.21610517103927945,False
AWL.NS,AWL AGRI BUSINESS LIMITED,185.92999267578125,-0.7261469694613165,2.474641850726922,5.5343050140432615,23.52120968771083,0.14303327562111617,240187637760.0,20.797539,Consumer Defensive,0.01827793221836163,26.204686278827385,0.8092118262303352,0.21601140572135502,False
LICHSGFIN.NS,LIC HOUSING FINANCE LTD,502.0,-10.684100897994886,-3.4905150501546633,-3.7987298033040795,31.911296300831694,-0.15929592919751223,276131610624.0,4.811655,Financial Services,0.013754287939495388,26.344143439097266,0.8227048836313983,0.21599193686247112,False
SETL.NS,STANDARD ENGNG TCNLGY LTD,428.29998779296875,4.731623672416374,61.25752181874651,223.24527380601413,55.13042733452771,2.3752077484574223,85113118720.0,100.15257,Industrials,0.05167716432210397,25.167247017178333,0.7088352842122885,0.2159666942946501,False
ASTRAMICRO.NS,ASTRA MICROWAVE LTD,1705.9000244140625,-1.196279620648677,-5.581372439990162,68.96457437373246,33.68498902837412,0.9668585464682453,161966686208.0,85.89627,Technology,0.030604536508836128,25.810656510346664,0.7710878154334063,0.21572535623997868,False
CUB.NS,CITY UNION BANK LTD,223.75,-5.194692933430334,2.6200526506104937,19.272900953667182,33.86188209353742,0.2771118173270239,221688643584.0,15.846317,Financial Services,0.020284101713202597,26.124539728012195,0.8014573157516062,0.2155774052228035,False
ALIVUS.NS,ALIVUS LIFE SCIENCES LTD,1384.0,1.2954658961665366,22.904212307431806,33.22530598901952,28.02128078752999,0.8473206505139973,169915678720.0,28.239136,Healthcare,0.0288159335206943,25.85856814342072,0.775723464216128,0.21554281619455273,False
CDSL.NS,CENTRAL DEPO SER (I) LTD,1263.4000244140625,-9.407712137435809,-2.7814142918588525,-0.34202212686729183,27.703928871664807,-0.10420824395513864,264050606080.0,56.02661,Financial Services,0.014578545365542418,26.29940661142336,0.8183764104101072,0.2155280116266836,False
UNIMECH.NS,UNIMECH AEROSPACE N MFG L,1873.0999755859375,24.648967621593876,60.9330643780083,140.51104326466302,44.915848310769775,2.080896565089723,95746654208.0,130.98886,Industrials,0.04727349084422628,25.2849715214097,0.7202256172007956,0.2155115224333686,False
COHANCE.NS,COHANCE LIFESCIENCES LTD,457.0,0.08760269188294867,6.081711455298899,44.23228379257063,30.705199661942196,0.7802644546932049,174846984192.0,167.39926,Healthcare,0.027812595531004423,25.88717705234022,0.7784914945523659,0.2154823202863448,False
AKUMS.NS,AKUMS DRUGS AND PHARMA L,814.6500244140625,6.385899368470449,25.843833341724665,66.44679276727543,28.064999838554446,1.5055665954537918,124724600832.0,42.763783,Healthcare,0.03866503329489625,25.549373950311562,0.7458076464293357,0.2154506865785061,False
BANDHANBNK.NS,BANDHAN BANK LIMITED,164.14999389648438,-0.48499731225144505,-15.541289459986318,-0.22125681103221106,37.721653028275796,-0.1291039579358484,264469839872.0,19.564957,Financial Services,0.014206039658775881,26.30099305479802,0.8185299053721184,0.21528700608711152,False
HUDCO.NS,HSG & URBAN DEV CORPN LTD,161.0399932861328,-10.791053913851412,-19.859939829938323,-10.208590980154874,23.51208084172939,-0.5622849083524384,322385969152.0,7.5499296,Financial Services,0.0077245072866670905,26.499015326634964,0.8376893796896367,0.21521572538740952,False
ECLERX.NS,ECLERX SERVICES LTD,1917.199951171875,0.6034528149579943,29.84924106283613,28.234695009799047,32.87227432540582,0.7055432233391749,176430841856.0,25.031988,Technology,0.026694568342968527,25.896194805695472,0.7793639995095555,0.21486192613461527,False
INOXINDIA.NS,INOX INDIA LIMITED,2077.300048828125,-7.585194247543903,10.736181128680865,69.9320341444992,66.4640460587731,0.5517243492574436,188873228288.0,76.99407,Industrials,0.024393031281278097,25.964341877159118,0.7859575107010486,0.2147841511362207,False
DELHIVERY.NS,DELHIVERY LIMITED,407.5,-11.006768850902871,-18.792345573327275,-13.270193741314728,28.966776791436565,-0.4996812181262579,305337466880.0,336.77686,Industrials,0.008661224019995813,26.444683450680664,0.8324325458380073,0.21460405447449868,False
EMMVEE.NS,EMMVEE PHOTOVOLTAIC PWR L,296.5,-8.544370285414782,-9.641885371065628,32.354458908144146,33.20589828790202,0.3486064338617291,205280296960.0,16.363134,Technology,0.021353850212197188,26.047642184427072,0.7940171601684375,0.21451967770125727,False
SWANDEF.NS,SWAN DEFENCE N HEVY IND L,2728.800048828125,8.277124898730847,18.463210281229657,50.396826064271934,29.34945444657247,1.1036934657206305,144612507648.0,,Industrials,0.032651948699783814,25.697323641194494,0.7601223913136405,0.21451955935324798,False
UBL.NS,UNITED BREWERIES LTD,1183.300048828125,-7.511331385971265,-12.283208788189825,-20.366166673841192,26.02593306810126,-0.5905767992933124,313743147008.0,78.94877,Consumer Defensive,0.0073011857929008135,26.47184048495147,0.8350601012933853,0.21424091466802192,False
RAYMOND.NS,RAYMOND LTD,1294.300048828125,74.70474340023625,117.32853250902306,252.9107154268916,79.75156062055764,2.2143123566470324,83954630656.0,179.70085,Industrials,0.049269743844496956,25.153542378650926,0.7075093037179684,0.21382963381286482,False
FINEORG.NS,FINE ORGANIC IND. LTD.,5537.0,7.472826086956519,13.76623746653034,21.009964417672332,23.79561595541287,0.677831525594097,169764290560.0,39.300163,Basic Materials,0.026279928073473572,25.85767678576814,0.775637221674348,0.21361925147369218,False
UCOBANK.NS,UCO BANK,23.270000457763672,-6.093624645037277,-10.87705892837837,-7.907474661346114,17.77573316634389,-0.47455594988853544,289413005312.0,10.257778,Financial Services,0.009037164465401138,26.39112058901797,0.8272501173016646,0.21359040267446702,False
APOLLO.NS,APOLLO MICRO SYSTEMS LTD,408.04998779296875,4.988676660352098,3.7877334237470084,75.59819988948763,43.52406772420538,0.9174959370999348,151631183872.0,120.36872,Industrials,0.029865941355275538,25.744716987372385,0.7647078936942224,0.21357642944001226,False
LMW.NS,LMW LIMITED,16910.0,-9.928624693725363,7.2943414724158995,26.73602178275374,25.20644761481798,0.5383776643655459,180649525248.0,103.35554,Industrials,0.02419332958593813,25.91982466652111,0.781650286336868,0.21355756877367058,False
JINDALSAW.NS,JINDAL SAW LIMITED,282.3999938964844,-7.500817167412865,8.761794929627387,40.873811393586436,42.17230727461949,0.5113611783499953,180064206848.0,27.605083,Basic Materials,0.023789091522094342,25.916579328949286,0.7813362864959298,0.2131758902655532,False
AMBER.NS,AMBER ENTERPRISES (I) LTD,6869.0,-8.0947283917581,-7.475754310344829,-0.2830804964796374,30.149336131244368,-0.13277944834790237,242254299136.0,253.28171,Consumer Cyclical,0.014151044604015988,26.21325383425538,0.8100407726749136,0.2131234766217404,False
HBLENGINE.NS,HBL ENGINEERING LTD,764.2999877929688,10.00527524618182,1.0979064694132568,5.925085923617446,37.05998927495434,0.14282168061239311,211860094976.0,27.141335,Industrials,0.01827476619756248,26.079191964415426,0.7970697319514132,0.21297350763602516,False
CENTRALBK.NS,CENTRAL BANK OF INDIA,30.190000534057617,-2.863575906799143,-3.39199829101563,-12.380417637756992,19.05240965866189,-0.4083747739277347,273261805568.0,5.9900794,Financial Services,0.010027409844385675,26.333696167347913,0.8216940668535023,0.21294407409666483,False
SUDEEPPHRM.NS,SUDEEP PHARMA LIMITED,1173.4000244140625,-11.727978536636607,44.95035569222159,90.80836008208786,47.06754177125359,1.2013308728758745,128851795968.0,69.944824,Healthcare,0.0341128624694149,25.581928712395452,0.7489574543891838,0.21282401044935711,False
DEEPAKNTR.NS,DEEPAK NITRITE LTD,1560.5999755859375,-8.864753951406124,-0.22734498733607555,10.170605235200725,28.366739112609757,0.1143645139515469,212854980608.0,27.09375,Basic Materials,0.01784897174202747,26.083876928566255,0.7975230216217802,0.21276748421196567,False
GRAPHITE.NS,GRAPHITE INDIA LTD,851.2000122070312,16.030539876608472,48.53618580638894,34.80760421371967,55.62060136795151,0.6323334332686883,166303711232.0,77.948715,Industrials,0.025599156312866998,25.83708153939057,0.7736445463536702,0.2126105038230678,False
VIJAYA.NS,VIJAYA DIAGNOSTIC CEN LTD,1466.699951171875,-1.6384469767050436,10.764298351774372,50.6240039273141,33.13846313512913,0.8513853511537336,149562982400.0,77.40405,Healthcare,0.02887675218955323,25.730983428023926,0.7633791149907765,0.21250234288985903,False
ELGIEQUIP.NS,ELGI EQUIPMENTS LTD,599.25,-6.673411807380225,4.603413965898695,20.505387792359244,30.05572223081877,0.3426647227119372,188908453888.0,42.319916,Industrials,0.021264946503190454,25.964528363702875,0.7859755540459337,0.21244259838887625,False
UTLSOLAR.NS,FUJIYAMA POWER SYSTEMS L,412.1499938964844,-4.0954057250763505,22.554269657068794,84.81234206920296,42.6186079546011,1.1345600690918873,130648080384.0,43.174446,Technology,0.03311379469918762,25.595773135999888,0.7502969596682084,0.21240958594144282,False
CLEANMAX.NS,CLEAN MAX ENVIRO EN SOL L,1392.5,3.3088489337571803,10.973856057821706,62.14485558838765,54.893664262097985,0.6380764495956245,163300098048.0,102.014656,Utilities,0.025685087021963947,25.818855437345185,0.7718810955518605,0.2122340891544381,False
CYIENTDLM.NS,CYIENT DLM LIMITED,939.0,9.574652736354272,80.19574822358521,202.6591458501209,54.73687893104836,2.3257304841484308,74523172864.0,90.81238,Industrials,0.05093685362747692,25.03437595913519,0.6959794594583169,0.21219750508518692,False
SHAILY.NS,SHAILY ENG PLASTICS LTD,3100.300048828125,-5.345710088170774,11.065243641015932,55.54143577248878,32.25184920613833,0.9308349660232942,141817151488.0,78.19681,Basic Materials,0.030065528497083376,25.677804399223565,0.758233823872361,0.21210760234090278,False
PINELABS.NS,PINE LABS LIMITED,172.72999572753906,3.822805071233981,21.580901543385565,1.5342115478863327,63.44924115792997,0.12617861309250444,205764689920.0,154.94783,Technology,0.018025741902293703,26.04999907089784,0.7942451986884841,0.2120806060988413,False
BEML.NS,BEML LIMITED,2042.199951171875,-0.1737651862544265,15.652763984382666,28.34266090912103,35.459393073703346,0.531097827110285,170092789760.0,28.590227,Industrials,0.024084403972315746,25.85960994721349,0.7758242630445946,0.21201936874038546,False
APOLLOTYRE.NS,APOLLO TYRES LTD,401.54998779296875,-6.5184497254590195,-8.1227625505079,-8.289683543408287,23.63993333898298,-0.3335610286434926,254013014016.0,14.877732,Consumer Cyclical,0.011146821285429381,26.260651338939816,0.8146266774082138,0.2120167853161255,False
PARADEEP.NS,PARADEEP PHOSPHATES LTD,156.75999450683594,-0.15286974086883287,13.181293476826283,32.64069414977659,31.269229904896612,0.6474147662314146,161126416384.0,14.734093,Basic Materials,0.02582481292984994,25.80545508876449,0.770584556369192,0.21201474878968546,False
QPOWER.NS,QUALITY POWER ELEC EQUP L,1620.199951171875,8.425776862621227,46.222535099547876,78.55185457699719,48.52394234114215,1.1299132045845794,128046071808.0,96.07206,Industrials,0.03304426531959705,25.575655972112415,0.7483505408069971,0.2118708341914471,False
KAYNES.NS,KAYNES TECHNOLOGY IND LTD,3405.0,-5.3640911617565346,6.0516414421474485,-11.592885888614823,41.30414747873114,-0.12235499465264306,228892573696.0,66.38721,Technology,0.014307021994116806,26.15651861994045,0.8045514058906517,0.21186811796825053,False
TIMKEN.NS,TIMKEN INDIA LTD.,3132.300048828125,0.2239784945648582,-3.866110759233554,-9.000837085275027,31.33319885146495,-0.17921745232382638,234908106752.0,55.66845,Industrials,0.013456209279940432,26.182460239522793,0.8070613649449141,0.21185749819618385,False
AMAGI.NS,AMAGI MEDIA LABS LIMITED,564.1500244140625,0.15090300719236005,-1.5960166708062995,66.1953171679329,26.688625006521104,1.2233314445746917,122047619072.0,119.019,Technology,0.034442049192731444,25.52767712579502,0.7437083888648195,0.21175863411075346,False
KAJARIACER.NS,KAJARIA CERAMICS LTD,1213.800048828125,-1.5903674364070253,2.2193538544759583,11.466169480323018,23.533008062611692,0.2583952460639937,190740250624.0,35.398075,Industrials,0.020004052319480308,25.974178395057727,0.7869092345162738,0.21173034786867867,False
SAGILITY.NS,SAGILITY LIMITED,43.880001068115234,-6.279364899342344,8.916556238717522,2.9506137050608894,26.929590440743727,0.1074803105728115,202607902720.0,19.762556,Healthcare,0.017745965857275284,26.034538434520496,0.7927493181349667,0.21149680392669815,False
MOLBIO.NS,MOLBIO DIAGNOSTICS LTD,1501.0999755859375,29.349416250403927,44.100993179202334,44.100993179202334,92.78256284200397,0.4435173650362851,172986761216.0,103.81051,Healthcare,0.022773968692207137,25.876480903758797,0.7774565979109876,0.21144462599690228,False
DEVYANI.NS,DEVYANI INTERNATIONAL LTD,129.52999877929688,-7.000287252622572,14.902860748766212,23.79814793033983,24.63130120106694,0.6077581779568781,159702679552.0,,Consumer Cyclical,0.025231445515097265,25.796579670692868,0.7697258229397498,0.2113550398712604,False
PFOCUS.NS,PRIME FOCUS LIMITED,285.6499938964844,-6.954399382252651,21.351796863569806,-15.262536717733589,44.17286337320584,-0.05923567041783208,216499142656.0,156.17978,Communication Services,0.015251453975578868,26.100852424367257,0.7991654710937985,0.2112299582551338,False
CHOLAHLDNG.NS,CHOLAMANDALAM FIN HOL LTD,1424.5999755859375,-6.626465151833005,-14.273066003945534,-9.83274166087974,20.402438561548472,-0.5158002868004044,267507761152.0,10.024629,Financial Services,0.008420040132940647,26.312414416517658,0.8196349693859213,0.21122377244618581,False
BBOX.NS,BLACK BOX LIMITED,839.9500122070312,17.92909964296683,-9.725428153024385,72.35413668045472,49.993892890053274,0.736995214659651,149174452224.0,64.413345,Technology,0.027165173293890083,25.728382278318318,0.763127442991873,0.2111557407183858,False
DEEPAKFERT.NS,DEEPAK FERTILIZERS & PETR,1385.5999755859375,1.7252771765076114,-8.280676038857038,31.826208002504863,36.405304461671086,0.3783502659350164,175091793920.0,17.773216,Basic Materials,0.0217988965843153,25.88857621004007,0.7786268688502556,0.21100588965080036,False
BALRAMCHIN.NS,BALRAMPUR CHINI MILLS LTD,691.2999877929688,0.10136290642601686,23.259341693069715,44.714249555715945,38.410810111322554,0.764243185218493,146277351424.0,37.962658,Consumer Defensive,0.027572874978559172,25.708770323863234,0.76122990523406,0.21098713254243437,False
ZFCVINDIA.NS,ZF COM VE CTR SYS IND LTD,2187.39990234375,-14.283475604400909,-6.507169224758702,-7.726355753422009,22.411782233406118,-0.38694039029638977,246468575232.0,2.2877033,Consumer Cyclical,0.010348124897180944,26.230500338460615,0.8117094433316125,0.21068845450578885,False
CARTRADE.NS,CARTRADE TECH LIMITED,2911.699951171875,-2.949803394451489,4.892108995481648,60.31824851075156,38.55689031797463,0.80496108525267,141551960064.0,62.942066,Consumer Cyclical,0.028182122423401797,25.67593269556493,0.7580527287973227,0.210649774016882,False
HONASA.NS,HONASA CONSUMER LIMITED,478.29998779296875,1.539114783543205,2.925126957723223,44.81056189284731,41.21304440051185,0.5724071670275316,155937374208.0,62.769028,Consumer Defensive,0.02470250092160815,25.772720316216173,0.7674173316519354,0.21038120860418996,False
AFFLE.NS,AFFLE 3I LIMITED,1450.199951171875,-10.287661542104853,-0.5145091754973685,3.8825179922546527,31.099601367995927,-0.008701914269957482,204101795840.0,42.829296,Communication Services,0.016007572581537205,26.041884705552505,0.7934601002599351,0.21037070450113668,False
FSL.NS,FIRSTSOURCE SOLU. LTD.,260.25,-1.5695892557808233,9.722162536884472,18.813918908422522,46.70447037489357,0.2571422021802697,179711803392.0,27.337183,Technology,0.019985303469863953,25.91462031245752,0.7811467435429406,0.2102756634881331,False
APLLTD.NS,ALEMBIC PHARMA LTD,834.2000122070312,3.217025440150545,4.35187696258168,17.559780520053803,25.453874752359457,0.4215019733062643,163972956160.0,23.651829,Healthcare,0.022444560222038824,25.82296734971555,0.7722789400908868,0.20990315518925082,False
VARROC.NS,VARROC ENGINEERING LTD.,820.0,-0.7684365914617408,26.187568530276927,64.20271779619529,39.12715146589264,1.0172972129741773,124187656192.0,62.906345,Consumer Cyclical,0.031359232322328845,25.54505961497683,0.7453902166307773,0.20986697839944096,False
IBULLSLTD.NS,INDIABULLS LIMITED,30.950000762939453,20.568759918008528,9.790706550527917,183.94497106517025,43.766096378300034,2.262560695913016,69365211136.0,16.550802,Real Estate,0.04999166657113628,24.962651298329437,0.6890398016920829,0.20975370035137292,False
TEGA.NS,TEGA INDUSTRIES LIMITED,2064.10009765625,33.494883031471076,27.664229140312347,19.526905787754266,53.790826029630054,0.4603331101137028,160029507584.0,562.0317,Industrials,0.023025576700305358,25.798624057582767,0.7699236258320646,0.20975008898324518,False
AARTIIND.NS,AARTI INDUSTRIES LTD,481.1499938964844,-2.0208363343990343,3.5674464085902358,14.365195857084888,29.861628448468963,0.26283444647102905,174533017600.0,32.932922,Basic Materials,0.020070474495055682,25.885379773303626,0.7783176003675168,0.20963225596317098,False
INDGN.NS,INDEGENE LIMITED,596.2999877929688,-0.8645074325904001,21.31216038500905,22.165858346795964,25.361366118159367,0.6822848470024047,143593783296.0,35.921684,Healthcare,0.026346561536564676,25.690254200819798,0.7594383937004339,0.20961951957753197,False
GODIGIT.NS,GO DIGIT GENERAL INS LTD,258.6000061035156,0.11615111294056568,-14.597088332669838,-18.870586320465687,32.53018080122473,-0.4239505928753556,239075442688.0,48.700565,Financial Services,0.009794354409621009,26.200044998854462,0.808762763184968,0.20953645660345777,False
KIOCL.NS,KIOCL LIMITED,344.6000061035156,-9.814184611617305,-7.897898777233259,-2.0048309157781663,36.040876669086,-0.14801587825443405,209431035904.0,284.7934,Basic Materials,0.013923067326669007,26.06766033789124,0.7959539993614383,0.20943080033536132,False
BRIGADE.NS,BRIGADE ENTER. LTD,569.0999755859375,-18.244505739724904,13.58896248864918,8.612039851332721,43.2293921756154,0.10950437389857284,185618989056.0,26.730858,Real Estate,0.01777625119636165,25.94696196379455,0.784275932156069,0.20940117143628847,False
GILLETTE.NS,GILLETTE INDIA LTD,7057.0,-3.494017094017099,-7.707276079253267,-6.5064678484211385,17.604866040388703,-0.35582322251489495,229953863680.0,34.421032,Consumer Defensive,0.010813720002667778,26.1611445330569,0.8049989821290592,0.20936003553426563,False
ARVIND.NS,ARVIND LIMITED,534.6500244140625,-3.309519375888359,2.555136943801184,40.80398559379002,29.593147629388145,0.6929519718882545,140152963072.0,33.838608,Consumer Cyclical,0.02650616992931249,25.66600025648855,0.7570917242111773,0.2091525584997787,False
MANORAMA.NS,MANORAMA INDUSTRIES LTD,1985.5999755859375,-0.353064029481609,31.477502126825474,55.5003964458112,39.88155662467566,0.930827159117388,125335822336.0,46.4794,Consumer Defensive,0.030065411685129138,25.554262550542816,0.746280638733234,0.20911921844715536,False
MINDACORP.NS,MINDA CORPORATION LTD,659.5999755859375,-6.1468430502814915,-3.366955406424166,28.371278313221392,26.623559370063592,0.4487072430146633,155244052480.0,31.484484,Consumer Cyclical,0.022851622989081923,25.768264247725053,0.7669861885839324,0.20888526438779453,False
CHALET.NS,CHALET HOTELS LIMITED,818.2000122070312,-8.655077202788231,2.404741908579555,8.581065259092991,25.638520424411325,0.12796915372350617,179180994560.0,33.950207,Consumer Cyclical,0.01805253312441982,25.911662274725508,0.7808605411504977,0.2087545351309393,False
RATNAMANI.NS,RATNAMANI MET & TUB LTD.,2564.89990234375,-5.94426467386322,-1.0275272468391328,11.84568920299023,55.4683980260935,0.0797883777084924,182021914624.0,42.08232,Basic Materials,0.017331621322655894,25.927392926801975,0.782382546840368,0.20859435270208393,False
USHAMART.NS,USHA MARTIN LTD.,516.7000122070312,0.49596181501201375,6.31714198018638,20.560885816956965,30.34318966597629,0.40453156046728767,155746402304.0,29.304125,Basic Materials,0.022190637975277747,25.771494895181856,0.7672987670954472,0.20846767025532012,False
SUMICHEM.NS,SUMITOMO CHEM INDIA LTD,418.04998779296875,-15.271586346902977,-10.285207604916147,0.9412995538474522,24.16369467862322,-0.23461767122527274,209316757504.0,35.84188,Basic Materials,0.012627275523997766,26.06711452771798,0.795901189968334,0.20844575413508182,False
RKFORGE.NS,RAMKRISHNA FORGINGS LTD,700.4500122070312,-0.057068330290210856,23.645191916510377,31.258734676179767,30.56220525499179,0.7431240990874606,132961894400.0,123.35052,Industrials,0.027256877610032235,25.613328415853672,0.7519955056467759,0.20844153461921813,False
TI.NS,TILAKNAGAR INDUSTRIES LTD,547.7999877929688,2.5700349817777024,24.456293126047512,29.98277088213186,34.04833889440374,0.6708779669224701,137471787008.0,,Consumer Defensive,0.02617588445016058,25.646684547610544,0.7552228494389619,0.2084376256973609,False
TMB.NS,TAMILNAD MERCA BANK LTD,886.25,-4.954690503749326,15.382115371626327,37.61932906179426,35.22831861229358,0.6367990845061173,137765765120.0,9.538428,Financial Services,0.02566597426280249,25.64882072577022,0.7554295335165069,0.20810686407622858,False
CREDITACC.NS,CREDITACCESS GRAMEEN LTD,1265.800048828125,-12.286045995241867,-17.628679049359242,2.4441626609668976,30.784343343271818,-0.21191719148969917,202856529920.0,16.816793,Financial Services,0.012966934722138916,26.035764816965642,0.7928679757119316,0.20794219496958707,False
EIHOTEL.NS,EIH LIMITED,300.70001220703125,3.0147374082055034,-6.103653512734986,-1.92709191802648,34.84663875259912,-0.06289543581778793,188047015936.0,26.423552,Consumer Cyclical,0.015196694208577742,25.959957853281654,0.7855333382475742,0.20778085521832687,False
IRB.NS,IRB INFRA DEV LTD.,17.84000015258789,-9.211193389721616,-10.443550259598188,-14.189186585645785,32.94664732634369,-0.36634674626299235,215471521792.0,22.582277,Industrials,0.010656260262629919,26.09609458830527,0.7987051307644457,0.20766847788808387,False
ATLANTAELE.NS,ATLANTA ELECTRICALS LTD,1869.300048828125,-0.6589734105072242,13.105833124921794,46.313406743047246,54.11706030447666,0.49811757096071785,143742861312.0,32.486965,Industrials,0.023590932138736073,25.691291854959445,0.7595387910327875,0.20757789686224895,False
PARAS.NS,PARAS DEF AND SPCE TECH L,1323.300048828125,-6.473953919385278,3.7457070391446745,96.17930366269204,40.34685350613641,1.187665678830115,104328355840.0,105.68163,Industrials,0.03390839503497772,25.37080903008616,0.7285307514046924,0.2075639841274064,False
BLUESTONE.NS,BLUESTONE JEWEL LFSTL LTD,813.8499755859375,-3.4292523778181594,43.7389540868383,66.10877748933302,56.2995878343675,0.8080027979632443,124353454080.0,239.36763,Consumer Cyclical,0.028227634488005013,25.54639378389891,0.7455193029954611,0.20755055161486904,False
POLYMED.NS,POLY MEDICURE LIMITED,1619.5999755859375,-4.8693112724853105,-2.801894591064702,12.671249686428986,25.44052746384547,0.17771621353549175,166121308160.0,52.765617,Healthcare,0.01879688067312557,25.835984130473285,0.7735383674992843,0.20748225237966525,False
GRSE.NS,GARDEN REACH SHIP&ENG LTD,2137.300048828125,-15.386164065215347,-18.176908704115657,-15.064285504304964,24.03408899607617,-0.6683194099174844,244831993856.0,30.576538,Industrials,0.006137950782293289,26.223838072905178,0.8110648415672667,0.20736967347853663,False
JUBLPHARMA.NS,JUBILANT PHARMOVA LTD,989.2000122070312,6.998378821744855,2.4281400091462624,13.119581042233651,30.33418929720909,0.28640647695577626,156676587520.0,44.618855,Healthcare,0.020423174396831816,25.777449565579616,0.7678749060998977,0.20728610732259828,False
ESDS.NS,ESDS SOFTWARE SOLUTION L,1294.300048828125,42.481287323057515,42.481287323057515,42.481287323057515,121.98394334254449,0.34825310740625165,151706157056.0,126.1501,Technology,0.02134856351420897,25.74521130953725,0.7647557214094307,0.2072003529880144,False
PGIL.NS,PEARL GLOBAL IND LIMITED,1266.699951171875,11.196938421119684,29.80478381539131,68.36343688492126,50.367126966923834,0.9006378565168303,117268553728.0,37.847347,Consumer Cyclical,0.029613699896074874,25.487732472513112,0.7398435783484194,0.207171169509161,False
KTKBANK.NS,KARNATAKA BANK LIMITED,324.25,-3.1723403598007405,25.284708119126442,35.1351567910859,30.55301136188442,0.8024912002325787,122625343488.0,8.408973,Financial Services,0.02814516641299157,25.532399555961554,0.7441653035272596,0.2071502006915586,False
BLISSGVS.NS,BLISS GVS PHARMA LTD,676.4500122070312,0.812222385548611,31.874450942406817,166.7667577435291,47.69772903428133,1.9520459467310391,71927250944.0,53.68651,Healthcare,0.045345544905572056,24.998921041619035,0.6925490494580727,0.20714642104369724,False
JNPR.NS,JUNIPER GREEN ENERGY LTD,280.6000061035156,5.846850110575863,8.043592982848647,8.043592982848647,32.97503790511793,0.23060608542873756,159660965888.0,305.0,Utilities,0.01958825300033221,25.796318440807546,0.7697005478672423,0.20711632671705973,False
AGARWALEYE.NS,DR AGARWALS HEALTH CARE L,486.8500061035156,-5.300519505250733,1.8834362006998395,11.906681936328978,18.362880326641392,0.2972446495285404,154344194048.0,104.69892,Healthcare,0.02058534211523521,25.76245097169633,0.7664237300698484,0.20704493910388852,False
FORCEMOT.NS,FORCE MOTORS LIMITED,17110.0,-1.9504214075152015,-3.948293614954834,-22.597087406520178,24.588877402667475,-0.5235341108874507,225445838848.0,18.00901,Consumer Cyclical,0.008304321675948993,26.141345784552907,0.8030833712739652,0.20699908407545306,False
IIFLCAPS.NS,IIFL CAPITAL SERVICES LTD,345.1499938964844,1.1576733728416055,2.0549915548786712,25.59129055305418,13.056915806054398,1.0449387603608196,108843737088.0,19.904844,Financial Services,0.03177282295698027,25.4131790858931,0.7326302296529437,0.2069871746309711,False
CONCORDBIO.NS,CONCORD BIOTECH LIMITED,1368.800048828125,-3.408364094977956,9.302733170248212,30.55805917488805,38.68096757372696,0.44952796710503795,143198666752.0,47.151222,Healthcare,0.022863903191512845,25.687498781045537,0.75917179543394,0.20694087625211963,False
KINGFA.NS,KINGFA SCI & TEC IND LTD.,6932.0,17.2502460137107,39.578021553638344,61.956519507128306,34.25446262371336,1.351698782423543,93938171904.0,41.623634,Basic Materials,0.03636276397713876,25.26590265711533,0.7183806256636158,0.206867229398758,False
TVSHLTD.NS,TVS HOLDINGS LIMITED,11813.0,-11.671900702856286,-16.76882970478405,-14.934831137034632,22.779022568169374,-0.6511449108707146,237383270400.0,12.047686,Consumer Cyclical,0.006394926698337927,26.192941846550386,0.8080755038030767,0.20681507097452262,False
IFCI.NS,IFCI LTD,65.51000213623047,-35.38172823927371,-11.353178912601724,16.919513766679685,70.0873620990671,-0.028857448442812503,176504537088.0,102.35938,Financial Services,0.015705992497988125,25.896612418876057,0.7794044053130735,0.20663059570175948,False
ITI.NS,ITI LTD,247.83999633789062,-9.049542628297013,-13.008072429815186,-16.66162812128138,20.413896509074902,-0.687920814544833,238633222144.0,134.69565,Technology,0.005844661941893494,26.19819357474235,0.8085836302399827,0.20652940401641579,False
MANYAVAR.NS,VEDANT FASHIONS LIMITED,505.3999938964844,-13.715793993858128,32.22456547232768,32.395280601986755,31.282169693606566,0.7391383452506028,122800701440.0,31.826197,Consumer Cyclical,0.02719724019408399,25.5338285647034,0.744303566037001,0.20647382165481323,False
SUDARSCHEM.NS,SUDARSHAN CHEMICAL INDS L,1229.199951171875,0.5233809362277464,33.639011908537974,52.36514532867182,30.567403119669166,1.1901224412336164,99154837504.0,136.85715,Basic Materials,0.03394515469634686,25.31994848048502,0.7236097827438526,0.20636131170822328,False
AADHARHFC.NS,AADHAR HOUSING FINANCE L,453.79998779296875,-6.152414590223798,-13.594825353110796,-3.8559347896252594,22.61691712630815,-0.31997720458782786,198942801920.0,17.616459,Financial Services,0.011350071209668083,26.01628319282303,0.7909830479512234,0.20625831539505693,False
IGL.NS,INDRAPRASTHA GAS LTD,141.3800048828125,-9.610478905017683,-4.841728617329,-7.897108158780142,22.881617705351278,-0.3200459224331681,197932220416.0,15.570485,Utilities,0.01134904300900809,26.01119048790943,0.790490307674619,0.20613435917541081,False
FIVESTAR.NS,FIVE-STAR BUS FIN LTD,514.3499755859375,-1.6633232788593189,-4.0488969638424965,21.950614191396014,37.915981658828166,0.24865433883154064,151833870336.0,13.756351,Financial Services,0.01985830259179691,25.746052801768986,0.7648371392653758,0.20610301176019163,False
TRITURBINE.NS,TRIVENI TURBINE LIMITED,526.0999755859375,-8.868874638776635,-17.064624789008253,13.593351835453205,25.484964247576457,-0.003786014600220193,169917792256.0,51.54291,Industrials,0.01608112743850125,25.85858058207777,0.7757246677076753,0.20599201250579477,False
RPEL.NS,RAGHAV PRODUCTIVITY ENH L,1825.300048828125,1.001554788916037,39.74124307618694,171.24504891001192,67.96621114732427,1.4381441408045177,86838411264.0,138.43338,Basic Materials,0.03765621510472411,25.18731488682139,0.7107769336513478,0.20593639474138004,False
ASKAUTOLTD.NS,ASK AUTOMOTIVE LIMITED,609.75,-1.4704655320251891,31.466950652242364,39.530015490541494,40.08675930646168,0.7212107023367432,120207695872.0,37.990658,Consumer Cyclical,0.026928995254434544,25.512486882563692,0.7422386699672042,0.20575641393262697,False
SPLPETRO.NS,SUPREME PETROCHEM LIMITED,798.3499755859375,3.5406248914044314,10.189501634709597,8.043389608521977,42.24246500797836,0.1843327625719699,153338314752.0,31.618843,Basic Materials,0.018895881741225026,25.7559125247533,0.7657911082686772,0.20561968837308808,False
DYNAMATECH.NS,DYNAMATIC TECHNOLOGIES,14279.0,22.524455122704644,35.42959964262589,42.649273148696466,31.125953093703302,1.1713185900123022,96975011840.0,228.50055,Consumer Cyclical,0.03366379936367571,25.29771917237607,0.7214590051880818,0.20561260081977722,False
SARDAEN.NS,SARDA ENERGY & MIN LTD,501.0,-1.484610750997084,1.5696528826464995,-7.132833207600453,27.425176074652818,-0.12369812612497297,176666361856.0,15.642746,Basic Materials,0.014286925195978448,25.897528829485246,0.7794930718320878,0.2055884618550058,False
MSUMI.NS,MOTHERSON SUMI WRNG IND L,33.310001373291016,-8.789701654536131,-17.071215951850494,-12.406749281560192,21.19389236556831,-0.617285373114349,220900671488.0,35.06316,Consumer Cyclical,0.006901554909623459,26.120978987155098,0.8011127993375179,0.20545436601659706,False
CHOICEIN.NS,CHOICE INTERNATIONAL LTD,727.1500244140625,-4.441814475426121,-5.454421077040794,5.975369604484371,24.144900937283396,0.019175708578311527,161991933952.0,63.340595,Financial Services,0.016424695529290857,25.810812380525633,0.771102896518292,0.20509424577654115,False
PCBL.NS,PCBL CHEMICAL LIMITED,327.70001220703125,3.3753981725650695,11.877243025328177,22.57014746897472,29.604697385074314,0.5243534860079606,127816327168.0,47.91298,Basic Materials,0.023983490797022094,25.57386012635577,0.7481767852979146,0.20503181442224522,False
CAMS.NS,COMPUTER AGE MNGT SER LTD,693.9000244140625,-7.331725998115967,-6.679558274989206,0.09536868466404336,26.453840278504686,-0.12937737219346424,172377522176.0,34.90443,Technology,0.014201948658559855,25.872952804871613,0.7771152397425776,0.20493027142956427,False
SAREGAMA.NS,SAREGAMA INDIA LIMITED,503.70001220703125,2.222224699549713,12.634167812554375,58.8207541859312,30.066487581037503,1.1190223761535183,96315670528.0,43.068672,Communication Services,0.032881309730328594,25.290896868669865,0.7207989190703294,0.2048607120653288,False
ELANTAS.NS,ELANTAS BECK INDIA LTD.,13937.0,14.060070382191658,50.54007344998921,51.235984180267224,53.80622081285801,0.8101670688297329,110488100864.0,62.21875,Basic Materials,0.028260017702616984,25.42817366762619,0.7340810174908574,0.2047152676496771,False
METROBRAND.NS,METRO BRANDS LIMITED,818.8499755859375,-11.871069895056186,-21.810059361476274,-17.565558575016325,24.50578274710554,-0.7222789517437721,223212552192.0,55.03024,Consumer Cyclical,0.005330573364623152,26.131390303296136,0.8021201372615068,0.20452796433884407,False
EMIL.NS,ELECTRONICS MART IND LTD,201.4199981689453,15.931847473591997,54.87888769120859,100.33817021563016,45.14166914520199,1.5466667987789797,77496098816.0,37.578358,Consumer Cyclical,0.03928000100780299,25.07349343419356,0.6997642370583037,0.20440106002042818,False
PRIVISCL.NS,PRIVI SPECIALITY CHE LTD,3442.199951171875,2.2243311037819957,-5.1504175655151085,17.48216675954639,24.533077209917593,0.31144989538755374,136528060416.0,39.025238,Basic Materials,0.020797890152724888,25.639796001265154,0.7545563540717225,0.2042375061324743,False
RAMCOCEM.NS,THE RAMCO CEMENTS LIMITED,837.0999755859375,-5.358962624540697,-10.413098416776467,-15.491113903485942,24.05797033809286,-0.49635438207686783,198178422784.0,30.744135,Basic Materials,0.008711002283629251,26.01243358704817,0.7906105826608713,0.20418589737793974,False
J&KBANK.NS,J & K BANK LTD.,139.5,-7.01240099510655,-15.943604268157852,14.74870473816341,23.411999725786416,0.0507769905811551,153614958592.0,6.671449,Financial Services,0.016897534263553268,25.757715039591385,0.7659655090389891,0.20416452795741222,False
SCI.NS,SHIPPING CORP OF INDIA LT,289.0,-2.149993557572516,4.46079644756483,21.397905894737868,34.224732333036506,0.33914635348602923,133451415552.0,8.29233,Industrials,0.021212302396812224,25.61700332010674,0.7523510678418908,0.20399699375808186,False
ACC.NS,ACC LIMITED,1177.0,-8.319056298962902,-11.841807990188292,-14.950046079827484,16.922412865660082,-0.7499744153959803,221025615872.0,11.60864,Basic Materials,0.004916176000081346,26.121544440674846,0.8011675093056889,0.20397900932648325,False
WABAG.NS,VA TECH WABAG LTD,1999.5,-0.28923595905333555,-9.024227467868373,50.39981518527337,48.419773600755825,0.4633394683954484,125814276096.0,31.199444,Industrials,0.02307055976917427,25.558072657262176,0.7466492823264996,0.2039652404085056,False
PCJEWELLER.NS,PC JEWELLER LTD,12.930000305175781,9.02192815744407,34.40748917872085,40.543484491752224,74.7024760838692,0.4336988053002889,127402762240.0,17.554054,Consumer Cyclical,0.02262705707775331,25.570619261489934,0.7478632182097913,0.2039360973607628,False
PVRINOX.NS,PVR INOX LIMITED,1231.4000244140625,0.3422484851125285,22.900345267885513,28.935662023274066,45.96539925921231,0.46570647995120484,125450952704.0,47.094913,Communication Services,0.023105976520555044,25.555180704030523,0.7463694738829577,0.20392185086115572,False
PGEL.NS,PG ELECTROPLAST LTD,527.6500244140625,-6.117845803796806,-6.184587760527139,10.024874224140113,35.44915461649461,0.054542672286981744,150869164032.0,68.03617,Technology,0.016953878818538663,25.739678834807368,0.7642204315831086,0.20377051700968116,False
GUJENERGY.NS,GUJARAT ENERGY LIMITED,229.97000122070312,-9.596938872524385,-16.927516510250097,-25.463429176599472,27.388616682570767,-0.7203488056304217,215764942848.0,10.2848835,Utilities,0.005359453453889658,26.097455424530125,0.7988367973010357,0.20372878941567618,False
PRUDENT.NS,PRUDENT CORP ADV SER LTD,3108.10009765625,-7.1543790480733005,3.5230657738693605,32.601980367148585,49.58847996436268,0.32118415642595616,132753956864.0,54.1754,Financial Services,0.02094354043577239,25.6117633035169,0.7518440745509588,0.203668673964569,False
ATUL.NS,ATUL LTD,6000.0,-6.044472283119329,-4.390936497312781,-6.612160026994918,19.14406202108607,-0.30465088404888246,176650534912.0,22.207418,Basic Materials,0.01157939348855167,25.897439238842082,0.7794844035665899,0.20355564600806123,False
LLOYDSENT.NS,LLOYDS ENTERPRISES LTD,78.83000183105469,6.196953073007538,10.514509753923429,29.084481923947834,36.39849572014201,0.5202408541228125,120349073408.0,39.218906,Basic Materials,0.023921954949999,25.51366230201,0.7423523966631206,0.2035295653782794,False
EMAMILTD.NS,EMAMI LIMITED,384.0,4.90370517842591,-5.639516284215196,-8.342286952783306,29.926846084771146,-0.16313972117136397,165015552000.0,22.39067,Consumer Defensive,0.013696774648372562,25.829305560956826,0.7728921882592352,0.20349562805108823,False
ZYDUSWELL.NS,ZYDUS WELLNESS LIMITED,502.3999938964844,-5.510629610280726,-10.090443449469166,2.8403749460346406,32.54519496106838,-0.08324029052635924,158953095168.0,81.23577,Consumer Defensive,0.014892281389240605,25.79187499670879,0.7692706262614464,0.20348686760729204,False
SKFINDUS.NS,SKF IND (INDUSTRIAL) LTD,2729.5,-9.09242298084929,-3.8129951024780118,21.828578527175168,32.87461797268782,0.24188588725316498,136443830272.0,65.77454,Industrials,0.01975702866003213,25.639178867050635,0.7544966437824513,0.2034419324406369,False
SOUTHBANK.NS,THE SOUTH INDIAN BANK LTD,47.22999954223633,-0.12687961964347183,9.140394705293286,24.9852084908764,31.51696017444896,0.4825765761808859,121230622720.0,8.264286,Financial Services,0.02335839776559851,25.520960541382298,0.7430585315262321,0.20328343120575693,False
PARKHOSPS.NS,PARK MEDI WORLD LIMITED,267.75,-6.462882096069866,-6.167866033663561,29.87485217493251,21.679679787323025,0.5440343203088216,117744361472.0,41.491627,Healthcare,0.02427796811535399,25.49178168311677,0.7402353562320247,0.20326731514452168,False
EDELWEISS.NS,EDELWEISS FIN SERV LTD,135.52999877929688,0.7004742463700309,16.902582891931605,19.387709634474113,42.31692535908251,0.3522166227168798,128283435008.0,18.14324,Financial Services,0.021407868183004955,25.577507988845035,0.7485297310904692,0.203188333909871,False
TATACHEM.NS,TATA CHEMICALS LTD,616.5499877929688,-1.3677792556229806,-13.210871818100124,-3.6210577897451635,70.85204528498885,-0.0853517533194358,156547727360.0,,Basic Materials,0.014860688323034284,25.776626767596525,0.7677952969898754,0.20309434048974456,False
RATEGAIN.NS,RATEGAIN TRAVEL TECHN LTD,849.4500122070312,-0.19973120581199266,-10.44280314106154,53.899808573318865,28.00314194063631,0.8490874757102059,101194637312.0,41.723633,Technology,0.02884236989721102,25.340311601417444,0.7255799989670587,0.20302677716467293,False
TENNIND.NS,TENNECO CLEAN AIR INDIA L,487.0,-5.902809103183559,-17.071094082588335,-14.320904454213224,22.60441270576468,-0.5955625765269731,197059805184.0,33.282207,Consumer Cyclical,0.007226585382820414,26.00677309923272,0.7900629070387369,0.20293566579679956,False
THANGAMAYL.NS,THANGAMAYIL JEWELLERY LTD,4747.0,-10.971492873218303,-25.305533857062855,17.90454732387763,40.75098907641139,-0.020458032766763445,150328197120.0,38.445946,Consumer Cyclical,0.015831669965011445,25.736086721705085,0.7638728797744643,0.20284197241737464,False
CYIENT.NS,CYIENT LIMITED,1119.4000244140625,1.5973838088550574,34.08397402520307,25.747024159074815,45.44307917574579,0.5153299792425363,116531380224.0,32.884842,Industrials,0.023848475277171106,25.48142643183628,0.7392334428153189,0.20269471716170806,False
SUNFLAG.NS,SUNFLAG IRON AND STEEL CO,455.0,32.76727764764236,37.11572357976893,90.25271064468168,50.143995615751315,1.2526829414610094,82738749440.0,40.2014,Basic Materials,0.03488122519309703,25.138953883543483,0.70609780644168,0.20268537050524277,False
GODREJAGRO.NS,GODREJ AGROVET LIMITED,648.0999755859375,0.5039931957889765,19.37724665611229,12.573409870251574,33.263430434052765,0.3667895166416836,124701818880.0,27.911283,Consumer Defensive,0.02162591720764024,25.549191275580558,0.7457899718931098,0.20266693087900764,False
KIRLOSBROS.NS,KIRLOSKAR BROTHERS LTD,1745.300048828125,-6.267451727812833,-5.499884365815399,14.490765264469907,31.307072478002528,0.13868837400366557,138592403456.0,37.118248,Industrials,0.01821292100200955,25.654803113087585,0.7560083542476358,0.2026617793134161,False
YASHO.NS,YASHO INDUSTRIES LIMITED,4042.89990234375,-2.2060470999288095,41.33337680375953,175.25852468226714,45.555596097102864,2.186077551214898,53379174400.0,92.56116,Basic Materials,0.048847276500878604,24.700686514355073,0.6636936246984977,0.20255886355028338,False
VTL.NS,VARDHMAN TEXTILES LIMITED,549.4000244140625,-8.15780454649666,-11.201358451895182,0.7655110211175709,35.94309518299028,-0.12823639452069588,156186673152.0,18.12395,Consumer Cyclical,0.014219020701351184,25.774317751589194,0.7675718901352786,0.20255723805983303,False
ICIL.NS,INDO COUNT INDUSTRIES LTD,473.1499938964844,5.1911975849725955,15.521778144566124,95.11441854869345,54.91862771322103,0.9696524558446246,93709410304.0,62.093178,Consumer Cyclical,0.030646340780354366,25.26346445129743,0.7181447191601932,0.20252093537531407,False
KFINTECH.NS,KFIN TECHNOLOGIES LIMITED,863.7999877929688,-7.008293132746768,3.24853735788051,-1.8777218490960035,30.474065595817844,-0.04482363337420388,149326905344.0,43.869984,Technology,0.015467096155957467,25.729403735202112,0.7632262731726903,0.20240689041014068,False
KENNAMET.NS,KENNAMETAL INDIA LIMITED,4268.60009765625,-8.955953979817643,51.93992475386497,74.72058644095134,54.63127900409861,0.9362965828769599,93816315904.0,47.864994,Industrials,0.03014724872602476,25.264604621382272,0.7182550353345077,0.20217419537814552,False
LTFOODS.NS,LT FOODS LIMITED,408.1499938964844,-8.021644686117735,7.578152518155967,0.9798113751169568,26.883937702548582,0.04311208121973645,141731282944.0,22.133947,Consumer Defensive,0.016782846953071272,25.677198728119816,0.758175222686497,0.2021309408864277,False
GNFC.NS,GUJ NAR VAL FER & CHEM L,629.5,9.396626795349516,31.157257426114015,52.33832347800194,38.89173805449776,0.9615323509723888,92499165184.0,8.924015,Basic Materials,0.030524842541468977,25.250465456397038,0.7168870126071005,0.20211538505787685,False
LUMAXTECH.NS,LUMAX AUTO TECH LTD,1856.9000244140625,-4.867052554524043,28.637943771720508,7.958660141526908,41.33665681671122,0.28055734508277375,126562041856.0,39.051525,Consumer Cyclical,0.020335655918590476,25.56399847434541,0.7472226296533601,0.20205739935228287,False
BLUEJET.NS,BLUE JET HEALTHCARE LTD,538.1500244140625,-5.357160108328241,-4.162989602118339,45.78937795562024,22.00500245711067,0.9349855840586653,93350420480.0,39.71587,Healthcare,0.030127632717351242,25.259626211273222,0.7177733535532536,0.2020390629263268,False
MARINE.NS,MARINE ELECTRICAL (I) LTD,478.8500061035156,10.887804498844545,93.49955151907305,151.02233770571897,64.19229498200988,1.6472163090030774,67012382720.0,104.324615,Industrials,0.04078448753910225,24.92814325599221,0.6857010057840534,0.20201361710034002,False
DCMSHRIRAM.NS,DCM SHRIRAM LIMITED,988.8499755859375,-3.1393915233296155,-4.6117413158411,-10.478876943886984,48.82161828227412,-0.1485169772392781,153128173568.0,10.7647505,Industrials,0.013915569560922905,25.754541143379207,0.7656584214452574,0.20185128253200654,False
UJJIVANSFB.NS,UJJIVAN SMALL FINANC BANK,65.19000244140625,1.1795780422639845,9.324167824414143,10.75433531331198,37.554973515818304,0.22394726516493524,128594132992.0,14.679289,Financial Services,0.019488619442904573,25.579927025570797,0.7487637829048961,0.20180741030840246,False
BASF.NS,BASF INDIA LTD,3472.10009765625,-10.163259453350882,1.1184033474528787,-1.3584802222730508,20.54851171508865,-0.115646866809835,150292070400.0,24.078365,Basic Materials,0.014407393323298275,25.73584637383718,0.7638496251235622,0.20176795127336428,False
SBCL.NS,SHIVALIK BIMETAL CON. LTD,1099.5999755859375,-1.917759385264739,58.350145435339606,135.7044074523578,48.56642795069792,1.7496385685238993,63197564928.0,58.29437,Industrials,0.042316995351530995,24.86953160775251,0.680030086251928,0.20174526807663024,False
KWIL.NS,KWALITY WALL'S (INDIA) L,38.290000915527344,-9.093062947487685,20.446680757486767,59.941520724091355,34.98891496222771,0.9799146968640748,89965854720.0,,Consumer Defensive,0.030799891039925986,25.222696043300438,0.7142002069659908,0.2016499700214422,False
FCL.NS,FINEOTEX CHEMICAL LIMITED,59.20000076293945,14.929145198965244,62.85026381576413,158.89562855646432,65.94884082797721,1.5358681242847452,68938448896.0,46.25,Basic Materials,0.039118424285089444,24.95647989846377,0.6884426932146751,0.20144949151748587,False
WELENT.NS,WELSPUN ENTERPRISES LTD.,723.0999755859375,-11.123402497010137,18.463294014455258,62.23724262953092,48.78238152550164,0.7058476429854884,100740710400.0,30.234024,Industrials,0.0266991232657794,25.335815829065535,0.7251450143862095,0.2013105960458869,False
ELPROINTL.NS,ELPRO INTERNATIONAL LTD,174.38999938964844,0.22413758025772168,0.4377092008658767,65.53393632225519,9.857503318808437,3.341932269121375,29555466240.0,22.9159,Real Estate,0.06614191922318836,24.10953454646627,0.6064972253165025,0.2012307457465169,False
VISL.NS,VEDANTA IRON AND STEEL L,30.739999771118164,-13.139304037090193,-15.96501303337453,45.96391524524963,48.29670069145683,0.3222703141629995,119149518848.0,,Basic Materials,0.0209597922273784,25.503645002287456,0.7413831814582621,0.20106563953509932,False
MBAPL.NS,MADHYA BHARAT AGRO P. LTD,166.9499969482422,0.4996399322484857,41.42311955302931,54.69145013368555,29.03758842420703,1.3731370641161287,73146580992.0,47.294617,Basic Materials,0.03668353735523688,25.015731223648306,0.6941755041385232,0.20105652905105847,False
KANSAINER.NS,KANSAI NEROLAC PAINTS LTD,184.0,-5.252315709850741,-9.817183207928014,0.48106424089142674,21.631570890867728,-0.17359284735601627,148829241344.0,24.797844,Basic Materials,0.01354036824201881,25.726065454454297,0.7629032806948286,0.20088109635522125,False
ZENTEC.NS,ZEN TECHNOLOGIES LIMITED,1614.300048828125,-10.386364663606306,-11.187389637738788,5.34477724950102,26.741425501288564,-0.10325183296814484,143818276864.0,79.04103,Industrials,0.014592855802710254,25.691816373357216,0.7595895403584969,0.20084202694165693,False
METROPOLIS.NS,METROPOLIS HEALTHCARE LTD,552.6500244140625,-6.123660106242845,0.6007188449594691,21.195310567552596,24.963939891404326,0.38267753236027713,114649399296.0,56.915554,Healthcare,0.021863643931563818,25.465144606786097,0.7376581088592064,0.20081226016347445,False
SJVN.NS,SJVN LTD,57.15999984741211,-12.371612899301942,-19.965941001221122,-18.547902689425044,16.836000498867353,-1.0535789794659962,223094472704.0,35.04321,Utilities,0.0003734489746954627,26.13086116311161,0.8020689407588015,0.20079732192072197,False
PAISALO.NS,PAISALO DIGITAL LIMITED,81.12999725341797,9.619162082566678,16.807308003759314,112.41578747456758,54.26052882405956,1.164270233314586,79566815232.0,30.555956,Financial Services,0.03355833731124131,25.099862948814472,0.7023155967283959,0.20074765216552998,False
KMEW.NS,KNOWLEDGE MARINE & EN W L,3202.300048828125,5.568014502600693,43.15795022713624,88.23772282747917,52.072079330451906,1.1172945296090673,81224146944.0,59.511242,Industrials,0.03285545657750383,25.120478416076466,0.7043102285033259,0.20071914955895936,False
JSWDULUX.NS,JSW DULUX LIMITED,3004.800048828125,-5.345722197885494,-1.2228780792858274,2.378911226687519,22.73172322821664,-0.010846175080215596,136839528448.0,6.9725027,Basic Materials,0.015975488770274115,25.642074751047247,0.7547768325437704,0.20067582471364817,False
CESC.NS,CESC LTD,134.42999267578125,-8.238912849296076,-14.88001904522478,-10.983013828848199,19.97588319187612,-0.5808651905808481,178196430848.0,11.489743,Utilities,0.007446497137258307,25.906152322876814,0.7803274305061417,0.20066673047947917,False
TBZ.NS,TRIB BHIMJI ZAVERI LTD,597.9000244140625,24.342313990810016,202.9556127695436,329.72599358020733,88.429180563803,2.607941653944495,40305295360.0,18.857323,Consumer Cyclical,0.05515947890923222,24.419748695802998,0.6365117280894119,0.20049754120427715,False
ROSSTECH.NS,ROSSELL TECHSYS LIMITED,1612.0999755859375,40.15283778146221,67.11144691740954,101.99917082332072,46.61601536523584,1.6982057865999882,61002289152.0,235.68712,Industrials,0.04154742494289035,24.83417722751396,0.6766094036493666,0.20031291961950942,False
RPTECH.NS,RASHI PERIPHERALS LIMITED,943.4500122070312,14.545011138461806,25.655377872487172,151.69535282731948,52.716050355927216,1.6399804503134168,62537609216.0,19.843025,Technology,0.04067621996110295,24.859033960183353,0.6790143954049851,0.20026076382207347,False
AXISCADES.NS,AXISCADES TECH LTD,2288.5,33.705306884955434,48.942401561991545,33.61162627043135,55.79059097240216,0.6852337341081396,97337884672.0,222.40039,Industrials,0.026390684684683568,25.301454109792395,0.7218203758401898,0.20024810747356012,False
MAXESTATES.NS,MAX ESTATES LIMITED,564.9500122070312,4.215096412132446,30.866341494587914,52.97861653971805,46.19640064315631,0.792101321540744,92414451712.0,773.9041,Real Estate,0.027989706356360163,25.249549207184593,0.7167983617038893,0.20019187019324244,False
AARTIPHARM.NS,AARTI PHARMALABS LIMITED,975.0,13.805750971980357,42.42095473856995,43.52944939585983,41.99556181400245,0.8870499572787963,88412823552.0,41.48936,Healthcare,0.02941038899633293,25.205282858886157,0.7125154093092589,0.20018664407456443,False
TRAVELFOOD.NS,TRAVEL FOOD SERVICES LTD,1204.300048828125,-6.356211089037112,-9.362769286429373,-6.9163069829003,21.99209803024711,-0.34276977505628703,155984347136.0,32.83338,Consumer Cyclical,0.011009034090670083,25.773021500296284,0.7674464724581398,0.2001183936825375,False
YATHARTH.NS,YATHARTH HOSP & TRA C S L,1003.0,1.2006885992532856,21.353534661315045,42.870486967111844,47.78954941003008,0.5876063270711599,101075722240.0,55.797874,Healthcare,0.024929920543262565,25.339135798042573,0.7254662351244651,0.20006399918856319,False
WEWORK.NS,WEWORK INDIA MANAGEMENT L,651.0,-2.3914854059677415,-11.728813559322038,38.05535295354896,19.590097947264976,0.7672618772748677,92737519616.0,108.762215,Real Estate,0.027618042593307707,25.253038969994584,0.7171360106981768,0.19999753461952496,False
KRN.NS,KRN HEAT EXCHANGE N REF L,1462.300048828125,-7.373149169818238,21.34263367793472,51.65940990614119,44.14139645095953,0.696803175585125,95719948288.0,94.34194,Technology,0.026563794119408672,25.28469255975451,0.7201986265061701,0.19997250221609902,False
KISSHT.NS,ONEMI TECHNOLOGY SOL LTD,383.1000061035156,23.860336638598657,26.58186480405074,83.62651446933673,38.415937306727685,1.4202408642682824,68235509760.0,20.120798,Financial Services,0.03738833475050995,24.94623093727613,0.6874510638043353,0.1999040170139663,False
IOLCP.NS,IOL CHEM AND PHARMA LTD,214.89999389648438,7.4768678051603255,28.597925385425714,165.83375016279942,59.01154669303593,1.5758208599446486,63079063552.0,37.56993,Healthcare,0.03971622284775693,24.867654753544244,0.679848492839897,0.19974929034579195,False
INGERRAND.NS,INGERSOLL-RAND INDIA LTD,4130.7998046875,-14.735698017304266,-4.8358912899737145,9.264807726037393,27.11472456771113,0.008648322131080221,130401091584.0,48.746754,Industrials,0.01626717799306077,25.59388085745454,0.750113873887731,0.19972885196672832,False
SUVEN.NS,SUVEN LIFE SCIENCES LTD,306.29998779296875,-18.968257197627313,-4.086431207493635,81.17827529650212,41.60397229659997,0.8549557862418208,87820476416.0,,Healthcare,0.02893017533889462,25.19856052699125,0.7118649958779841,0.199663880473667,False
CANHLIFE.NS,CANARA HSBC LIFE INS CO L,143.1300048828125,-8.967748666202457,1.143221412132478,-1.7376824419906511,22.470102183322016,-0.1032226961662149,135613521920.0,102.97123,Financial Services,0.014593291766306409,25.633074926662495,0.7539060622886761,0.19942148439689883,False
KSB.NS,KSB LIMITED,809.0999755859375,-0.5469869428802343,-12.77490331165081,-5.497889112330768,36.21712794958325,-0.18474167657264284,140815122432.0,57.382977,Industrials,0.013373552278830254,25.67071367854646,0.7575477673018276,0.1994171060345796,False
IGIL.NS,INTL GEMOLOGICAL INST LTD,319.6000061035156,-1.2055622554820289,-4.660006938847561,-4.447825990559795,26.986496537941974,-0.14314668532301542,138118234112.0,23.431086,Basic Materials,0.01399592332733266,25.651375924221398,0.7556767595413744,0.19941613238084308,False
CCL.NS,CCL PRODUCTS (I) LTD,1054.9000244140625,-4.637491323649668,-10.443695252378726,-1.6786915342156372,25.89969392955419,-0.18918959508516953,140664832000.0,32.528522,Consumer Defensive,0.013306999657345586,25.66964581958234,0.7574444475277031,0.19934136162493496,False
MAHSCOOTER.NS,MAHARASHTRA SCOOTERS LTD,12315.0,-8.394258253085617,-3.3267683803797743,-4.595573173950706,25.933931653666427,-0.19182084760415763,140742819840.0,50.53137,Financial Services,0.01326762916248746,25.670200089101918,0.7574980753975729,0.19932524072125882,False
SGMART.NS,SG MART LIMITED,742.8499755859375,-9.930284863784477,11.038860326747013,39.84374219035545,34.30783157281539,0.6193184251452822,96415399936.0,77.0141,Industrials,0.025404417378954998,25.291931776187994,0.7208990506556843,0.19927807569813732,False
CHAMBLFERT.NS,CHAMBAL FERTILIZERS LTD,404.79998779296875,-3.400548959576677,-9.035207790426558,-9.864611604370154,16.254970801129566,-0.5120266306561427,162184036352.0,8.410554,Basic Materials,0.008476504006609875,25.811997554258927,0.7712175669818423,0.199161769750418,False
WESTLIFE.NS,WESTLIFE FOODWORLD LTD,594.5999755859375,12.061817366147686,18.128088464568727,30.284912479288415,32.635211014672635,0.7045533194561591,92229206016.0,289.85367,Consumer Cyclical,0.026679756763519174,25.247542685428805,0.716604222420005,0.19916087317764064,False
ALKYLAMINE.NS,ALKYL AMINES CHEM. LTD,1962.199951171875,-2.9046500337990167,5.858867987501348,44.678962466715724,45.463284278110336,0.517257210862212,100363042816.0,44.636032,Basic Materials,0.02387731175790616,25.332059877006543,0.7247816104804542,0.19910338643854317,False
PRECWIRE.NS,PRECISION WIRES INDIA LTD,507.3999938964844,7.318106386810319,35.91571966043148,65.96632297150344,70.17306928322026,0.6444281135556962,94219231232.0,54.138657,Industrials,0.02578012470894988,25.268890150908856,0.7186696780519146,0.19900251304469108,False
AEROFLEX.NS,AEROFLEX INDUSTRIES LTD,560.75,4.335284633688574,39.988185156906276,104.50436673689505,56.835702816132574,1.1456829530509234,74204479488.0,108.672485,Industrials,0.033280222452721955,25.03009035576922,0.6955648095966439,0.19885136923870245,False
CENTURYPLY.NS,CENTURY PLYBOARDS (I) LTD,679.8499755859375,-9.043374945135707,-11.617673383472393,-7.498488572947116,23.267359658378144,-0.3886655565105109,151044308992.0,51.936592,Basic Materials,0.010322311849184857,25.74083906775684,0.7643326889226068,0.19882490611754033,False
TIMEX.NS,TIMEX GROUP INDIA LTD.,734.5999755859375,9.666343563476465,40.56640067047579,113.20563100043985,62.65275498760332,1.1285378340811916,74571767808.0,87.94048,Consumer Cyclical,0.03302368614031232,25.035027824926225,0.696042530171353,0.1987783971480725,False
TATAELXSI.NS,TATA ELXSI LIMITED,3093.0,-13.069139966273191,-14.64289886732929,-29.279707297042656,22.858980878384653,-0.9469604710810477,192667631616.0,29.546194,Technology,0.001968743765240643,25.98423242533087,0.7878820035539124,0.19844705871240856,False
HCG.NS,HEALTHCARE GLOB. ENT. LTD,680.5499877929688,-2.8063444832178153,7.257681291248019,24.699951954735468,33.71653095302713,0.41421851753199024,101607612416.0,439.0645,Healthcare,0.022335580465804434,25.3443842946482,0.725974048892019,0.1982451975723581,False
SSWL.NS,STEEL STRIPS WHEELS LTD.,424.70001220703125,17.85366741001091,79.58206167918868,109.82755146357994,62.92368613499425,1.3088732204840883,66743308288.0,30.444763,Consumer Cyclical,0.03572198033742103,24.924119878849307,0.6853117273946879,0.19811941710173775,False
PFIZER.NS,PFIZER LTD,3842.199951171875,-16.649678105337063,-13.972385058916393,-19.256044258807105,22.316470096934662,-0.7684760713896704,174829535232.0,23.78096,Healthcare,0.004639342307035986,25.887077251758566,0.7784818384330651,0.19809996633854327,False
VOLTAMP.NS,VOLTAMP TRANSFORMERS LTD,10561.0,-7.505692765808369,10.03653108998952,16.891970036990056,33.555815971343605,0.29669389653750916,106533273600.0,33.599236,Industrials,0.02057710139426867,25.391723201478776,0.7305542840404503,0.19807139705581409,False
SMLMAH.NS,SML MAHINDRA LIMITED,6135.5,-2.587917758196401,58.27830344052873,49.443057045829676,59.78402455732672,0.6973005967967734,88436228096.0,58.55692,Consumer Cyclical,0.026571236855943536,25.205547542738497,0.7125410185673697,0.19806368228380009,False
GMMPFAUDLR.NS,GMM PFAUDLER LIMITED,1425.699951171875,24.200707452690718,87.87998803161969,60.36604538672803,44.650851033993796,1.3748262165323049,64095510528.0,85.98914,Industrials,0.03670881154159327,24.88364015987108,0.6813951470577939,0.19788039542064342,False
VGUARD.NS,V-GUARD IND LTD.,306.29998779296875,-8.67620949107616,1.670906314982501,-6.214271471130028,23.569378581695567,-0.1841841406235758,131941097472.0,35.280373,Industrials,0.01338189449078352,25.60562142867683,0.7512498227419674,0.1978488765535795,False
GALAXYSURF.NS,GALAXY SURFACTANTS LTD,2442.39990234375,12.812928514722866,24.040649190291386,36.448820184245534,39.05025272698173,0.7170040805418846,86594682880.0,24.529476,Basic Materials,0.02686605306984777,25.184504252027057,0.7105049931031538,0.19777578807817428,False
KSHINTL.NS,KSH INTERNATIONAL LIMITED,1034.0999755859375,-4.936575733751624,32.009958232582015,107.1721903697735,53.33050831693915,1.1663449209425178,70066159616.0,52.572445,Industrials,0.03358938012374154,24.972705770020372,0.6900126134387198,0.1976951884524861,False
SYNGENE.NS,SYNGENE INTERNATIONAL LTD,363.20001220703125,-8.190089331800044,-11.758987652763054,-7.344735604450414,22.068017879927407,-0.4004927860808273,144297377792.0,64.247314,Healthcare,0.01014534522297785,25.695142130648442,0.7599113211401052,0.19758683920225967,False
INDOTECH.NS,INDO TECH TRANSFORM LTD.,3352.800048828125,-8.199139951990785,8.890530559764143,154.3689448066802,30.123704045843375,2.5963541355753987,35606736896.0,35.85499,Industrials,0.05498609899640486,24.29580069558079,0.6245192461077863,0.19736938577425023,False
KRISHANA.NS,KRISHANA PHOSCHEM LIMITED,193.66000366210938,5.1756902876107125,50.41553682493931,65.82730194003683,33.3037945536503,1.4735092721790195,59867664384.0,37.677044,Basic Materials,0.03818537097740798,24.815402369681248,0.6747928584541016,0.19733724284658138,False
GMDCLTD.NS,GUJARAT MINERAL DEV CORP,491.54998779296875,-11.186293128555736,-14.32151314823602,-17.270318198156033,25.430658462294716,-0.5964797054371961,156312895488.0,16.346857,Energy,0.007212862709385005,25.775125575698603,0.7676500504610526,0.1973221596473019,False
TITAGARH.NS,TITAGARH RAIL SYSTEMS LTD,804.8499755859375,-7.574099618147256,-1.375040836132524,13.719334144891814,25.738262466362137,0.19163433834087415,108169969664.0,57.784176,Industrials,0.019005132620489324,25.40696962015037,0.7320294381443941,0.19726120900146554,False
SAMMAANCAP.NS,SAMMAAN CAPITAL LIMITED,134.39999389648438,-15.146161743550035,-17.616774304700456,-12.471513366768516,25.400498131511128,-0.5728242512252639,153866600448.0,,Financial Services,0.0075668108506966765,25.759351833114646,0.7661238755862522,0.19720607703458554,False
ARE&M.NS,AMARA RAJA ENERGY MOB LTD,742.9000244140625,-14.036101143204982,-10.507470495606464,0.9730572577033803,17.83907421011161,-0.30679466230721003,135969546240.0,14.748859,Industrials,0.011547316897541354,25.635696772909053,0.7541597367635694,0.19720042186404838,False
UNIVCABLES.NS,UNIVERSAL CABLES LTD,1649.199951171875,4.624747832618947,53.07796103868587,121.58395033198444,48.92592596183552,1.5868951177970123,56432033792.0,26.893188,Industrials,0.03988192302616539,24.756302809266835,0.6690747313998431,0.19718012511958483,False
ERIS.NS,ERIS LIFESCIENCES LIMITED,1184.699951171875,-10.365438833415253,-16.33474921102578,-12.685481438203539,18.375112267791444,-0.7246896266157279,164363583488.0,25.227854,Healthcare,0.005294503294583867,25.82534678340708,0.7725091601478542,0.19709816750790146,False
EBGNG.NS,GNG ELECTRONICS LIMITED,685.1500244140625,13.954266014812887,7.004534979874988,84.25440719861932,53.562349186927136,0.8778445682295212,78114996224.0,55.43285,Technology,0.02927265203660893,25.081447888484092,0.7005338634305072,0.1970879548850835,False
CEATLTD.NS,CEAT LIMITED,3328.699951171875,-0.13500540219371082,-12.852429844804792,-5.116359569431284,21.684443002290244,-0.29702906445964616,134646218752.0,22.785269,Consumer Cyclical,0.011693436062110131,25.62591657376738,0.7532134620211536,0.19707344255187098,False
HORIZONIND.NS,HORIZON INDUSTRIAL PRKS L,49.20000076293945,-10.756394323027562,-15.4057756327029,-15.4057756327029,33.81046969603837,-0.428148425635029,141838811136.0,,Real Estate,0.00973154373223929,25.6779571169584,0.7582485999452303,0.19686080778548704,False
BLACKBUCK.NS,BLACKBUCK LIMITED,596.0,1.6891357833900722,6.571300849351802,5.161005734450819,33.43624114206399,0.1462401308145634,108615491584.0,64.71227,Technology,0.018325915251154287,25.41107988238531,0.7324271230259888,0.1968512171948629,False
PREMEXPLN.NS,PREMIER EXPLOSIVES LTD,685.0499877929688,3.2467386121988406,-0.6797030618538535,53.02642043064718,10.894043634863529,2.4746226397018,36766838784.0,109.551285,Basic Materials,0.05316467395347264,24.327862155895794,0.6276213250799599,0.19677883673509447,False
ANURAS.NS,ANUPAM RASAYAN INDIA LTD,1170.199951171875,-5.40988273277192,-6.986764190923289,-8.167746777175111,22.37101656624107,-0.3246110506686959,133227077632.0,76.08582,Basic Materials,0.011280736620158476,25.61532085992603,0.7521882828565276,0.19650762317925075,False
HOMEFIRST.NS,HOME FIRST FIN CO IND LTD,1111.5,-8.148085081829281,-7.359563696831806,5.36841012616216,32.79778964697618,-0.03516337761515837,116221935616.0,20.10673,Financial Services,0.015611639124351826,25.478767438221503,0.7389761741788157,0.19645277288796778,False
WHIRLPOOL.NS,WHIRLPOOL OF INDIA LTD,871.75,6.838652730948258,9.319732129476366,3.7028130575311957,67.576591433642,0.08901095166387221,109024575488.0,43.231,Consumer Cyclical,0.017469615414013036,25.414839156964383,0.7327908483993124,0.19629992366033788,False
JSWHL.NS,JSW HOLDINGS LIMITED,11313.0,-1.3859832635983227,-0.008838607035532853,-12.627432808155703,28.660948493887933,-0.2300539579171369,125556629504.0,91.4108,Financial Services,0.012695560741792452,25.55602272485964,0.7464509428828872,0.19613440627706613,False
JMFINANCIL.NS,JM FINANCIAL LIMITED,124.0,-6.103284649098684,-0.7523630727053088,-3.3881985543296245,27.881447390618586,-0.11263637373934159,118668607488.0,11.407544,Financial Services,0.014452438259539463,25.49960063424097,0.740991872112104,0.1960872967226806,False
CORDELIA.NS,WATERWAYS LEISURE TOUR L,104.31999969482422,0.40423307293282473,26.987215772553963,56.14429502610507,42.507475691871306,0.8527713835871095,75521982464.0,,Industrials,0.028897490899501298,25.04768960929981,0.6972676102104276,0.19599002072723287,False
PGHH.NS,P&G HYGIENE & HEALTH CARE,6768.0,-11.731333550701006,-24.230271825815265,-28.847289106962858,15.933778027751504,-1.508681291278776,225374896128.0,28.502813,Consumer Defensive,-0.0064360849251662395,26.141031057589032,0.8030529201377093,0.19593616634055266,False
JSWCEMENT.NS,JSW CEMENT LIMITED,113.19999694824219,-8.76118543831631,-15.48018733026797,-9.904075637742892,16.821823988663116,-0.6746195366559872,152859049984.0,19.89455,Basic Materials,0.006043684228409229,25.7527820918066,0.7654882259257539,0.1959048196527454,False
THYROCARE.NS,THYROCARE TECH LTD,542.0499877929688,-5.918603692809532,1.8890954498061552,40.63395396756073,29.962227251991973,0.6574940078325819,82350268416.0,46.951,Healthcare,0.02597562503426368,25.134247553030445,0.7056424494873442,0.19589233114753382,False
RAIN.NS,RAIN INDUSTRIES LIMITED,212.6300048828125,-1.4324106806995807,7.502175128258903,77.2554904837678,43.22319540191599,0.9391234328196658,72240324608.0,13.16054,Basic Materials,0.030189545875511873,25.003264239525112,0.6929692718298568,0.19588447736409811,False
VENTIVE.NS,VENTIVE HOSPITALITY LTD,548.0,-6.834411998087797,-12.495009980039917,-8.939845278208447,23.439335978813393,-0.40894110827153507,134298099712.0,27.99659,Consumer Cyclical,0.010018935985183768,25.623327790807366,0.7529629865560661,0.19575494862790435,False
SOTL.NS,SAVITA OIL TECHNOLO. LTD,775.5,4.691191360108005,41.72216780241826,132.87302310825143,49.94275845254175,1.5996593428292547,52860080128.0,12.771244,Basic Materials,0.04007290958194952,24.69091426199352,0.6627481188399462,0.1957417118964487,False
BALAMINES.NS,BALAJI AMINES LIMITED,2287.699951171875,-9.405195809931122,4.142577594698538,115.65909618943735,65.8522249472131,0.8684791175410982,74123763712.0,36.152023,Basic Materials,0.029132520131551643,25.02900201571712,0.695459508192496,0.19571426714678775,False
MANINDS.NS,MAN INDUSTRIES (I) LTD.,922.0499877929688,16.92980813729339,67.81326186330902,109.86684305990968,77.63577823884074,1.0132359525448558,69162573824.0,33.836697,Basic Materials,0.03129846512811383,24.95972571258377,0.6887567391636216,0.19566303363699078,False
RBA.NS,RESTAURANT BRAND ASIA LTD,93.98999786376953,-3.252705725658289,29.178113117409723,51.547883215153774,31.877559133865024,1.0627173258261322,67439951872.0,,Consumer Cyclical,0.032038837303830614,24.93450343701283,0.6863163796194754,0.19560822288274182,False
MIDHANI.NS,MISHRA DHATU NIGAM LTD,462.3500061035156,10.732131733236617,13.46858784220808,44.71716350525314,55.66570176962878,0.5128038189396903,86616653824.0,64.12621,Basic Materials,0.023810677239735973,25.184757941474132,0.7105295386070548,0.1954903925815657,False
CROMPTON.NS,CROMPT GREA CON ELEC LTD,211.97999572753906,-8.786574313784534,-17.138130979566657,-9.823716969853502,25.18041054865957,-0.46903971713492687,136497070080.0,,Consumer Cyclical,0.00911970189261306,25.639568986733,0.7545343894762346,0.19547337378851845,False
RAINBOW.NS,RAINBOW CHILDRENS MED LTD,1269.300048828125,-12.292696817719973,-10.528551624490834,0.09315171716532955,22.011661059373804,-0.2530717230757678,122845978624.0,43.077198,Healthcare,0.012351154114802537,25.534197201352594,0.7443392331584174,0.19534817387570627,False
PSB.NS,PUNJAB & SIND BANK,21.049999237060547,-9.384418201180534,-11.262382447157504,-11.482754585507148,16.078529610601333,-0.6839540637597952,148794425344.0,10.753845,Financial Services,0.005904015021941415,25.725831494564307,0.7628806441072266,0.1951481722932627,False
GPPL.NS,GUJARAT PIPAVAV PORT LTD,168.2100067138672,4.077472958653039,15.350864021454957,15.558492321580975,21.60077435521998,0.611089201770057,81350705152.0,14.551038,Industrials,0.025281286438749655,25.122035338711566,0.7044608672116129,0.19507618163196547,False
MAHSEAMLES.NS,MAHARASHTRA SEAMLESS LTD,685.7000122070312,-0.34878120390320344,19.416391320222637,14.393302073628323,37.409429232000846,0.3462178508907811,91883282432.0,12.462741,Basic Materials,0.02131811069540916,25.243784939346853,0.7162406449351038,0.1950487442553328,False
GPIL.NS,GODAWARI POW & ISP LTD,218.97999572753906,-9.012341632287846,-10.833857934845359,-22.888401692266157,27.143156968046846,-0.6077711067970718,142498807808.0,17.188383,Basic Materials,0.007043913489964979,25.68259947036749,0.758697766849989,0.194957376829971,False
STAR.NS,STRIDES PHARMA SCI LTD,1086.699951171875,2.557566648767784,-3.2273998686181415,13.209089515432826,43.292313819222706,0.14200761253866614,100035051520.0,16.308039,Healthcare,0.01826258558673948,25.328786476728396,0.7244648954565414,0.19481316305418994,False
ENTERO.NS,ENTERO HEALTHCARE SOLU L,1721.5999755859375,-5.799956304224385,46.844075378312276,45.78710644367705,47.320903241634305,0.7562574279487722,74929315840.0,59.819317,Healthcare,0.02745338693502974,25.039811050639013,0.6965053270544962,0.19471637196489636,False
VIYASH.NS,VIYASH SCIENTIFIC LIMITED,233.22999572753906,-12.270080732394305,-13.810055259821763,13.792929394824792,30.119931963119946,0.009941323019710069,105754927104.0,57.61779,Healthcare,0.016286524705118998,25.38439024579688,0.7298447902307112,0.19467609108651707,False
JBMA.NS,JBM AUTO LIMITED,555.6500244140625,-11.058404372473053,-15.86623280246271,-8.022380708459753,23.237023659338725,-0.4726397506841118,131408044032.0,58.612873,Consumer Cyclical,0.009065835872033717,25.601573159030334,0.7508581358998616,0.1945139108789907,False
RAMRAT.NS,RAM RATNA WIRES LIMITED,641.2000122070312,14.367249493505652,56.2768332040376,97.65056423164846,55.84188566860868,1.2281423013095258,59500699648.0,46.491615,Industrials,0.034514032329650134,24.809253908235583,0.6741979693637599,0.19443501658817758,False
SENORES.NS,SENORES PHARMACEUTICALS L,1321.199951171875,-7.50490558736594,-2.7671545705843625,68.68176842283754,30.624683697710775,1.0452273413722737,64663842816.0,49.457554,Healthcare,0.03177714089193543,24.892468038609813,0.6822492808600369,0.1943951758839608,False
JAYNECOIND.NS,JAYASWAL NECO INDUSTR LTD,94.44999694824219,6.07591641631644,9.940627310087491,15.084680515965342,41.339551352311496,0.2839825627021906,91710783488.0,16.256454,Basic Materials,0.020386906230637707,25.241905804594936,0.7160588308710364,0.19430488739073737,False
WHEELS.NS,WHEELS INDIA LTD,2289.0,32.703343243186445,59.556673564357034,129.91212413730025,76.03777876924642,1.1752543831746247,60418818048.0,32.40922,Consumer Cyclical,0.03372268923583418,24.824566450465994,0.6756795211956723,0.1942118972257937,False
UTIAMC.NS,UTI ASSET MNGMT CO LTD,890.2999877929688,1.107262521737984,-5.801861518612183,-3.9908244592361974,17.880187579980973,-0.19655935738574268,114118008832.0,24.791956,Financial Services,0.013196728527278639,25.460498915128625,0.7372086189651011,0.19419970113673427,False
FRACTAL.NS,FRACTAL ANALYTICS LIMITED,742.1500244140625,-10.091463633303121,-9.372328454247636,-9.69213489438162,22.08980694585754,-0.43803274213323196,127623921664.0,39.518105,Technology,0.009583648222758416,25.57235366414971,0.7480310288449684,0.1941954933783109,False
KRBL.NS,KRBL LIMITED,389.1499938964844,-6.711736199769103,9.402400378113906,20.76386846168081,35.24555995290121,0.3365049986390692,89072500736.0,11.746151,Consumer Defensive,0.021172780744416534,25.212716490082286,0.7132346438916467,0.19418824653122407,False
TECHNOE.NS,TECHNO ELEC & ENG CO. LTD,978.5999755859375,0.6284720640100661,-9.181259645685635,-8.583201672637253,29.512458637229656,-0.23448687898398107,115404070912.0,26.775497,Industrials,0.012629232521749252,25.47170546694067,0.7382928992313512,0.19404514919914975,False
CLEAN.NS,CLEAN SCIENCE & TECH LTD,823.1500244140625,-1.554744916632611,7.700024404517003,15.369812856363296,28.401097763171297,0.34097149506758834,87487774720.0,37.569603,Basic Materials,0.021239611340645465,25.194764903074297,0.7114977535557886,0.19380414689443126,False
VOGL.NS,VEDANTA OIL AND GAS LTD,30.8700008392334,-18.805890406217095,-13.987179258250226,-14.487528686841667,40.50126306589538,-0.3753240035263068,121497329664.0,,Basic Materials,0.010521936757616682,25.523158121419648,0.7432711564895543,0.1937092416906011,False
FILATEX.NS,FILATEX INDIA LTD,111.36000061035156,43.77703051057953,92.49529400508307,153.78950437753738,73.79706775996553,1.5366294343796547,49450340352.0,25.897673,Consumer Cyclical,0.03912981549705439,24.62423477776192,0.656296602786779,0.19342151231948557,False
CIEINDIA.NS,CIE AUTOMOTIVE INDIA LTD,379.0,-1.6478541593197282,-15.983153431164121,-19.83970874725146,19.48496891535956,-0.7721013720585241,143778332672.0,16.038935,Consumer Cyclical,0.004585098223538766,25.69153859405849,0.7595626640617524,0.1933294896830922,False
VEDPOWER.NS,VEDANTA POWER LIMITED,31.8700008392334,-6.812865122011747,-23.79244124390145,-22.154367590912372,40.67961570938509,-0.48126042616550674,125323386880.0,,Utilities,0.008936847773299526,25.554163328527004,0.7462710385925728,0.19327039547811786,False
ELECON.NS,ELECON ENG. CO. LTD,446.29998779296875,2.8933689436239085,-10.390523294523524,5.100686565789059,45.533256972315364,0.0002604707866429263,100149690368.0,42.383667,Industrials,0.016141673559015083,25.32993180738097,0.724575710937141,0.19325018290354656,False
APTUS.NS,APTUS VALUE HSG FIN I LTD,223.89999389648438,-13.502032599162671,-19.43145058870156,3.747917937280554,27.303974662961473,-0.24376973717998016,112135888896.0,11.394402,Financial Services,0.01249033641875765,25.442977266518707,0.735513326948561,0.19324608405120847,False
MGL.NS,MAHANAGAR GAS LTD.,1039.800048828125,-5.179639615390563,-3.40570876477172,1.5760608418286193,21.10502771612028,-0.06015676210486179,102709133312.0,14.357913,Utilities,0.015237672008524633,25.355166881893606,0.7270173088318648,0.19318258121435966,False
VINATIORGA.NS,VINATI ORGANICS LTD,1175.800048828125,-9.68360606441635,-12.623490370867074,-7.783981686528563,23.109131798394056,-0.4161021387943189,120888983552.0,26.937126,Basic Materials,0.009911788034410665,25.518138470092868,0.7427854844498075,0.19313021213825987,False
KDDL.NS,KDDL LIMITED,3999.89990234375,2.478446712125937,31.098138422261947,75.43255314719998,31.305761988735785,1.5186152459183442,49195888640.0,50.702244,Consumer Cyclical,0.03886027560718396,24.619075892745673,0.6557974593113562,0.19309457153322704,False
SOBHA.NS,SOBHA LIMITED,1198.199951171875,-5.190702256822865,-17.266449857116072,-6.915954073504659,17.803424496791536,-0.543493890540666,128045121536.0,55.528755,Real Estate,0.008005670597599268,25.575648550756082,0.7483498227600586,0.1930917086382141,False
INNOVACAP.NS,INNOVA CAPTAB LIMITED,1141.800048828125,-2.8585991907467467,16.172363757492846,67.71446376337866,42.163483416382746,0.9045083109775744,65339424768.0,42.430325,Healthcare,0.02967161212849867,24.902861439422793,0.6832548854018934,0.19306743044684735,False
GARFIBRES.NS,GARWARE TECH FIBRES LTD,770.0499877929688,-3.8098807651081534,9.781772978602099,27.987597380496965,27.49379841167737,0.5880000350680241,75194105856.0,36.30599,Consumer Cyclical,0.0249358114558809,25.043338685269198,0.6968466403041202,0.19291351866794074,False
POWERICA.NS,POWERICA LIMITED,587.1500244140625,11.827452254999438,4.400782170268536,45.29819736346556,46.00214014225544,0.572469535152144,75621072896.0,26.892439,Industrials,0.02470343411365705,25.04900082331437,0.6973944755928095,0.19287619448344517,False
EIDPARRY.NS,EID PARRY INDIA LTD,699.2000122070312,-10.513849868274672,-3.1578930461175547,-15.830022639656216,21.873221798287943,-0.5013047144099854,124426625024.0,26.850998,Basic Materials,0.008636932222979213,25.54698202188302,0.745576217454853,0.19287175353094765,False
KIRLPNU.NS,KIRLOSKAR PNEUMATIC COM L,710.8499755859375,-6.5224585212565245,-18.536557933248552,21.581213890693718,28.080935673603275,0.13977981028142655,92381978624.0,35.208023,Industrials,0.01822925177454144,25.24919776004598,0.7167643577387608,0.1928630282655963,False
JUBLINGREA.NS,JUBILANT INGREVIA LIMITED,644.25,-5.2991310362833115,-5.050077814665899,1.184800776395556,27.962808746322658,-0.0708959239886253,101608882176.0,33.14043,Basic Materials,0.015076985751818307,25.344396791271592,0.7259752579920495,0.1928015538118761,False
GRAVITA.NS,GRAVITA INDIA LIMITED,1500.9000244140625,-9.671398262701992,-13.137334150856129,-0.47082066219744645,26.40657238209272,-0.2314155029377674,109320921088.0,27.892584,Industrials,0.012675188428285099,25.41755362359281,0.7330534842794618,0.1927697623910793,False
KABRAEXTRU.NS,KABRAEXTRUSION,815.7000122070312,40.844337014798725,190.85397636027653,259.24426185926325,73.57883773236608,2.6508599109363957,28527343616.0,5826.4287,Industrials,0.05580164951202528,24.074128889424763,0.6030715814710456,0.19261913250178037,False
TIMETECHNO.NS,TIME TECHNOPLAST LTD.,183.07000732421875,-2.0629457254235484,5.983213423960643,3.429828492195819,19.75231865952575,0.15680635683501837,90379698176.0,17.338068,Consumer Cyclical,0.018484013930093735,25.227285501435144,0.7146442560340454,0.19252407445608163,False
HEROMOTORS.NS,HERO MOTORS LIMITED,167.52000427246094,70.24390414100112,70.24390414100112,70.24390414100112,133.31053961350457,0.5269193594454432,76090195968.0,174.50002,Consumer Cyclical,0.024021883047955064,25.055185262621077,0.6979928456901018,0.19251462370849173,False
INDIACEM.NS,THE INDIA CEMENTS LIMITED,295.25,-18.551724137931036,-20.51420371593915,-21.870864046408034,27.493456255586125,-0.7565450400798288,137245548544.0,99.07718,Basic Materials,0.004817862081723707,25.64503748362247,0.7550634891817238,0.19237926885672374,False
DOMS.NS,DOMS INDUSTRIES LIMITED,2073.199951171875,-6.134830578870954,-7.618707266526325,-13.347006390329275,17.84779054913294,-0.5707194659352866,125819052032.0,58.05657,Industrials,0.007598304003800955,25.55811061674899,0.7466529550639447,0.19236196676883688,False
KPITTECH.NS,KPIT TECHNOLOGIES LIMITED,492.70001220703125,-14.380050090298512,-10.411041273929634,-30.61094692574421,28.764339590263287,-0.7406669565805604,134126362624.0,23.153194,Technology,0.005055440193384855,25.62204819721193,0.752839180580096,0.19200137529006264,False
PRICOLLTD.NS,PRICOL LIMITED,677.6500244140625,-11.412508843694392,11.309138962155707,18.573932530894567,30.030090898682026,0.3462262641857407,80807428096.0,31.37719,Consumer Cyclical,0.021318236580546962,25.115334730141548,0.7038125556019232,0.19194181633589102,False
TIPSMUSIC.NS,TIPS MUSIC LIMITED,639.0999755859375,-1.6390957159003516,-6.180275376785904,15.789466700150578,19.4361293606267,0.293928461144041,82774573056.0,38.7701,Communication Services,0.02053572316882154,25.139386762492666,0.7061396892714876,0.19193671469448806,False
TSFINV.NS,TSF INVESTMENTS LIMITED,409.0,1.062512395173587,-11.462281807084517,10.748771791345169,29.193129094059948,0.07358593954032372,91035385856.0,18.82702,Financial Services,0.017238816448077898,25.234514123449955,0.715343655129708,0.19176502611848542,False
INOXWIND.NS,INOX WIND LIMITED,68.69999694824219,-7.66129631819169,-16.948747661468865,-19.545617239376078,32.14981306554411,-0.5097912124043594,118729932800.0,28.506222,Industrials,0.008509951774223392,25.500117278642314,0.7410418595960725,0.19164292872968566,False
SUPRIYA.NS,SUPRIYA LIFESCIENCE LTD,899.5499877929688,5.475759341488717,6.911049461811469,41.39551327037565,43.98145375623091,0.5426428938380694,72675966976.0,36.632862,Healthcare,0.024257148696344644,25.00927658879991,0.6935509915043654,0.19158060939834984,False
GENUSPOWER.NS,GENUS POWER INFRASTRU LTD,307.20001220703125,-8.908371486015366,2.0250383898937407,19.68863426856484,43.631870273514295,0.198711499174762,84971143168.0,13.116995,Industrials,0.01911102565896055,25.165577543666817,0.7086737557409153,0.19150170817944923,False
RITES.NS,RITES LIMITED,203.50999450683594,-4.431138299512794,-7.01489590408303,0.9869396171861,29.554270698947764,-0.08449630335621279,96543686656.0,23.412588,Industrials,0.0148734881163401,25.293261454319932,0.7210277025178365,0.19141204171671422,False
BIKAJI.NS,BIKAJI FOODS INTERN LTD,481.1000061035156,-17.648066406917263,-25.143064362771227,-24.669283662966556,40.03201064275026,-0.5847114358057456,120629280768.0,46.708736,Consumer Defensive,0.007388947139013307,25.515987884216283,0.7425774063660252,0.1911860619457663,False
GALLANTT.NS,GALLANTT ISPAT LIMITED,530.0499877929688,-7.317115600095581,-18.34858658966435,-20.060136658323813,22.830825968459536,-0.7445226663642566,127890964480.0,29.447222,Basic Materials,0.0049977485803154205,25.57444389785198,0.7482332676061179,0.19080662833676604,False
BLUEDART.NS,BLUE DART EXPRESS LTD,4562.7998046875,-8.592270646137013,-4.731283715635448,-9.559776488732252,20.15556970926263,-0.39283074614619734,108265816064.0,37.71844,Industrials,0.01025998959924817,25.407855299992473,0.7321151313345131,0.1907237750330644,False
AVL.NS,ADITYA VISION LIMITED,595.0999755859375,-0.8249333068462872,-7.1658348508758625,25.313446908355463,30.51048999805187,0.33896493756301843,76850053120.0,55.409683,Consumer Cyclical,0.02120958793493046,25.065121998160446,0.6989542659768223,0.1906457574454034,False
AJAXENGG.NS,AJAX ENGINEERING LIMITED,585.8499755859375,0.583734793999402,13.18585842720319,25.880959017855922,26.971884010184322,0.630767357179576,67027865600.0,29.603333,Industrials,0.025575723673783943,24.928374274365613,0.685723357767752,0.19061263219727595,False
TRIDENT.NS,TRIDENT LIMITED,22.559999465942383,-6.622518177048375,-10.262529778614027,-7.62994177172307,15.810942809461448,-0.5197813661951742,113988222976.0,27.617285,Consumer Cyclical,0.008360472659005512,25.45936097278505,0.7370985183339737,0.19054498407774756,False
INDSWFTLAB.NS,IND SWIFT LABORATORIES LT,400.45001220703125,12.501755435849638,77.60678140727357,179.58529927543387,56.8617752775209,2.0325611464108917,34823757824.0,59.857998,Healthcare,0.046550265179328074,24.27356568691654,0.6223679169996985,0.19050467813442068,False
KIRLFER.NS,KIRLOSKAR FERROUS IND LTD,472.75,2.8611822719433633,5.320277604767898,5.2154665677388135,16.55974904856872,0.2884133693929883,78075248640.0,22.652132,Industrials,0.020453202814024723,25.080938924753454,0.700484619083216,0.19046105688132253,False
FINPIPE.NS,FINOLEX INDUSTRIES LTD,154.72000122070312,-0.7268767990673219,-4.576775909718567,-2.797996780169798,18.219905375690683,-0.16012193600885913,95665528832.0,15.534137,Industrials,0.013741928693590926,25.284123870235483,0.7201436034416764,0.1903423473806123,False
BANCOINDIA.NS,BANCO PRODUCTS (I) LTD,602.6500244140625,-2.0958362001616826,-7.454146358425994,7.802635219248222,22.24280503170354,0.056013909227371414,86201425920.0,17.549505,Consumer Cyclical,0.016975892413196986,25.179952556486203,0.7100645977223354,0.1902480687404816,False
ABREL.NS,ADITYA BIRLA REAL EST LTD,1078.0,-21.520091790904637,-20.15089902592151,-16.249476142890483,28.501890233317802,-0.6481684542858462,119202914304.0,,Real Estate,0.006439462358759853,25.50409304014624,0.7414265309753091,0.19018622951289715,False
CENTUM.NS,CENTUM ELECTRONICS LTD,4451.0,18.148274422276245,26.87404981710697,62.396752224579366,67.64531932495804,0.6340460266763562,65705734144.0,409.47562,Technology,0.025624781238435368,24.908452036330175,0.6837957987894278,0.19016753562618346,False
GANDHAR.NS,GANDHAR OIL REFINE IND L,282.5,5.568009550313913,50.23382745821101,111.5198499223963,28.789800785753293,2.498929243783681,27650967552.0,9.172078,Energy,0.05352836501851425,24.042926557177744,0.6000526266949601,0.1901594304376257,False
SAPPHIRE.NS,SAPPHIRE FOODS INDIA LTD,212.63999938964844,-6.912399331266494,12.579412268428003,27.48201169017157,30.88026874509885,0.5224161030463477,69017083904.0,,Consumer Cyclical,0.023954502425370963,24.957619903723714,0.6885529934414987,0.1901041251794029,False
CEIGALL.NS,CEIGALL INDIA LIMITED,376.20001220703125,5.873202652437937,2.8804779898946586,29.78357966336953,27.276682623824268,0.6206976849791984,65535873024.0,20.390244,Industrials,0.02542505475290803,24.90586350943678,0.6835453480998456,0.1899551280896424,False
JPPOWER.NS,JAIPRAKASH POWER VEN. LTD,15.0,-7.918973867568891,-11.242601546848485,-10.76739752198982,29.28772908543218,-0.3530582370537381,102801883136.0,21.12676,Utilities,0.010855091495937885,25.356069508253004,0.7271046416676654,0.18991747903886977,False
ZENSARTECH.NS,ZENSAR TECHNOLOGIES  LTD,451.5,-2.177442976659061,-1.119431015828909,-15.877317904461187,30.648185562576895,-0.284192251258823,99564961792.0,12.517821,Technology,0.011885508728823274,25.32407615041771,0.7240091518922466,0.1899164195196791,False
IRCON.NS,IRCON INTERNATIONAL LTD,107.86000061035156,-8.964091257255136,-15.844707477945985,-18.638735910687508,48.55428234380616,-0.32676002370933444,101444026368.0,16.417048,Industrials,0.011248582301469502,25.342773018971037,0.7258181513019718,0.18989097455159507,False
SHIPROCKET.NS,SHIPROCKET LIMITED,131.42999267578125,-3.3034178587782903,-8.379229367845742,-8.379229367845742,50.88873618904389,-0.14470917569127986,93202694144.0,,Technology,0.013972544340114329,25.258042465355345,0.7176201195813495,0.18988443815042313,False
ESABINDIA.NS,ESAB INDIA LTD,5608.0,-7.573135558302435,-0.5239881022186421,3.9866305304201877,16.570331076276418,0.019401647521991226,86324060160.0,38.89583,Industrials,0.016428076173283096,25.181374192946286,0.7102021469333062,0.18987159386328886,False
PGHL.NS,PROCTER & GAMBLE HEALTH L,5300.0,-6.360424028268552,-14.539820110352474,10.283434441383266,25.19486937533403,-0.01954023300197214,87827333120.0,24.587574,Healthcare,0.015845402676204972,25.198638600313334,0.7118725497950029,0.18985218945590446,False
BAYERCROP.NS,BAYER CROPSCIENCE LTD,3533.39990234375,-11.441389788546886,-13.941681968242492,-25.491526729095437,14.818446550004793,-1.2967989489712621,158798381056.0,21.690607,Basic Materials,-0.003265764855865724,25.790901190852313,0.7691764065147265,0.18984477798678234,False
POWERMECH.NS,POWER MECH PROJECTS LTD.,2426.0,5.264230602794195,-5.272055650318386,16.81898240749078,30.429321298226057,0.2589844364819649,76090925056.0,19.492184,Industrials,0.020012868165984507,25.055194844466644,0.6979937727733151,0.18950809431781715,False
KANOHAR.NS,KANOHAR ELECTRICALS LTD,942.5,25.415834996673325,25.415834996673325,25.415834996673325,97.8404034645488,0.25976829710869553,74633592832.0,57.539684,Industrials,0.02002459679353032,25.03585654887116,0.6961227126427083,0.18904912575582483,False
BOSCH-HCIL.NS,BOSCH HOME COMFRT IND LTD,1976.9000244140625,8.692542959178118,47.595937612356146,47.397859855776446,41.13538164675444,0.9655002144753112,53753659392.0,1235.5625,Consumer Cyclical,0.030584212270718537,24.70767758336696,0.6643700395580117,0.18903066909254182,False
HNDFDS.NS,HINDUSTAN FOODS LIMITED,584.75,-4.926426858684529,9.812206572769956,16.600199401794626,28.121039700449057,0.36479719135216687,70935437312.0,45.224285,Industrials,0.02159610675349318,24.985035966673383,0.6912056109935495,0.18899848281350726,False
JKPAPER.NS,JK PAPER LIMITED,393.45001220703125,-3.043365194046832,12.182798713522413,15.389889063415986,30.47840798815261,0.35241706557567426,71339868160.0,21.523523,Basic Materials,0.021410867338154286,24.990721168837883,0.6917556778312349,0.18899706996142446,False
AAVAS.NS,AAVAS FINANCIERS LIMITED,1215.0999755859375,-6.831772651569079,-18.98253526959405,-0.44244362261880443,24.25845937704586,-0.3001978323937594,96350535680.0,14.102831,Financial Services,0.011646022915421885,25.29125879153186,0.7208339366050491,0.1889430013378287,False
DEEPINDS.NS,DEEP INDUSTRIES LIMITED,748.9500122070312,-4.768262371153497,67.21630060894395,70.39991595816544,45.37666760595373,1.1991007395879594,47932801024.0,23.216059,Energy,0.03407949377883458,24.593065888322776,0.6532808837407589,0.18887984126931565,False
PNGJL.NS,P N GADGIL JEWELLERS LTD,588.5999755859375,-3.3576902745103943,2.6329512791521292,-4.872731218434345,24.309609120894695,-0.09535399227319809,87305854976.0,17.588966,Consumer Cyclical,0.014711028381824887,25.192683364862642,0.7112963561193427,0.18885736031620434,False
SIGNATURE.NS,SIGNATUREGLOBAL INDIA LTD,719.3499755859375,-9.691797550701398,-6.5232945232060136,-12.359894458553534,25.300943787614038,-0.3982181526727453,100309139456.0,9.860324,Real Estate,0.01017937975301659,25.331522648969397,0.7247296314445363,0.18881694267589652,False
STYL.NS,SESHAASAI TECHNOLOGIES L,358.54998779296875,-6.505870197400587,3.756922851660738,47.481997139727206,34.01575777572378,0.6928230598469282,60288851968.0,22.472858,Technology,0.02650424106432383,24.822413047451864,0.6754711705421738,0.1887459734337863,False
LEMONTREE.NS,LEMON TREE HOTELS LTD,110.12000274658203,4.926160980156591,-5.823995160198692,-2.9352087185858244,20.905235214492553,-0.10665130950877322,87198261248.0,37.077442,Consumer Cyclical,0.014541990645262503,25.191450227857498,0.7111770450107443,0.18870075423663296,False
GMRP&UI.NS,GMR POW AND URBAN INFRA L,102.2300033569336,7.271773434689255,4.593826060260664,0.06851966749701344,35.181880486679106,0.0814840565378111,79843426304.0,12.652228,Energy,0.017356993161409092,25.103333382670595,0.7026513755664034,0.18868058876265767,False
DPABHUSHAN.NS,D. P. ABHUSHAN LIMITED,2174.0,53.726493781768106,102.03521224385428,92.9700024065167,79.55295017444598,1.104181094969377,49627897856.0,20.70279,Consumer Cyclical,0.03265924492266318,24.627818969352113,0.6566433881563455,0.18865528073108376,False
SKIPPER.NS,SKIPPER LIMITED,538.9000244140625,-8.815901716207197,-2.665607924208857,42.91110214410241,45.12932572676966,0.41863440339242153,68086226944.0,28.007538,Industrials,0.02240165379411769,24.94404078214342,0.6872391572312653,0.1886110296534046,False
QUESS.NS,QUESS CORP LIMITED,334.45001220703125,-5.7223362348044375,16.235213211662746,81.17668336272143,42.12918241236786,1.0518703629965864,50641825792.0,20.094841,Industrials,0.03187653805994385,24.648043668496527,0.6586002114987016,0.18855745641963328,False
LCL.NS,LOHIA CORP LIMITED,627.5499877929688,7.919172449349743,26.880303285242533,26.880303285242533,49.60545106664379,0.4654342742812729,66300657664.0,27.272924,Industrials,0.023101903604006338,24.91746565362146,0.6846679035653113,0.18849340359433256,False
SBFC.NS,SBFC FINANCE LIMITED,83.27999877929688,-16.786573485597987,-8.271838374820495,-5.342128209030483,34.273400144428315,-0.24829547923380216,92045402112.0,19.091955,Financial Services,0.01242261935132555,25.24554779349203,0.7164112083692403,0.18841976660580426,False
MONEYVIEW.NS,MONEYVIEW LIMITED,50.5,-6.273201561080577,-6.273201561080577,-6.273201561080577,35.789462338137405,-0.17528068741676922,88891678720.0,25.50505,Technology,0.01351511369196948,25.21068437239685,0.7130380280956401,0.18839584229288714,False
STYLAMIND.NS,STYLAM INDUSTRIES LIMITED,3325.199951171875,-1.836215178752254,7.834993055657824,49.27945908740179,33.012980075710104,0.8064399022077288,56209731584.0,33.128433,Consumer Cyclical,0.02820424943512154,24.75235573873106,0.6686928359905133,0.18832639607396948,False
ASTRAZEN.NS,ASTRAZENECA PHARMA IND LT,5980.5,-13.875288018433185,-26.21033427062026,-25.385455698272253,17.90890828360497,-1.302753097131262,149512503296.0,88.14297,Healthcare,-0.0033548546554292946,25.730645860373663,0.7633464539235862,0.1883204724893246,False
UFLEX.NS,UFLEX LIMITED,639.2000122070312,-5.387798208153738,48.40956445104001,75.00189036043179,42.230650047328915,1.2063810245779798,46663065600.0,6.837372,Consumer Cyclical,0.034188426091752815,24.566218802217325,0.6506833170531029,0.18831214883209033,False
BBTC.NS,BOMBAY BURMAH TRADING COR,1298.199951171875,-13.268311810367594,-13.343570367249857,-10.18403699708388,50.84130045756131,-0.231086771282854,90577879040.0,7.020333,Consumer Defensive,0.01268010712302689,25.229475859487906,0.7148561822404703,0.18822412590238774,False
EQUITASBNK.NS,EQUITAS SMALL FIN BNK LTD,67.95999908447266,-6.840298934227396,-11.533455669811088,14.468587345678085,25.86920625866324,0.09301395492764376,77754867712.0,15.237668,Financial Services,0.017529510926996332,25.07682699328716,0.7000867726965796,0.18816882636939214,False
TIIL.NS,TECHNOCRAFT IND LTD,2815.300048828125,-11.87316212462406,11.03968436007403,21.962732175614107,21.219907767474503,0.5616725153071332,62517972992.0,18.409666,Industrials,0.024541882148870882,24.858719920237046,0.6789840107405223,0.18815241429678373,False
EMBDL.NS,EMBASSY DEVELOPMENTS LTD,57.33000183105469,-0.34763940984848807,-9.316670793925253,8.476827788608743,45.1207390588437,0.030449075143359525,79690620928.0,,Real Estate,0.016593374900495284,25.10141773613146,0.7024660288358184,0.18806153838432607,False
DEEDEV.NS,DEE DEVELOPMENT ENG LTD,651.7000122070312,-0.8317998687286776,-3.285473282805751,109.02169195655932,49.58398372948044,1.0761306374600812,49033543680.0,56.473137,Industrials,0.032239535911396375,24.61577046576772,0.6554776455716943,0.18804906332647087,False
TARIL.NS,TRANS & RECTI. LTD,285.45001220703125,-5.06436018848635,-14.432817104314166,1.4951327806687509,28.335599527996596,-0.16216882137802663,87048085504.0,33.642693,Industrials,0.013711301876392488,25.189726509868787,0.7110102681617113,0.1880360434477222,False
TEJASNET.NS,TEJAS NETWORKS LIMITED,475.8500061035156,-22.518930686763994,-11.12252812758422,8.33238613625853,48.01774532634958,-0.07652070047124832,83306135552.0,,Technology,0.014992824223424836,25.14578803950517,0.7067590393142009,0.18793437799611887,False
VADILALIND.NS,VADILAL INDUSTRIES LTD,7111.0,-7.106466361855002,10.41501859112608,57.010191363113826,32.489126152886215,0.9297974911187431,52126142464.0,23.780947,Consumer Defensive,0.030050005129371497,24.67693243461895,0.6613953191775144,0.18788633364140722,False
JAINREC.NS,JAIN RESOURCE RECYCLING L,290.1499938964844,4.389271866757816,-15.8863650880688,-31.325445231601336,39.98550736673807,-0.4889465973025043,100126646272.0,27.45033,Basic Materials,0.008821842330437582,25.329701684377042,0.7245534455841445,0.1877547431438643,False
CELLO.NS,CELLO WORLD LIMITED,369.1499938964844,7.938594706574387,3.571055809734114,-10.611285496953094,36.194283255171,-0.07312223992694201,81539710976.0,26.367857,Consumer Cyclical,0.01504367417888126,25.12435598977642,0.7046853998061767,0.18745410558570513,False
GAEL.NS,GUJARAT AMBUJA EXPORTS LT,162.80999755859375,-2.9795602602605165,2.3856721110940393,6.7480719665750755,32.69777536719097,0.1068520878017441,74676166656.0,17.950386,Consumer Defensive,0.017736565983565107,25.03642682405343,0.6961778891266829,0.18734689676934455,False
SIS.NS,SIS LIMITED,414.70001220703125,-3.7707389580472706,-3.096156004685424,41.150452497382936,29.566266365559883,0.6389792820457009,58265362432.0,40.928646,Industrials,0.02569859578255495,24.788273627376217,0.6721680403634991,0.187315956927791,False
MSTCLTD.NS,MSTC LIMITED,714.2999877929688,-1.5772909130802981,10.197414076722723,72.52465603320798,40.867635392845195,0.9544494972879982,50286718976.0,21.456894,Industrials,0.030418864322902025,24.641006842945853,0.657919369504696,0.1872939906183505,False
SANDUMA.NS,SANDUR MANG & IRON ORES L,183.3800048828125,-7.3042495144808095,-8.043765626372501,-6.647519737599971,28.560162243518196,-0.2520202580778204,87882883072.0,11.855082,Basic Materials,0.01236688681130219,25.19927089085459,0.7119337265216105,0.18725859673887926,False
JWL.NS,JUPITER WAGONS LIMITED,224.63999938964844,-7.646770960148808,-9.746884331755146,-16.462758420875655,27.78356346832019,-0.4565576592074388,96004489216.0,59.744682,Industrials,0.00930646648244497,25.28766078999799,0.7204858150662793,0.18710130362840355,False
EPL.NS,EPL LIMITED,237.22999572753906,-3.994338378058071,1.4453664895468288,3.3051717288206772,36.37797917335853,0.03538756590883317,76108406784.0,19.638245,Consumer Cyclical,0.016667267779983626,25.055424565949195,0.6980159992774567,0.1870044506543519,False
ETHOSLTD.NS,ETHOS LIMITED,2621.199951171875,-6.144374629621419,6.909205439681654,7.792902241441291,22.570947833666345,0.21001944009724974,70137257984.0,67.29653,Consumer Cyclical,0.019280222353968746,24.97371998743833,0.6901107431712568,0.18698785255829076,False
BECTORFOOD.NS,MRS BECTORS FOOD SPE LTD,212.16000366210938,-5.8387281130570345,27.283331352939655,12.795852353883607,37.29321251282374,0.3597217578195923,65069940736.0,43.83471,Consumer Defensive,0.021520164848124922,24.898728539695245,0.6828550102492033,0.1868538761983945,False
WSTCSTPAPR.NS,WEST COAST PAPER MILLS LT,717.75,10.380622837370247,35.26388188040879,61.70415341604991,46.894080151495935,0.9277794915294009,49890041856.0,21.717941,Basic Materials,0.030019810519814807,24.633087257804775,0.6571531168670087,0.18680313710661328,False
VMART.NS,VMART RETAIL LTD,770.9500122070312,-6.460810387202964,-1.3315413845265134,24.282702192601093,23.60334136588667,0.4427223434628629,62331404288.0,45.27746,Consumer Cyclical,0.022762073067388675,24.855731217418718,0.6786948413740703,0.1867452651440591,False
MAHLIFE.NS,MAHINDRA LIFESPACE DEVLTD,352.20001220703125,-2.8145645312473766,-1.9078055476462685,4.1427573395580675,25.40783469914812,0.03684391489016656,75235926016.0,21.607365,Real Estate,0.016689058611409895,25.043894693408745,0.6969004363926671,0.1867419030567242,False
HEGAM.NS,HEG ADVANCED MATERIAL LTD,252.2100067138672,-65.36766128199558,-51.839833461886045,-54.65125703064804,290.01914109594884,-0.19292213127265753,83178586112.0,13.759411,Industrials,0.013251151046953081,25.144255773196537,0.7066107862075401,0.18659105983709984,False
MPSLTD.NS,MPS LIMITED,2681.199951171875,0.8386945596736473,37.57503810273586,53.544841721735324,34.538694329385095,1.1063727782554278,45514797056.0,24.16584,Communication Services,0.032692038299551716,24.541303320077947,0.6482726410431284,0.1865871889854459,False
JLHL.NS,JUPITER LIFE LINE HOSP L,253.85000610351562,-11.380696356875708,-12.071355950800633,2.544454918952832,21.945639271835404,-0.21076253644906096,83219677184.0,45.98732,Healthcare,0.012984211414517279,25.144749661438166,0.7066585719388794,0.18640280154560782,False
VENUSPIPES.NS,VENUS PIPES & TUBES LTD,2206.39990234375,35.27896396957389,19.59964737122768,96.09879567612958,56.47765166654056,1.0798091464981692,45610659840.0,43.823643,Basic Materials,0.032294576132783144,24.54340729459015,0.648476209284505,0.18633998442071362,False
GREAVESCOT.NS,GREAVES COTTON LTD.,222.77999877929688,13.91900263884358,0.016091508827953405,53.15795690503251,37.013226007608466,0.7934354715825931,51896922112.0,52.295773,Industrials,0.02800966876855114,24.672525321178576,0.6609689127132719,0.18624947975473133,False
ROLEXRINGS.NS,ROLEX RINGS LIMITED,188.17999267578125,9.585366490839299,36.44141181416627,43.12442865129036,37.6519072147308,0.9139433753221897,48883150848.0,45.228157,Industrials,0.029812785637914868,24.612698610636492,0.6551804308748426,0.18615469694714679,False
RHIM.NS,RHI MAGNESITA INDIA LTD,372.75,1.0440461655283784,-2.3354844528654106,-2.8286774238510115,22.36766740169096,-0.08522009829465407,77613563904.0,,Industrials,0.01486265823030803,25.075008041451344,0.6999107815787128,0.18612468906740923,False
MMTC.NS,MMTC LIMITED,57.0099983215332,-11.171707618493665,-10.121396740902611,-2.978216558863811,21.18039835933021,-0.3191568312549922,85514993664.0,19.130873,Industrials,0.011362346163838796,25.171957562017493,0.7092910489201174,0.18584452185290845,False
LXCHEM.NS,LAXMI ORGANIC INDUS LTD,188.86000061035156,9.776800732748292,25.6268488076282,52.36908561097218,49.78430795162089,0.7196636664794304,52486967296.0,63.16388,Basic Materials,0.026905847507562614,24.68383073376495,0.6620627581685746,0.1856950751728156,False
GULFOILLUB.NS,GULF OIL LUB. IND. LTD.,1087.9000244140625,1.882372604121585,7.5668302343463,24.956650427957406,23.65723247466416,0.6393329744155668,53911461888.0,14.480235,Basic Materials,0.02570388795558991,24.710608943256197,0.6646536607587598,0.18544133115638237,False
MANINFRA.NS,MAN INFRA LTD,123.23999786376953,-1.2500041264753015,22.602469139925386,34.50863663944932,27.993071853103814,0.849676604281652,48851288064.0,22.94972,Industrials,0.028851184818327682,24.612046582846023,0.6551173444876908,0.18541772473566845,False
SFL.NS,SHEELA FOAM LIMITED,620.4500122070312,-4.0738985904823055,-16.995440709256027,18.804687603175196,25.55092852497572,0.13654814411802657,67689668608.0,31.624998,Consumer Cyclical,0.01818089750403674,24.93819939973918,0.6866739793090312,0.18530416795528534,False
GRINFRA.NS,G R INFRAPROJECTS LIMITED,815.0,-6.224827649944864,-7.1595349244029,-2.3250268272326235,23.50458495770589,-0.19380641814902147,78859829248.0,7.7619047,Industrials,0.01323791977718032,25.090937800151348,0.7014520516584153,0.18529145274748907,False
DCBBANK.NS,DCB BANK LIMITED,200.77999877929688,-9.042315039031434,11.544443766276036,10.944983393645602,31.940436886195428,0.22314540793762927,64689188864.0,8.208504,Financial Services,0.01947662153863017,24.89285992812326,0.682287197792302,0.18517926560204812,False
TATVA.NS,TATVA CHIN PHARM CHEM LTD,1799.0,7.3083738990037395,45.22058935834614,49.810447304513296,39.67641228972782,1.0064689051760205,44947836928.0,87.460175,Basic Materials,0.031197212207036577,24.52876847499314,0.6470598429055825,0.18516286988167305,False
VINDHYATEL.NS,VINDHYA TELELINKS LTD,2829.699951171875,3.5496030202072815,49.86437736942007,145.0456250222652,54.3631899918119,1.622275041947707,33776146432.0,14.457972,Industrials,0.040411300237893986,24.24302066345866,0.6194125595692415,0.18516161507073087,False
BALUFORGE.NS,BALU FORGE INDUSTRIES LTD,526.9500122070312,-8.185390547790917,19.851675456803953,12.305875579558645,44.946574088363164,0.2329735364578193,63967465472.0,21.947105,Industrials,0.01962367632739592,24.88164043906703,0.681201665794136,0.18501817369408094,False
JKTYRE.NS,JK TYRE & INDUSTRIES LTD,339.3500061035156,-7.6221585775909535,-13.67222602155077,-18.602605300241535,21.438584143007215,-0.6962867543786414,97831043072.0,14.646094,Consumer Cyclical,0.005719485361982035,25.306507777456424,0.7223093391013424,0.18486694879682214,False
AGI.NS,AGI GREENPAC LIMITED,786.4000244140625,7.947624317094637,16.18017570248216,52.89634788523523,46.341358644776975,0.7097709794872097,50878021632.0,14.047874,Consumer Cyclical,0.026757826753359193,24.6526968722231,0.659050428216581,0.18483097711916463,False
GVPIL.NS,GE POWER INDIA LIMITED,734.8499755859375,13.123461084354982,-12.674832104533307,68.7412640827576,43.812758550820114,0.7576075034771093,49402105856.0,14.431461,Industrials,0.027473587634606427,24.62325888891592,0.6562021815022021,0.18465573610150535,False
SWANCORP.NS,SWAN CORP LIMITED,268.8500061035156,-4.493781135518427,-14.730444438120783,-16.916504721786463,31.18889571046629,-0.44170021429673406,86106611712.0,39.582134,Industrials,0.00952877314219754,25.178852036523566,0.7099581178614366,0.1846361093220073,False
JAMNAAUTO.NS,JAMNA AUTO IND LTD,144.2100067138672,20.891053026968542,10.240580332251636,19.64199360049097,40.502129364533616,0.42149343189452254,57681858560.0,24.651283,Consumer Cyclical,0.02244443241993521,24.778208551335336,0.6711942026021188,0.1846318749654811,False
CANFINHOME.NS,CAN FIN HOMES LTD,734.75,-8.99802108215011,-17.65661660297181,-11.865972282113956,18.134789841217422,-0.7184850473450735,97835335680.0,8.66042,Financial Services,0.00538734020571624,25.306551654263753,0.7223135843640361,0.18461890124529623,False
SPARC.NS,SUN PHARMA ADV.RES.CO.LTD,196.88999938964844,-1.2934284931397033,-27.072378925260875,34.699323976237764,42.08637514154066,0.21311558863254543,63408275456.0,3.888358,Healthcare,0.019326548922441063,24.872860217584524,0.6803521430286628,0.18458294744899648,False
VRLLOG.NS,VRL LOGISTICS LIMITED,285.0,-4.2660435627389965,20.111261575439123,16.09433933062343,18.258604845151673,0.7244441476690127,49813307392.0,18.647675,Industrials,0.026977376146009747,24.631548002007897,0.6570041874984341,0.18448407898411584,False
BAJAJCON.NS,BAJAJ CONSUMER CARE LTD,493.5,-4.646891770885187,-19.612317906157184,25.62046387494854,36.1445362661871,0.16592157019578213,64460140544.0,29.550898,Consumer Defensive,0.0186204016230882,24.889312893675726,0.6819440075300629,0.18445130309983188,False
WAAREERTL.NS,WAAREE RENEWABLE TECH LTD,825.9500122070312,-3.841899939579496,-15.538399469626418,-7.311184509467328,20.802900694281046,-0.43674159755992353,85116035072.0,16.417355,Industrials,0.009602967159431236,25.167281281015462,0.7088385993803319,0.1844118752146564,False
RELIGARE.NS,RELIGARE ENTER. LTD.,223.44000244140625,-13.085415391292276,-17.89821515616332,-0.4721592688613607,30.332975482275305,-0.27107882192671284,78347632640.0,154.60544,Financial Services,0.012081720304248493,25.08442159011646,0.7008215813701347,0.18426668557072004,False
RAILTEL.NS,RAILTEL CORP OF IND LTD,257.6499938964844,-4.943735288680207,-13.34946807888283,-8.366624022891534,25.456352472621035,-0.36049545991933274,81630683136.0,23.101727,Communication Services,0.01074381097744883,25.125471047074893,0.7047932862144807,0.1842561797867068,False
SMARTWORKS.NS,SMARTWORKS COWORKING SP L,497.79998779296875,-8.070177692895886,7.0537608156922005,22.85290542849856,31.251572528198174,0.38169424624098475,57682374656.0,69.36726,Real Estate,0.02184893137135749,24.778217498579824,0.6711950682850514,0.18418546559978097,False
VESUVIUS.NS,VESUVIUS INDIA LTD,389.3999938964844,-7.097697824933579,-15.696038310892002,-15.678377919544516,33.727475055914404,-0.4141294299219448,82828304384.0,32.363205,Industrials,0.009941304975090402,25.140035680322057,0.7062024747570346,0.18400659742057646,False
RPGLIFE.NS,RPG LIFE SCIENCES LTD,2896.39990234375,6.422685126960115,19.86338973933801,56.20134735491096,48.348195740945265,0.7310350899813507,48672665600.0,40.681503,Healthcare,0.0270759940698105,24.60838342816401,0.6547629191122011,0.18399772533040815,False
SJS.NS,SJS ENTERPRISES LIMITED,2039.5999755859375,-11.556311989282841,-7.639363741884231,18.53285433253806,39.410021436791894,0.11832918318017736,64453906432.0,30.914152,Consumer Cyclical,0.01790829367648779,24.88921617633342,0.6819346497269291,0.1839148826890981,False
ISGEC.NS,ISGEC HEAVY ENG LTD,905.0,15.826426590633913,1.9917582653796284,-4.301449607609042,38.78556900926594,0.041564118693461875,66544209920.0,25.076199,Industrials,0.016759685340781507,24.92113237456149,0.6850226739910232,0.18382543250334193,False
TVSSCS.NS,TVS SUPPLY CHAIN SOL L,130.6699981689453,0.1993669960393296,-3.114107733593996,22.04165362976267,29.759549813311846,0.3402762460183797,57835614208.0,87.386665,Industrials,0.02122920857659319,24.780870585659862,0.6714517654398743,0.18378484779241347,False
BLS.NS,BLS INTL SERVS LTD,223.97000122070312,-6.000608769755478,-7.51497846609216,-21.766012542938327,21.513710835919582,-0.6664411209173259,92168634368.0,13.090006,Industrials,0.00616605495203343,25.246885718405203,0.7165406581416064,0.18375970574942668,False
SONATSOFTW.NS,SONATA SOFTWARE LTD,252.0500030517578,-11.638912164151517,-6.584637292176698,4.926519322066292,39.269666810038224,-0.046853312209233965,69129420800.0,14.946141,Technology,0.015436726794004728,24.959246248465476,0.6887103490259093,0.18375513235198088,False
JUSTDIAL.NS,JUSTDIAL LTD.,658.9500122070312,-4.892828833577911,21.914895875491446,16.309244798329736,34.7350405734089,0.39586898900090656,56043061248.0,10.681634,Communication Services,0.02206102300183291,24.749386183065305,0.6684055191903133,0.18364714704895302,False
IEX.NS,INDIAN ENERGY EXC LTD,104.86000061035156,-11.815661104243025,-10.23028610393376,-17.866721070766378,20.453763090875032,-0.7023440392305338,93252026368.0,18.396492,Financial Services,0.005628852364808758,25.25857162573289,0.717671318037813,0.18363946878305984,False
BENGALASM.NS,BENGAL & ASSAM CO. LTD.,6110.5,-3.505724437425972,-2.1693884085814963,-2.1693884085814963,32.613255064485124,-0.07471365889291819,69683527680.0,9.139247,Consumer Cyclical,0.015019862343352383,24.967229795089185,0.6894827902017465,0.18363559430795093,False
ELLEN.NS,ELLENBARRIE INDUS GASES L,348.20001220703125,4.926926564049983,36.92489501707239,53.40559466086234,57.31055519737607,0.6764138126768895,49073778688.0,40.67757,Basic Materials,0.026258715339722467,24.616590690176743,0.6555570056777748,0.18358328792423553,False
TTKPRESTIG.NS,TTK PRESTIGE LTD,512.9500122070312,-8.849398097373385,-18.521652153755895,7.70407926569987,27.801271565816243,-0.1249703857753937,71010222080.0,36.743446,Consumer Cyclical,0.014267888827684785,24.986089676596443,0.6913075617893953,0.18352780706811242,False
ITDC.NS,INDIA TOUR. DEV. CO. LTD.,675.25,5.244935026809006,-6.255774652470148,28.109148900002268,43.15039319974049,0.30652858707658104,57915789312.0,70.26535,Consumer Cyclical,0.02072425436818722,24.782255884055946,0.6715857987927677,0.18343964047433234,False
FIRSTCRY.NS,BRAINBEES SOLUTIONS LTD,177.57000732421875,-1.4376089505127698,-14.072096506730336,-26.877775489196765,31.861015368371255,-0.5633228658485853,86163431424.0,,Consumer Cyclical,0.007708976698108939,25.179511695196954,0.7100219425680914,0.18328721816560456,False
AFCONS.NS,AFCONS INFRASTRUCTURE LTD,242.14999389648438,-17.298495904411602,-19.113661989734943,-21.50912775774535,31.29126787642723,-0.6375057007858013,89059049472.0,62.40979,Industrials,0.006599005344017847,25.212565463899562,0.7132200314834447,0.18325426187887456,False
SAMBHV.NS,SAMBHV STEEL TUBES LTD,162.19000244140625,26.031548189031128,41.7992711453397,44.82543578463374,55.50325259178548,0.723539738623264,47359590400.0,27.758204,Basic Materials,0.026963843795378886,24.581035178857228,0.6521168628107471,0.18325209854922095,False
GANESHHOU.NS,GANESH HOUSING LIMITED,713.6500244140625,-5.968770942006585,-13.098197480076779,22.334606819279212,26.202242602801906,0.2306707127556428,59509198848.0,22.448883,Real Estate,0.019589219996020864,24.80939674005246,0.6742117889331538,0.1832448622303041,False
KEC.NS,KEC INTL. LIMITED,374.8999938964844,-8.23644471959607,-22.11383568432067,-34.40562574813178,28.791988503510403,-0.8851160981565783,99798376448.0,18.024038,Industrials,0.002894099104059728,25.326417752085412,0.7242357115443403,0.18322950221412987,False
SUPRAJIT.NS,SUPRAJIT ENGINEERING LTD,461.5,-3.7438756387559002,-4.897279166370039,8.409092196209267,27.57244320294101,0.07204973479312464,63994163200.0,34.301468,Consumer Cyclical,0.017215830763251307,24.882057716162738,0.6812420390800513,0.18322238284245132,False
INTELLECT.NS,INTELLECT DESIGN ARENA,601.4000244140625,-12.415349445701429,-19.019326702454855,-9.60353984541662,24.507151804288878,-0.5300753806805713,83907870720.0,24.191473,Technology,0.008206446984372564,25.152985256758594,0.7074553998692303,0.183018685205587,False
FOSECOIND.NS,FOSECO INDIA LTD,6440.0,2.8261216669327904,25.328403230514752,39.28275472571241,43.671684400561546,0.6366853728317146,48780726272.0,49.534653,Basic Materials,0.025664272835493603,24.610601118368738,0.6549774898174432,0.182992577080981,False
TANLA.NS,TANLA PLATFORMS LIMITED,488.0,-6.360936939671758,-10.794258131912482,8.362688875749868,29.015904718365192,-0.01134275814648329,65530171392.0,12.350672,Technology,0.01596805857461025,24.905776505483484,0.6835369301072973,0.18286027645778202,False
BANSALWIRE.NS,BANSAL WIRE INDUSTRIES L,325.70001220703125,3.3968292720734095,-1.3628103675473402,22.68806671540069,22.101823506098224,0.5255021649286401,50990276608.0,35.870045,Basic Materials,0.02400067807084469,24.654900796768324,0.6592636670372968,0.1828164253124577,False
VSSL.NS,VARDHMAN SPC STEEL LTD,386.1000061035156,6.027739276379318,43.27079198581121,67.72549109028448,40.54586608567126,1.1850660901767471,37470535680.0,26.132837,Basic Materials,0.033869498315270245,24.346820745913494,0.6294556471245003,0.18276603551757775,False
INDIAMART.NS,INDIAMART INTERMESH LTD,1592.9000244140625,-7.732854385547738,-16.268923256312807,-21.964579351165035,20.70885625987082,-0.8406807846013716,95794864128.0,19.463589,Consumer Cyclical,0.003558968884219494,25.285474910141673,0.7202743221438934,0.18273780719913799,False
TRANSRAILL.NS,TRANSRAIL LIGHTING LTD,482.3999938964844,12.907656162021276,0.0659054526744196,-6.63070769903954,54.259831242968424,-0.013159845228832396,64926216192.0,15.465302,Industrials,0.01594087014738172,24.89651732659548,0.6826410662306718,0.18261591916820424,False
INDIGOPNTS.NS,INDIGO PAINTS LIMITED,1062.4000244140625,-10.406478270599962,1.5813588135431988,35.103080124721316,30.997136816341385,0.5143911241306446,50711154688.0,31.581451,Basic Materials,0.023834427522313482,24.649411736933853,0.6587325777817788,0.18255896508717984,False
BSOFT.NS,BIRLASOFT LIMITED,279.45001220703125,-3.4214597157957605,4.179646907120915,-24.045263194216805,26.78243122724838,-0.4276321806084342,78147371008.0,13.745697,Technology,0.009739268122816938,25.08186225292815,0.7005739549053215,0.18244793981844307,False
GOKULAGRO.NS,GOKUL AGRO RESOURCES LTD,210.9499969482422,-8.746810304478092,2.100574185697557,5.538318888835292,27.171233581452807,0.060724870448901715,62248542208.0,11.9315605,Consumer Defensive,0.017046380849107506,24.854400953687698,0.6785661328527834,0.1824263188500265,False
SHAREINDIA.NS,SHARE IND. SECURITIES LTD,211.39999389648438,24.352055824512252,19.642369377143876,50.12951008312636,50.656647136985434,0.7072690168778043,46014631936.0,12.391279,Financial Services,0.02672039077739794,24.55222526844397,0.6493293847481414,0.1823726392700838,False
JSFB.NS,JANA SMALL FIN BANK LTD,499.8500061035156,-6.5875483256793155,13.293289273292919,27.822534639266692,41.05583189152772,0.40388280232371293,52895174656.0,13.911773,Financial Services,0.022180930838098228,24.691577955336403,0.6628123339175722,0.18233878160796674,False
SHARDAMOTR.NS,SHARDA MOTOR INDS LTD,918.5999755859375,6.399445406377269,4.918370831097052,16.977049080433602,28.906310564150672,0.38897820756056634,53096386560.0,15.993429,Consumer Cyclical,0.021957918691886364,24.695374713180136,0.6631796859518765,0.1822633605068839,False
AVANTIFEED.NS,AVANTI FEEDS LIMITED,714.0999755859375,-10.581017102836975,-20.689954138406364,-43.84158467167685,32.11260602636761,-0.941810265169779,97293000704.0,17.861431,Consumer Defensive,0.002045804463096382,25.3009928883505,0.7217757507569166,0.18197829103655144,False
BATAINDIA.NS,BATA INDIA LTD,619.8499755859375,-7.863251492242663,-2.9173300163142457,-7.375496076217591,11.936221010913444,-0.5140318142004671,79667789824.0,54.51627,Consumer Cyclical,0.00844650115897297,25.10113119833219,0.7024383051178994,0.18194445214870458,False
GUJTHEM.NS,GUJARAT THEMIS BIOSYN LTD,390.0,-5.035662008780739,6.61458206890615,39.91754408553554,45.833244772126946,0.45678664832298144,50759163904.0,87.24833,Healthcare,0.022972512254879257,24.65035800812424,0.6588241334356022,0.18193541755005999,False
HIRECT.NS,HIRECT LIMITED,1146.800048828125,-6.184552853078939,11.978149293296747,62.560178683917435,33.66577477286992,0.9991340994011344,39418085376.0,93.23577,Industrials,0.031087464119020854,24.397490567653787,0.6343581620754739,0.18190513860813412,False
SBC.NS,SBC EXPORTS LIMITED,61.70000076293945,34.83392269685768,46.69519436135885,91.79360980660658,41.500975672360894,1.6113391713344012,29571399680.0,73.05882,Consumer Cyclical,0.040247670698485186,24.110073504184975,0.6065493717062693,0.18182309595043122,False
GOODLUCK.NS,GOODLUCK INDIA LIMITED,491.29998779296875,4.084336995753457,1.5853362501852875,37.87529651604249,39.118989093972004,0.5171431317694178,48990236672.0,23.552252,Basic Materials,0.023875604833046665,24.61488686363238,0.655392153408303,0.18175474197686076,False
GUFICBIO.NS,GUFIC BIOSCIENCES LTD.,427.79998779296875,-3.843561775254667,12.591449454425652,42.63460118854112,30.903426431547892,0.7871626509973935,42900852736.0,58.44262,Healthcare,0.027915810786919442,24.482157540002177,0.642550042045353,0.18157436860152784,False
RATNAVEER.NS,RATNAVEER PRECISION ENG L,339.3500061035156,11.35357050156378,90.6674987356501,135.16978442598986,59.67678342539842,1.6263587003429114,28921020416.0,17.762888,Basic Materials,0.040472402564900055,24.087834517743136,0.6043976577317378,0.1814537163566095,False
LEAPIND.NS,LEAP INDIA LIMITED,142.47999572753906,-5.177691377423099,-1.6904692417414324,-1.6904692417414324,42.024628844751426,-0.05682176700816187,62767632384.0,91.92258,Industrials,0.015287572353078788,24.8627053696701,0.6793696194669953,0.1813080841315579,False
RAYMONDREL.NS,RAYMOND REALTY LIMITED,691.8499755859375,30.747414469466516,2.961524371961022,58.85650148016117,61.29475018893958,0.594931716542789,46349746176.0,15.4560585,Real Estate,0.025039527738484346,24.5594816527189,0.650031469957365,0.18128751329320453,False
IXIGO.NS,LE TRAVENUES TECHNOLOGY L,160.1300048828125,-3.9700120642803594,-20.10278098704008,-5.888915294212604,31.164555442332237,-0.31347452954489596,70630965248.0,83.8377,Consumer Cyclical,0.011447368421735082,24.980734486548812,0.6907894249897757,0.18128288256374522,False
RPOWER.NS,RELIANCE POWER LTD.,20.489999771118164,-7.2010876724723065,-16.808767887589248,-16.7749834578959,20.757653235423952,-0.7163786513027323,85031444480.0,,Utilities,0.005418857459934798,25.16628696009821,0.7087423947165798,0.18124974177409606,False
PANAMAPET.NS,PANAMA PETROCHEM LTD,504.1000061035156,1.7458863020210824,23.13466441891141,90.61073305691245,34.80327382062225,1.5112067727909604,30119763968.0,6.0183725,Energy,0.03874942526079441,24.128447403492817,0.6083271225048823,0.1811438495718164,False
SGFIN.NS,SG FINSERVE LIMITED,677.9500122070312,0.33298800641587967,0.39242180689553763,50.22158886430923,34.819170027366894,0.7264710375031551,43296309248.0,26.676817,Financial Services,0.027007703777134934,24.49133323157835,0.6434378281790455,0.18111523487761258,False
JINDWORLD.NS,JINDAL WORLDWIDE LTD,45.38999938964844,-21.0745944802901,59.15146795620909,87.25247449767055,92.69071297239826,0.6166395413965978,45508104192.0,54.035717,Consumer Cyclical,0.025364334194961067,24.541156261174745,0.6482584124856386,0.18108785376763045,False
EMUDHRA.NS,EMUDHRA LIMITED,607.9000244140625,15.834611004959932,40.61994947480538,28.018267328705228,71.80486828117824,0.40891434536721777,49874264064.0,43.733814,Technology,0.022256216025701173,24.6327709564586,0.6571225134027499,0.18097279036996333,False
SKFINDIA.NS,SKF INDIA LTD,1445.9000244140625,-6.908313812194988,-8.585694565976244,-6.04433587526616,19.20850743063012,-0.36335665822592417,71353819136.0,34.120567,Industrials,0.010700999885619051,24.990916706234227,0.6917745968835649,0.1809693991351055,False
BAJAJHIND.NS,BAJAJ HINDUSTHAN SUGAR LT,21.329999923706055,-2.4245227440411465,23.50897138579533,22.09502439648572,48.765154955560504,0.3612271729858084,50954940416.0,17.341463,Consumer Defensive,0.021542689839410687,24.65420755790051,0.6591965933078593,0.18095616570652284,False
INDIQUBE.NS,INDIQUBE SPACES LIMITED,197.32000732421875,1.4290192937331136,17.166440848794927,30.098245998805815,26.157806228267667,0.7831260363825058,41831374848.0,,Real Estate,0.027855412359253217,24.456912489395656,0.6401074789222596,0.18091842900000482,False
FEDFINA.NS,FEDBANK FINANCIAL SER L,150.72000122070312,-6.709579414272538,1.1679457263150006,8.035271418004331,23.193105788411426,0.13047426987651195,56541372416.0,14.805501,Financial Services,0.018090016285731474,24.758238462298937,0.6692620138414198,0.18088301567465356,False
RELAXO.NS,RELAXO FOOT LTD.,281.95001220703125,-17.293322333155015,-27.345837314764655,1.7853371503550042,27.625185605591874,-0.3898524787943158,71856119808.0,38.74497,Consumer Cyclical,0.010304552353532379,24.99793162063899,0.6924533188835241,0.1808417439860303,False
DBL.NS,DILIP BUILDCON LIMITED,400.79998779296875,0.19853684077937306,-4.071595262529348,-6.710906261516037,23.958622911985447,-0.18937750962730818,65107886080.0,5.09211,Industrials,0.013304187958938974,24.899311516781314,0.6829114156949373,0.18070599489293857,False
UNIPARTS.NS,UNIPARTS INDIA LIMITED,826.0499877929688,-5.491676754232677,28.3120699783195,63.44662159869215,38.90543127991094,1.0054790591972962,37156720640.0,20.627506,Industrials,0.031182401493988526,24.338410497293832,0.6286419207646441,0.18054728131165243,False
GSFC.NS,GUJ STATE FERT & CHEM LTD,153.47000122070312,-2.7452504013840695,-0.553364045238891,-1.9809805595512375,22.369201187610336,-0.07624543939872604,61154349056.0,8.830265,Basic Materials,0.014996942856874942,24.836666817678978,0.6768502818010279,0.1804602775929132,False
KOLTEPATIL.NS,KOLTE PATIL DEV. LTD.,433.54998779296875,-1.8784696607206497,21.57879427156142,34.30917106199853,25.177518815360955,0.9235433423730979,38447255552.0,30.87963,Real Estate,0.029956426527828886,24.372553153315494,0.6319453640344875,0.18045366090449355,False
GCSL.NS,GRETEX CORPORATE SERVICES,693.0499877929688,16.449627717866733,46.76886477697104,104.11663786306646,25.03513849763881,2.7712610382391176,16276542464.0,44.886658,Financial Services,0.05760316872357068,23.512990795665374,0.5487791486238107,0.18039716369863068,False
ELEVATE.NS,ELEVATE CAMPUSES LIMITED,337.75,4.582748795030556,4.582748795030556,4.582748795030556,65.79427464342129,0.06965269880696416,56921358336.0,27.504072,Consumer Cyclical,0.017179964767005472,24.764936473850295,0.6699100741788062,0.18036249211995567,False
TCI.NS,TRANSPORT CORPN OF INDIA,878.75,1.2151563746411131,-7.846918035420602,-12.728840360729166,25.89217015841772,-0.327336961864503,68241424384.0,14.947829,Industrials,0.011239949781212474,24.94631761308022,0.68745945004709,0.18029482484768183,False
GOLDIAM.NS,GOLDIAM INTERNATIONAL LTD,317.5,-8.050966920287516,-0.4038759609034215,26.97460352931118,27.54968824443115,0.4267179173715939,47801884672.0,22.87464,Consumer Cyclical,0.022522604536494545,24.590330903971985,0.6530162626860578,0.18014601907388536,False
KPIGREEN.NS,KPI GREEN ENERGY LIMITED,326.79998779296875,6.582155366599607,-17.507318824664896,-19.03817315045584,59.052593887130655,-0.22784521836240354,64599195648.0,14.147185,Utilities,0.012728609325558183,24.891467796403578,0.6821525032870706,0.18008458281593628,False
JAIBALAJI.NS,JAI BALAJI INDUSTRIES LTD,64.16999816894531,-7.973619561622214,-3.1834650712314727,3.349972638501808,37.541818939295545,-0.023301404650482662,58539175936.0,40.613922,Basic Materials,0.01578912560360186,24.79296204118931,0.6726216638029666,0.17999726015344306,False
BORORENEW.NS,BOROSIL RENEWABLES LTD,449.8500061035156,-9.876788219132537,-24.344092738951208,-0.07774457885946218,32.247408564576155,-0.2889366361329236,66210594816.0,16.435879,Technology,0.011814520186696358,24.9161063296368,0.6845363833442186,0.17999498597607694,False
BAFNAPH.NS,BAFNA PHARMACEUTICALS LTD,394.0,33.17559299361395,93.08992605114585,189.4292116856786,32.92195983901313,3.926762042270152,9320596480.0,119.75684,Healthcare,0.07489251895106519,22.955492463703287,0.4948388777936582,0.17987910866171344,False
RML.NS,RANE (MADRAS) LIMITED,1372.199951171875,5.8877942218043655,13.538144606457813,95.87386426979667,56.87929512895069,0.9348908814658629,37346062336.0,31.52088,Consumer Cyclical,0.030126215716164136,24.34349331691665,0.6291337045984552,0.1798780879367369,False
PITTIENG.NS,PITTI ENGINEERING LIMITED,1122.0,3.6408614592740474,21.661941139171013,35.715111522376894,36.20466111351521,0.6928475401400108,41708662784.0,33.658028,Industrials,0.02650460735423557,24.45397468482355,0.6398232341717727,0.17983426405861985,False
ZEEL.NS,ZEE ENTERTAINMENT ENT LTD,72.41999816894531,-19.058775336251255,-25.522039032645218,-6.375935539467759,36.51405093047902,-0.40138889476495654,68773191680.0,34.258373,Communication Services,0.010131937067703418,24.954079850150745,0.6882104786077643,0.17965157245271865,False
TCPLPACK.NS,TCPL PACKAGING LIMITED,3933.60009765625,-3.868613809365895,36.25096995785968,59.61045680593562,40.37491844577196,0.9884056281392476,36051193856.0,31.28201,Consumer Cyclical,0.030926937822284388,24.308205816828053,0.6257194929271862,0.17962507659850985,False
UFBL.NS,UNITED FOODBRANDS LIMITED,662.0999755859375,-5.461555127206042,-6.5490507288726185,158.83501473296315,46.93809408368063,1.6268338672767002,26717362176.0,,Consumer Cyclical,0.040479512318596624,24.008579459820968,0.5967294028798615,0.17954198495891285,False
HCC.NS,HINDUSTAN CONSTRUCTION CO,20.260000228881836,-11.836376708168517,-11.14034689988076,22.639223168789503,38.71543947450984,0.14490942757722472,53070422016.0,27.753424,Industrials,0.018306004412272325,24.694885585836754,0.6631323608571456,0.17951259352349064,False
HARSHA.NS,HARSHA ENGINEERS INT LTD,464.6499938964844,2.2669720820080785,11.600813518652874,33.63633179960199,32.86543970803531,0.6314172138123995,42303643648.0,27.34844,Industrials,0.02558544724726709,24.46813905756319,0.6411936958537411,0.17948750939888558,False
PRASOLCHEM.NS,PRASOL CHEMICALS LIMITED,789.0499877929688,17.593142741127977,17.593142741127977,17.593142741127977,61.74457270537107,0.28493423745586377,49663778816.0,42.77013,Basic Materials,0.020401145801232208,24.628541707909136,0.6567133161027987,0.17947918837662383,False
PICCADIL.NS,PICCADILY AGRO INDUSTRI L,588.4500122070312,-4.274225176609592,-10.617712724070728,4.620419177687385,26.63610237052797,-0.06494753772791594,58369118208.0,41.293587,Consumer Defensive,0.01516598933813372,24.790052789126637,0.6723401816259322,0.17945953741008336,False
SANOFICONR.NS,SANOFI CONS HEALTHC IND L,3752.699951171875,-10.686156157489258,-18.474509101320024,-14.937707923407817,16.76710448997317,-0.903461771336438,85936865280.0,32.2634,Healthcare,0.0026195993263362738,25.176878738958937,0.7097671931555456,0.1794064977836386,False
DODLA.NS,DODLA DAIRY LIMITED,1019.9000244140625,-4.396327546627132,-8.970010514999649,-0.9059110216782407,21.224281677199112,-0.18955761309919691,61528334336.0,25.13307,Consumer Defensive,0.013301493134796191,24.842763626586414,0.6774401732945313,0.17933616317472997,False
CERA.NS,CERA SANITARYWARE LTD,5122.5,-11.490280777537798,-18.992646477425478,2.939030764609951,18.651048082433274,-0.3499178537975687,66054512640.0,32.552746,Industrials,0.010902079932793464,24.913746187170638,0.6843080297931425,0.17925356739788073,False
APCOTEXIND.NS,APCOTEX INDUSTRIES LIMITE,610.7000122070312,-3.9024371035356054,22.88962616075183,62.701003007844626,30.421172414157148,1.2306199583809616,31661717504.0,19.642973,Basic Materials,0.0345511046304982,24.178374138348605,0.613157740724507,0.1792027636540004,False
AYE.NS,AYE FINANCE LIMITED,165.55999755859375,-10.41610316232855,1.8830754206730749,59.40689060817572,40.31989234627994,0.6990382577181038,40489971712.0,16.639196,Financial Services,0.026597236857796157,24.424320168373296,0.6369540369796765,0.17918643688826624,False
BODALCHEM.NS,BODAL CHEMICALS LTD,186.57000732421875,19.88819764691856,209.04424486527645,187.73907751625308,86.11024229579786,1.8645918007487,23497383936.0,34.23303,Basic Materials,0.04403699964818127,23.880154930070002,0.5843037981401632,0.17910369927117675,False
UNICHEMLAB.NS,UNICHEM LABORATORIES LTD,531.4500122070312,-3.4078516146860194,11.35673383070326,61.38780197621945,43.54120527492367,0.7675338935291922,38994223104.0,12.814669,Healthcare,0.0276221126756981,24.38667934659157,0.6333121316953503,0.17904461743061115,False
STARCEMENT.NS,STAR CEMENT LIMITED,176.02999877929688,-7.445188222483878,-14.248830949890845,-17.934732503824304,28.047181909332046,-0.525224003911407,71026622464.0,19.226477,Basic Materials,0.008279036408141994,24.986320608001957,0.691329905358591,0.17904175364575423,False
SHUKRAPHAR.NS,SHUKRA PHARMACEUTICALS L,72.58000183105469,39.79006523101229,75.26071608655145,75.26071608655145,57.67818705519666,1.181843421136451,32142221312.0,93.48718,Healthcare,0.03382127866551606,24.19343630852653,0.6146150680241738,0.17901972600518049,False
VISHNU.NS,VISHNU CHEMICALS LIMITED,647.75,-7.727920227920226,6.650362713711777,24.1139397350026,31.03251435495684,0.40301261098522967,45871996928.0,30.585726,Basic Materials,0.022167910474841523,24.549120679140266,0.649029002884632,0.17888318357728913,False
TTML.NS,TATA TELESERV(MAHARASTRA),34.18000030517578,-9.43296559343355,-15.24919723941921,-15.416974921456983,35.103123635486725,-0.40366321521634096,66545741824.0,179.1579,Communication Services,0.010097907220324347,24.921155395142385,0.6850249013274957,0.17882965574711718,False
REDTAPE.NS,REDTAPE LIMITED,113.8499984741211,-5.463756384937824,-15.234608959694917,-4.662535187224048,27.224043669457583,-0.293652245613434,63174852608.0,25.6809,Consumer Cyclical,0.011743962200541245,24.869172157158985,0.6799953079194143,0.1788067986302595,False
PARAGMILK.NS,PARAG MILK FOODS LTD.,308.70001220703125,24.17933981355327,37.96476412797911,53.61631101211697,56.25153462321681,0.7650182878501695,38600146944.0,27.682268,Consumer Defensive,0.02758447256334236,24.376521920275234,0.6323293586626271,0.17877069408816354,False
STLNETWORK.NS,STL NETWORKS LIMITED,44.84000015258789,55.31693401148703,77.86593328440756,131.97103119279743,56.845309356465755,1.7663494757783609,24135274496.0,,Communication Services,0.04256703470860091,23.90694027939382,0.5868953915386976,0.17864912391612509,False
INDORAMA.NS,INDO RAMA SYNTHETICS LTD,95.0999984741211,30.34539428107019,108.73572345823565,171.94736961524467,73.51341913397816,1.6957921719354687,24831860736.0,15.38835,Consumer Cyclical,0.04151131088578133,23.93539337272434,0.5896483460718572,0.17854556968230031,False
IFBIND.NS,IFB INDUSTRIES LTD,1212.300048828125,-7.153243917940177,-3.6097562301285135,16.5449053773137,26.016798598434715,0.22135225492945118,49120940032.0,30.62137,Consumer Cyclical,0.019449791228434227,24.61755125808182,0.6556499445979117,0.1784998295708036,False
GREENPLY.NS,GREENPLY INDUSTRIES LTD,315.29998779296875,3.4788234858143863,0.6050274908039333,48.96452945022296,36.486160407468624,0.6950453921599672,39381614592.0,39.860935,Basic Materials,0.026537493031693803,24.396564909647015,0.6342686008324732,0.17847026998188864,False
PDSL.NS,PDS LIMITED,342.29998779296875,-4.518831856912486,-4.474546754940989,15.613256604749882,23.532818351658634,0.2362869513197065,48642162688.0,41.54403,Industrials,0.01967325377457797,24.60775653679432,0.6547022647777868,0.17843050652538017,False
IONEXCHANG.NS,ION EXCHANGE (INDIA) LTD,409.20001220703125,0.0,3.42108725890502,10.788374474529117,39.61927605962219,0.1620552936179833,50303139840.0,49.480045,Industrials,0.018562551902839817,24.641333334390197,0.6579509589031246,0.178409653652911,False
KSL.NS,KALYANI STEELS LIMITED,942.7999877929688,0.2445494729365949,6.741369608603187,46.99460062424126,43.798960651095825,0.5837723249276561,41256341504.0,15.565461,Basic Materials,0.024872553733886582,24.44307067136587,0.6387682257433656,0.17834647173625634,False
TEXRAIL.NS,TEXMACO RAIL & ENG. LTD.,117.37999725341797,1.8469739259111995,5.929257255993536,21.810989078504406,46.17976331703933,0.28267071035709085,47196291072.0,21.722845,Industrials,0.02036727745094642,24.57758114748857,0.6517826709812835,0.1782211258335307,False
SHOPERSTOP.NS,SHOPPERS STOP LIMITED,395.5,3.6018336607727575,11.11110730064122,32.85185884539204,45.02107185810068,0.45488984378551905,43558789120.0,,Consumer Cyclical,0.02294413104374497,24.49737733666796,0.644022620360059,0.17821375337282347,False
INDIASHLTR.NS,INDIA SHELTER FIN CORP L,636.3499755859375,-6.018313612363735,-17.969709882573316,-15.615091248733325,26.068104129649438,-0.5524805808443194,69487484928.0,13.388386,Financial Services,0.00787120594936109,24.964412500338046,0.6892102052751692,0.1782059557808131,False
SANATHAN.NS,SANATHAN TEXTILES LIMITED,528.3499755859375,15.815423377534543,15.739315571946877,20.27088328418889,42.518369944890864,0.4238243613788155,44151758848.0,72.75382,Consumer Cyclical,0.022479309288123937,24.510898601232313,0.6453308586645585,0.17819219663223257,False
V2RETAIL.NS,V2 RETAIL LIMITED,172.19000244140625,-20.466511574408198,-23.644181350824066,-11.370185544928368,53.82511736597401,-0.3134530924951618,62039429120.0,33.624508,Consumer Cyclical,0.011447689176679826,24.851035973423244,0.6782405570861906,0.1781459061540575,False
JASH.NS,JASH ENGINEERING LIMITED,594.9500122070312,24.587600763630448,20.37389075084406,49.54262726753351,46.43492396412975,0.770992993089227,37425401856.0,43.714184,Industrials,0.027673869951162663,24.345615504856447,0.629339035064328,0.17809016122945398,False
JUNIPER.NS,JUNIPER HOTELS LIMITED,218.36000061035156,0.7102634600643754,12.406057235149138,2.714146654055205,28.048694508123205,0.18613854516070397,48585621504.0,29.310068,Consumer Cyclical,0.01892290102333938,24.606593470272905,0.6545897332784767,0.1778396090871237,False
SSRETAIL.NS,SS RETAIL LIMITED,712.75,-4.814368106391587,-4.814368106391587,-4.814368106391587,93.5505578766089,-0.05146274074271335,54065225728.0,90.42289,Consumer Cyclical,0.015367757555565374,24.71345703847623,0.6649292257581704,0.17775812460621662,False
CCAVENUE.NS,AVENUESAI LIMITED,15.350000381469727,-2.229295745525184,-5.422052899487307,1.722996860521886,36.16454761783557,-0.0334851855871017,53433651200.0,15.19802,Technology,0.015636749314322098,24.701706556740742,0.6637923180207675,0.17767564149093346,False
LGBBROSLTD.NS,LG BALAKRISHNAN & BROS,1657.800048828125,-2.642706055298105,9.324700292239374,-4.992798572418766,19.816442423714754,-0.01148189996572844,52878635008.0,16.584635,Consumer Cyclical,0.01596597664509584,24.691265219165,0.662782075398727,0.17767000133350364,False
SHANTIGEAR.NS,SHANTHI GEARS LTD,591.75,-4.825090470446325,33.879119920853725,29.589145407772,76.48511357143035,0.3136988292935139,45453287424.0,71.275566,Industrials,0.02083154015026101,24.539950985537228,0.6481417970796628,0.17765910438261145,False
ABLBL.NS,ADITYA BIRLA LIFES BRAN L,73.16000366210938,-14.999414521307564,-21.36374606366802,-26.170960092691775,19.864199032506168,-1.1324134807431687,88862932992.0,50.805557,Consumer Cyclical,-0.0008061236070989289,25.21036094080795,0.7130067347508886,0.17764709098239795,False
IDEAFORGE.NS,IDEAFORGE TECHNO LTD,723.4000244140625,-6.904313007106088,-15.869041698686138,68.2912676846292,34.328326774045344,0.8157711535082692,35965517824.0,92.15287,Technology,0.028343869626911072,24.30582647818794,0.6254892820668366,0.17763022273689247,False
ADFFOODS.NS,ADF FOODS LIMITED,293.1000061035156,10.68731858578218,-4.76739093337426,59.41010482993829,28.96243642328622,1.0500600987633524,32201019392.0,35.01792,Consumer Defensive,0.03184945172057806,24.195263947163365,0.6147918996259898,0.177585063696931,False
CAPILLARY.NS,CAPILLARY TECHNO INDIA L,587.2000122070312,19.824513179072945,14.990701894743319,7.772788569101086,51.543411968427634,0.23957489457842837,46665949184.0,111.21212,Technology,0.019722450099228368,24.566280596162272,0.6506892958730115,0.17746416154267414,False
INOXGREEN.NS,INOX GREEN ENERGY SER LTD,146.58999633789062,-16.282129509904443,-25.148080535615914,-3.4257837658902113,35.05369248591536,-0.35698783944892043,61509533696.0,47.135048,Utilities,0.010796294254024555,24.842458019208024,0.6774106045159126,0.17744987181949656,False
IMFA.NS,INDIAN METALS & FERRO,1190.5999755859375,-7.590813953345155,-10.930567559254845,-12.435582877715445,23.931041915376408,-0.4602860391868427,64237756416.0,12.251492,Basic Materials,0.009250680059914643,24.88585698095946,0.6816096336724323,0.17734041846304407,False
SANOFI.NS,SANOFI INDIA LIMITED,3024.199951171875,-4.242923249690955,-12.643345085614598,-10.357003109575913,15.269891355317435,-0.6431014799818976,69672239104.0,21.517889,Healthcare,0.006515277691701209,24.967067784197422,0.6894671149774846,0.17725323701314705,False
LUMAXIND.NS,LUMAX INDUSTRIES LTD,5435.5,-12.068268219687784,4.594590988589009,3.4606933803638107,30.94869023153557,0.022458796724468204,50809597952.0,27.119194,Consumer Cyclical,0.016473819208620098,24.65135110976735,0.658920220129535,0.1770854194388488,False
JYOTHYLAB.NS,JYOTHY LABS LIMITED,183.32000732421875,-9.040382340415466,-3.066829495937118,-15.74684571202396,18.12536639808825,-0.5849011787926942,67321618432.0,23.684755,Consumer Defensive,0.007386108082237829,24.932747246874275,0.6861464609555586,0.17707619630056803,False
SMSPHARMA.NS,SMS PHARMACEUTICALS LTD.,477.8500061035156,21.84970411843605,12.930363310725168,19.804634649625406,60.331345865722895,0.3008612998923543,44016455680.0,41.81495,Healthcare,0.02063945676729716,24.507829393696817,0.645033900133551,0.17673806760886063,False
PTC.NS,PTC INDIA LIMITED,151.63999938964844,0.5438621109834507,5.204599925472997,6.347508251181799,19.280266939695757,0.25123648652422076,44794941440.0,8.829055,Utilities,0.019896938348617648,24.525361055728663,0.6467301609901033,0.17660524400898905,False
PURVA.NS,PURAVANKARA LIMITED,206.92999267578125,-10.311203371642119,-5.795324944959024,9.504149515299076,37.92494997189653,0.025082079225238755,49557168128.0,30.958519,Real Estate,0.016513070450932532,24.62639275182055,0.6565053957077502,0.17651115176513696,False
ANTELOPUS.NS,ANTELOPUS SELAN ENRGY LTD,1100.5999755859375,14.987196104361033,33.649055930289926,74.2144797128512,91.51118939460291,0.548560194528483,38699692032.0,29.310253,Energy,0.024345687160336502,24.379097479146868,0.6325785546424356,0.17640390403086129,False
MASTEK.NS,MASTEK LTD,1616.300048828125,-8.832984005270871,1.489101828810968,1.2684164129614484,61.41835334295399,-0.011163732151696571,50115608576.0,11.676782,Technology,0.015970737276846676,24.637598344959205,0.6575895832183823,0.1763754487622306,False
KALPATARU.NS,KALPATARU LIMITED,269.79998779296875,-2.827302818685573,-5.828974592332026,-9.675267235687846,29.346113467773698,-0.24370472658638911,55559077888.0,44.229507,Real Estate,0.0124913091491293,24.74071275802456,0.6675663294225589,0.1762600642174867,False
DIVGIITTS.NS,DIVGI TORQTRANSFER SYST L,1119.199951171875,-9.176851864876422,18.570946653079833,65.67902709209055,45.80879321182033,0.7984368197404886,34228412416.0,54.146103,Consumer Cyclical,0.02808450216082846,24.25632190854147,0.6206995100783488,0.17623825414020855,False
PRAJIND.NS,PRAJ INDUSTRIES LTD,315.04998779296875,-6.109372893986908,-10.274449912069716,-5.329679389139375,22.719644020922402,-0.30674112852575863,57046392832.0,182.55882,Industrials,0.011548117904458081,24.767130683087238,0.670122373003239,0.1761916816791533,False
AARTIDRUGS.NS,AARTI DRUGS LTD.,428.79998779296875,-0.6602585761182889,10.772405329877976,19.893749506697176,26.950140056748168,0.48409932598244293,39136575488.0,20.487337,Healthcare,0.023381182128862688,24.39032330119281,0.6336646993835655,0.1759520614425384,False
ADOR.NS,ADOR WELDING LTD,1535.0,-8.325371618579858,21.49721526046733,78.54325198324084,34.06177062729431,1.2934065209589722,26713323520.0,23.56463,Industrials,0.035490557617734696,24.00842828616654,0.596714776203162,0.17579661226409155,False
63MOONS.NS,63 MOONS TECHNOLOGIES LTD,792.9500122070312,-9.322327517457186,19.185699873371377,44.258056134498936,42.60662240393406,0.6107095812118674,36537974784.0,,Technology,0.02527560631146184,24.3216179617571,0.6270171734553768,0.17571099809744056,False
STEELCAS.NS,STEELCAST LIMITED,363.70001220703125,10.86725369322712,16.798398693646366,38.93133917873553,51.42196873133453,0.518817940926703,38086619136.0,42.05028,Basic Materials,0.0239006644063257,24.363128853639303,0.631033524038251,0.175683879314307,False
SAFARI.NS,SAFARI IND (INDIA) LTD,1308.5999755859375,-15.0480424016026,-18.645775831019584,-15.37752731469385,24.917984481123913,-0.6538291609685055,65457012736.0,39.676273,Consumer Cyclical,0.006354763219572445,24.904659470040773,0.6834288523053519,0.1756232854910173,False
SOMANYCERA.NS,SOMANY CERAMICS LIMITED,610.9000244140625,9.607975450582607,17.921265148850907,49.87785065367814,23.243676780033336,1.386910524754669,25358219264.0,23.900269,Industrials,0.03688962474416478,23.956368745792922,0.5916778002230486,0.17558666861388575,False
KIRIINDUS.NS,KIRI INDUSTRIES LIMITED,564.0999755859375,0.8942944407679398,48.62336812763497,41.92979198906113,61.09894587685795,0.5848016656850925,36761268224.0,0.607611,Basic Materials,0.0248879553932505,24.3277106339748,0.6276066647070286,0.17556763272169504,False
SHARDUL.NS,SHARDUL SECURITIES LTD.,58.11000061035156,6.643418646315258,108.27957492786769,101.07266912589247,17.424988895342576,4.840685481772332,5079795200.0,21.909433,Financial Services,0.08856723006905327,22.34853678296036,0.43611340378919133,0.1754537734990878,False
ELECTCAST.NS,ELECTROSTEEL CASTINGS LTD,78.97000122070312,-5.6624034352053325,7.0528949539261365,-4.91400674225283,35.390917001248134,-0.04163824214828999,48818036736.0,40.290817,Industrials,0.015514758031043933,24.611365686784705,0.6550514649758625,0.17539893476724858,False
DATAMATICS.NS,DATAMATICS GLOBAL SER LTD,771.2000122070312,1.4737347124929467,-8.486402322753051,10.88179582416473,31.29857261720884,0.10191276760970644,45582848000.0,21.082558,Technology,0.017662660693662322,24.542797342379288,0.6484171938838104,0.17535129399119934,False
HERITGFOOD.NS,HERITAGE FOODS LTD,406.1000061035156,6.21158614381454,24.822363537206993,26.36432862340299,42.77449165676887,0.5113138638002767,37684457472.0,27.910652,Consumer Defensive,0.023788383571328318,24.352513577773614,0.6300064521668126,0.1753429007201994,False
SENCO.NS,SENCO GOLD LIMITED,316.95001220703125,-11.626929429556554,-2.8662169591112563,-4.829253210854823,27.72789119199206,-0.2019582931891846,52464697344.0,9.190352,Consumer Cyclical,0.013115946172580694,24.6834063488367,0.662021697170445,0.17534238392204676,False
MEDPLUS.NS,MEDPLUS HEALTH SERV LTD,651.4500122070312,-3.6815205555873365,-20.185003373684186,-23.873793490268035,17.56449802477064,-1.0662816461294813,78231076864.0,37.18322,Healthcare,0.0001833834948716009,25.08293280792,0.7006775355312861,0.17530692150397523,False
SAATVIKGL.NS,SAATVIK GREEN ENERGY LTD,400.8500061035156,-5.549007571077591,-5.359457524184574,-3.9995167471381543,32.68836522623952,-0.14431425714458543,50905554944.0,29.557196,Technology,0.013978453365758887,24.653237889027526,0.6591027738314131,0.17525953348217244,False
MODISONLTD.NS,MODISON LIMITED,491.29998779296875,4.543031180203916,73.05383582945333,266.9636650782454,66.30543719037047,2.35737212730938,15942684672.0,15.701501,Industrials,0.05141029627138169,23.492265919778003,0.5467739311115867,0.17525120498143293,False
MENONBE.NS,MENON BEARINGS LIMITED,304.95001220703125,-5.118227131874587,85.74726565807443,169.8343286790256,49.89454887698721,2.1969874680823507,17089398784.0,38.896683,Consumer Cyclical,0.049010517703626334,23.561724154110458,0.5534943027368987,0.17513146396194443,False
BIRLACORPN.NS,BIRLA CORPORATION LTD,803.4500122070312,-9.45511530819677,-13.082579744965594,-12.597218868267035,20.98220892421969,-0.577365636880184,61869944832.0,11.172994,Basic Materials,0.007498859713629621,24.84830035482898,0.6779758746658086,0.17511811345167436,False
MAHLOG.NS,MAHINDRA LOGISTIC LIMITED,415.04998779296875,2.392989155889147,9.211770342043856,9.469339612200578,26.843056534769893,0.2971643236403328,41205084160.0,111.873314,Industrials,0.02058414022756163,24.441827487654514,0.6386479425743627,0.17510009081426192,False
RCF.NS,RASHTRIYA CHEMICALS & FER,106.69000244140625,-6.014920054621831,-17.488422830949133,-13.944987844422885,27.277745847086198,-0.4920496311231023,59383709696.0,13.305315,Basic Materials,0.008775412739892078,24.80728577817703,0.6740075446354675,0.17508344571378595,False
BEPL.NS,BHANSALI ENG. POLYMERS LT,128.6300048828125,0.8862783394607776,36.15416588837368,44.76160449010358,39.83858715787109,0.8384912734541521,32010665984.0,15.998757,Basic Materials,0.028683822694528224,24.18933499624127,0.6142182490872503,0.17506742929270874,False
PRABHA.NS,PRABHA ENERGY LIMITED,214.89999389648438,-6.808331219203678,42.14843518173483,34.169942157213825,44.75923251243086,0.6337873505935187,35119505408.0,2500.0,Energy,0.025620910760282552,24.28202252272692,0.6231861508630583,0.17501222078597647,False
CARERATING.NS,CARE RATINGS LIMITED,1588.199951171875,-8.629617087428388,-1.3601655019026215,2.631089664731956,23.34305598333987,-0.035060886468316066,47856611328.0,26.950619,Financial Services,0.015613172662900724,24.591475113096276,0.6531269696541547,0.1749916219107142,False
ARVINDFASN.NS,ARVIND FASHIONS LIMITED,406.3999938964844,-8.980964412881443,-11.439729719538738,-11.101899555653528,34.14239129106115,-0.3157090399456303,54347661312.0,44.955753,Consumer Cyclical,0.011413934237973664,24.71866741946821,0.6654333516823623,0.1749187885990708,False
HITECHCORP.NS,HITECH CORPORATION LTD,342.3999938964844,1.6023720761081162,10.123152085641118,139.36643358881224,16.336627173452225,4.470974091245929,5880959488.0,33.502934,Consumer Cyclical,0.083035370129853,22.49498576394616,0.4502829487802448,0.17484726479245094,False
EUREKAFORB.NS,EUREKA FORBES LIMITED,353.79998779296875,-16.50737751198378,-19.80961513959578,-25.468721572590624,26.641449178923793,-0.8249821802912025,68517552128.0,38.043007,Consumer Cyclical,0.003793861512659027,24.950355784851745,0.6878501598780019,0.17480793610399475,False
VIJIFIN.NS,VIJI FINANCE LIMITED,14.40999984741211,-13.088058421467686,99.58449122101159,347.51551923530724,34.028010227440475,5.9073537932481175,3005309952.0,46.464287,Financial Services,0.10452740833747454,21.823646545371496,0.3853281010385961,0.17472758151275491,False
SANGAMIND.NS,SANGAM (INDIA) LTD,631.75,9.148240035203825,14.416367303507482,40.42612482015291,32.57789006237296,0.8093716492037142,31992338432.0,26.843193,Consumer Cyclical,0.028248116121879205,24.188762287110894,0.6141628371087233,0.17472679636859023,False
FDC.NS,FDC LIMITED,333.6499938964844,-2.669193180371532,-21.197449526166658,-2.040520282585956,23.80502915857305,-0.3324227658857953,54321582080.0,18.55673,Healthcare,0.011163852705912867,24.718187444975225,0.6653869121637863,0.17471961757038124,False
MAPMYINDIA.NS,C.E. INFO SYSTEMS LIMITED,896.5999755859375,-7.776181410394245,-3.4589609230730622,-2.722685207013442,34.03217041124511,-0.11619203578872257,49098760192.0,35.864,Technology,0.014399236153917831,24.61709962077635,0.6556062468195015,0.17470098882031376,False
ACI.NS,ARCHEAN CHEMICAL IND LTD,474.5,-5.890521913521107,-8.776318806384031,-21.659389904811754,29.0297189967155,-0.5043347122367068,58581008384.0,60.215736,Basic Materials,0.008591595444013223,24.793676392008017,0.672690780201025,0.17461639163326617,False
JAYKAY.NS,JAYKAY ENTERPRISES LTD,240.02000427246094,56.17151438589356,41.17993766702344,56.85531144352309,76.85211455628865,0.6768316031209852,33845862400.0,16.564528,Industrials,0.026264966589426685,24.24508259548056,0.6196120600256884,0.1746017399484921,False
GOKEX.NS,GOKALDAS EXPORTS LTD.,682.75,-13.488343963571324,-15.569161023062861,4.547892621115368,29.89324214672669,-0.17042215641580588,50030305280.0,51.18066,Consumer Cyclical,0.0135878101619628,24.635894764386734,0.6574247547477093,0.17454704630839943,False
GUJALKALI.NS,GUJARAT ALKALIES & CHEM,613.0999755859375,-12.743736982177534,8.148610065725514,1.867211795751822,26.667675750974308,0.03110288008870256,45024178176.0,67.82079,Basic Materials,0.016603157551173277,24.530465475248846,0.6472240347033759,0.17425837683922393,False
THOMASCOOK.NS,THOMAS COOK (INDIA) LTD,101.08999633789062,-9.458132596210145,-0.4327658230497189,-0.5595205627596744,27.274763254968406,-0.0843716415039173,47263842304.0,21.424307,Consumer Cyclical,0.014875353387263125,24.579011406818083,0.6519210544905575,0.17413677866308672,False
CAMPUS.NS,CAMPUS ACTIVEWEAR LIMITED,208.67999267578125,-6.5221342318183435,-8.603990066235124,-11.56602231546251,13.129298030847567,-0.7364167528616061,63789240320.0,41.404762,Consumer Cyclical,0.005119034478789064,24.87885036606838,0.6809317146847697,0.1740722045302842,False
SANGHVIMOV.NS,SANGHVI MOVERS LTD,419.5,-4.485430705713411,-4.544819473551909,42.19985931228534,38.27413690867959,0.4922226650699445,36015616000.0,17.649555,Industrials,0.023502728760159894,24.30721845915368,0.6256239619860003,0.17403303706662002,False
SURYAROSNI.NS,SURYA ROSHNI LTD,220.41000366210938,1.8107063002818835,-14.344719573165444,2.3365738378855916,20.553751289019083,-0.13491394606380322,47997419520.0,15.400838,Basic Materials,0.01411910687445863,24.594413086430016,0.6534112307330282,0.17394213783910104,False
SHARDACROP.NS,SHARDA CROPCHEM LTD.,720.0999755859375,-6.279690444865949,-20.429981343249604,-30.818545979640753,27.094298790971976,-0.8412915815530297,66506039296.0,10.620228,Basic Materials,0.0035498297468424924,24.920558596980893,0.6849671586355157,0.1739041619690108,False
GREENLAM.NS,GREENLAM INDUSTRIES LTD.,212.02000427246094,-12.612312035513195,-15.175032262006994,-3.315683763404609,21.683262163815844,-0.40274447179711115,54096416768.0,58.569065,Basic Materials,0.010111654051083349,24.714033787130266,0.664985028577329,0.17382999768264476,False
ESAFSFB.NS,ESAF SMALL FINANCE BANK L,42.150001525878906,1.7870120289629643,28.584512188877564,81.4464156542173,31.98750179421504,1.5523551732005676,21754470400.0,,Financial Services,0.03936511412951976,23.803085109039703,0.5768469740012014,0.1737355790974402,False
BLSE.NS,BLS E-SERVICES LIMITED,160.89999389648438,0.7044133296749688,23.299339534348572,98.20703301623506,23.30835414163069,2.412619985531516,14586241024.0,50.281246,Industrials,0.052236950308711984,23.40334452577889,0.5381704182400308,0.1737203172915417,False
EPIGRAL.NS,EPIGRAL LIMITED,1036.199951171875,-15.044683721081986,4.9103916538858705,1.7036108133599015,37.551747047040394,-0.018215233514851343,44703051776.0,16.528952,Basic Materials,0.01586522817190265,24.523307608651585,0.6465314814871832,0.1735317915007228,False
DALMIASUG.NS,DALMIA BHARAT SUG IN LTD,453.0,3.29495213983515,27.695560253699792,24.34307955168853,51.721350673988866,0.4087131910525224,36665503744.0,18.04062,Consumer Defensive,0.022253206225290437,24.3251021975223,0.627354287685207,0.17352847659026957,False
ZOTA.NS,ZOTA HEALTH CARE LIMITED,1278.5999755859375,13.009364174372685,-9.413307899884504,3.6628673179873505,48.721083188730795,0.03303116471437698,43630137344.0,,Healthcare,0.016632009787662275,24.499013972025633,0.6441809716041469,0.17351925024178344,False
ASHIANA.NS,ASHIANA HOUSING LTD,382.95001220703125,6.903545420290436,3.214744801387903,21.69437749648644,44.936277504019166,0.29357841826671466,38495993856.0,31.80648,Real Estate,0.020530485601844426,24.373820017163645,0.6320679383547259,0.17341484879006477,False
SOLARA.NS,SOLARA ACTIVE PHA SCI LTD,676.9000244140625,5.906281554883308,20.79950993238697,40.08692204337918,45.01028135537466,0.6101843730975174,33198764032.0,,Healthcare,0.025267747809392484,24.225778484254192,0.617744307374266,0.17338688770061086,False
JKLAKSHMI.NS,JK LAKSHMI CEMENT LTD,478.45001220703125,-7.223191607186886,-14.655023463832883,-21.252068923532907,24.916834709329404,-0.6608857029310846,59396902912.0,16.066153,Basic Materials,0.0062491786939334135,24.807507922443914,0.674029038012635,0.17319414352360882,False
RENUKA.NS,SHREE RENUKA SUGARS LTD,22.649999618530273,-5.7820351250455815,0.398936856021459,-17.72612040101571,37.43681946973085,-0.26443982978977326,49168113664.0,,Consumer Defensive,0.012181057180471622,24.618511154099686,0.65574281851018,0.17307149751289871,False
SHAKTIPUMP.NS,SHAKTI PUMPS (I) LTD,443.3999938964844,-6.257929408777086,-25.460366277845658,-14.070368312660575,30.85114231521342,-0.516184449775472,55109533696.0,25.98022,Industrials,0.008414292039085938,24.732588563492023,0.6667802799794698,0.1730057890241819,False
CSBBANK.NS,CSB BANK LIMITED,305.8500061035156,-6.909140932233793,-12.80113867326711,-22.677280864031324,41.54086452619546,-0.3986631094208625,51834720256.0,7.9835553,Financial Services,0.010172722023575033,24.67132603690939,0.6608528769969775,0.17284276076692565,False
HAWKINCOOK.NS,HAWKINS COOKERS LTD,8009.5,-4.722536132754418,-7.531974512612971,7.467559333016016,19.009881181188575,0.027863408566147187,42352754688.0,31.227339,Consumer Cyclical,0.01655468649185782,24.469299301714212,0.6413059542770354,0.17274250343815223,False
WAKEFIT.NS,WAKEFIT INNOVATIONS LTD,138.1199951171875,-8.861766851950282,9.35866332527786,-8.987875516188183,34.27169422311273,-0.10091978844942362,44835119104.0,22.991497,Consumer Cyclical,0.014627749354762243,24.526257577865238,0.6468169032170833,0.1726750378203425,False
SHILCTECH.NS,SHILCHAR TECHNOLOGIES LTD,4032.89990234375,-0.7969927458051917,-5.917108335140709,-5.673524541916885,25.161966558161232,-0.18962322795570644,46673727488.0,33.93612,Industrials,0.013300511363053578,24.566447262778127,0.650705421557847,0.17265173891175195,False
SEAMECLTD.NS,SEAMEC LIMITED,1584.9000244140625,-11.635813671534889,9.70463696500563,5.000526882874379,26.425631886511074,0.11672348308498354,40337657856.0,15.580959,Industrials,0.01788426815750574,24.420551307722473,0.6365893841142392,0.17256054714668909,False
ASHAPURMIN.NS,ASHAPURA MINECHEM LTD,502.8999938964844,-8.385322728975442,-19.535050170026423,-2.313139729623792,33.067714324290606,-0.2629195769653035,48040071168.0,11.807936,Basic Materials,0.012203804182356434,24.59530131561005,0.6534971705821425,0.17252714578230297,False
RESPONIND.NS,RESPONSIVE INDUSTRIES LTD,158.1699981689453,2.1110422216324976,-25.357825337886343,13.654436351424092,55.468948581743135,-0.006452636844079454,42625376256.0,42.073685,Basic Materials,0.016041227719039586,24.475715599654826,0.6419267576567076,0.1725126102034566,False
CONFIPET.NS,CONFIDENCE PETRO IND LTD.,86.66999816894531,5.201272267505863,25.227318800583486,58.22394337036341,45.061703777764954,0.8370837899083929,28795332608.0,21.399998,Energy,0.028662763019221,24.083479148767317,0.6039762577585861,0.17249113670406227,False
BUILDPRO.NS,SHANKARA BUILDPRO LIMITED,1301.5,0.2542018912530475,23.11985905387941,17.829743846364842,25.34187823421206,0.627485850496345,31560497152.0,23.959867,Consumer Cyclical,0.025526623657321543,24.175172085429924,0.6128479288528943,0.17235694995621473,False
GNA.NS,GNA AXLES LIMITED,615.7999877929688,11.75029515186683,34.044404870350455,51.40090526011561,38.06810846298031,1.0051414337473896,26436786176.0,19.993507,Consumer Cyclical,0.031177349724557962,23.998022292991227,0.5957079532981361,0.17231000061795249,False
JGCHEM.NS,J.G.CHEMICALS LIMITED,665.4500122070312,11.452218201861552,53.69487120497023,88.90663126508167,61.176389547939046,1.0273934290307303,26076366848.0,34.694996,Basic Materials,0.03151029840947654,23.984295256363495,0.5943798056949149,0.17222767523083612,False
MUFIN.NS,MUFIN GREEN FINANCE LTD,135.1699981689453,-1.7374232568086678,5.395710073251703,31.42440464202487,17.768407894101472,0.9558217478960698,26785583104.0,65.299515,Financial Services,0.030439396820303652,24.011129635876237,0.5969761429671399,0.1720735833570127,False
BOROLTD.NS,BOROSIL LIMITED,286.8500061035156,10.770009101299948,26.19330833857152,18.20092910862463,45.30262861849537,0.42188410382701225,34303713280.0,49.03419,Consumer Cyclical,0.022450277905002987,24.258519444180013,0.6209121307459027,0.1720657411152279,False
KIRLOSIND.NS,KIRLOSKAR INDUSTRIES LTD,3542.5,-5.064987270534638,-11.268713423006682,22.607280567765752,28.652297711888025,0.24116840024895314,37248266240.0,25.053041,Industrials,0.01974629315737465,24.34087123682301,0.6288800074978889,0.1720297217425032,False
HLEGLAS.NS,HLE GLASCOAT LIMITED,447.1000061035156,34.334204744645255,11.272614229972744,52.45104639762381,59.12073001729177,0.6169434715276316,31053213696.0,85.651344,Industrials,0.025368881793329044,24.158968140678606,0.6112801301380053,0.1718466938794981,False
MAYURUNIQ.NS,MAYUR UNIQUOTERS LTD,761.1500244140625,3.5789684564055957,-10.098954227587154,38.85069311878233,36.516689879479216,0.46859269113390917,33073946624.0,15.9637165,Consumer Cyclical,0.023149161871146868,24.22201169836771,0.617379855250865,0.1717068352160764,False
LASERPOWER.NS,LASER POWER & INFRA LTD,278.79998779296875,-5.699308794646996,6.241892206039812,6.241892206039812,43.76943807907687,0.08804435640348258,39134691328.0,31.862856,Industrials,0.017455152593187428,24.390275156833408,0.6336600412175473,0.17150637474927738,False
ABFRL.NS,ADITYA BIRLA FASHION & RT,45.68000030517578,-13.762508490707893,-21.66009393013053,-21.820982258099686,29.9036923027999,-0.6741983833103009,55582384128.0,,Consumer Cyclical,0.006049985796012934,24.741132155788787,0.6676069078919299,0.17143921631999218,False
DBREALTY.NS,VALOR ESTATE LIMITED,90.08000183105469,-12.177047773160698,-17.90010861387281,-8.501772855907586,29.855310951252477,-0.40382525527968643,48860004352.0,391.65216,Real Estate,0.010095482672534004,24.612224991867283,0.6551346062988452,0.17135526357911182,False
PRSMJOHNSN.NS,PRISM JOHNSON LIMITED,102.05999755859375,-8.153352199468845,-11.375482534676118,-18.78730083103153,29.425025306750303,-0.4906356227333404,50693042176.0,37.3,Basic Materials,0.008796570044117625,24.64905450295829,0.6586980139162264,0.17127193101214483,False
TRUALT.NS,TRUALT BIOENERGY LIMITED,442.29998779296875,4.00940336107436,-3.184856761772714,6.296558833247223,32.526808292900995,0.09206876473238837,38528638976.0,24.391964,Energy,0.01751536838254128,24.374667671238804,0.632149952394523,0.1711740143855367,False
STALLION.NS,STALLION IND FLUOROCHEM L,224.61000061035156,8.675250904763242,22.885437197952683,66.16853122215598,45.496104623533334,0.9162311212230297,26119290880.0,42.213882,Basic Materials,0.029847016365515407,23.985939992479224,0.5945389407208697,0.17101999745435398,False
MOSCHIP.NS,MOSCHIP TECHNOLOGIES LTD,197.6999969482422,-6.841958434144257,-14.522892175597002,14.95522843334074,31.434166691396765,0.05574682142238159,38548721664.0,147.53731,Technology,0.016971896073439727,24.375188775964943,0.6322003714333745,0.17077901491342343,False
JSLL.NS,JEENA SIKHO LIFECARE LTD,441.25,-13.775918575262702,-20.991229237826513,-31.600991909747943,35.09092879939505,-0.7082470966398209,54847696896.0,24.845158,Healthcare,0.005540527017962559,24.72782603367031,0.6663194855094384,0.17073526664083152,False
LCCPROJECT.NS,LCC PROJECTS LIMITED,144.0800018310547,-7.510589960151615,-7.510589960151615,-7.510589960151615,60.465117763552,-0.12421360013549397,41735831552.0,14.732107,Industrials,0.014279212341839874,24.454625866646282,0.639886238708045,0.17068096893339113,False
MUKANDLTD.NS,MUKAND LTD.,181.5500030517578,35.04165408720799,42.311830558169184,43.06944923173914,47.139381599122686,0.8747803471536123,26233169920.0,4.147818,Basic Materials,0.029226803187346974,23.990290474495474,0.5949598678604583,0.1706600693556248,False
BATLIBOI.NS,BATLIBOI LTD.,96.16000366210938,5.891428529181075,17.72677627886372,516.9783313370323,56.95929867003638,4.652190080295981,4541332992.0,49.31282,Industrials,0.08574684047092421,22.236486416697407,0.42527206713160925,0.17062814713609548,False
TALBROAUTO.NS,TALBROS AUTO. COMP. LTD,429.45001220703125,5.4599325537523,5.719206264802668,66.38789558635511,41.53430764463889,0.8667941811026914,26268413952.0,22.756683,Consumer Cyclical,0.029107309027369948,23.991633063983006,0.595089768949698,0.17060292400795196,False
RUSTOMJEE.NS,KEYSTONE REALTORS LIMITED,368.5,-1.4574173095664777,-11.7999016834338,-8.628809532925919,23.220238422307588,-0.3508085741802674,46182821888.0,39.5671,Real Estate,0.010888752400755396,24.555873745307277,0.649682389983927,0.17058716179654831,False
STOVEKRAFT.NS,STOVE KRAFT LIMITED,813.4500122070312,-2.294153608310079,4.39703029006997,44.9094438635893,29.562073992135684,0.7886794513323853,27111585792.0,55.405956,Consumer Cyclical,0.027938506130433097,24.023226993508313,0.5981466123830873,0.17049053269359665,False
MOIL.NS,MOIL LIMITED,239.1999969482422,-5.1922338268177715,-11.078068048980604,-20.359583123896485,30.408546281240117,-0.4782095995986143,48673665024.0,16.032171,Basic Materials,0.008982496205290789,24.6084039615317,0.6547649058005026,0.17042809860409375,False
JTLIND.NS,JTL INDUSTRIES LIMITED,84.52999877929688,-7.659980862778493,9.068539577366552,28.644508346351216,45.84281715059727,0.3383478773247565,33227190272.0,27.355988,Basic Materials,0.0212003550822254,24.226634361810856,0.6178271170699317,0.17035704557915196,False
INDNIPPON.NS,INDIA NIPPON ELECT  LTD,1241.699951171875,7.2094632637062395,23.257883768078045,64.33297926048587,59.24119907858404,0.6850932804193431,28089020416.0,24.423681,Consumer Cyclical,0.026388583126132018,24.058644604439177,0.6015734128168108,0.1701847905488017,False
VENUSREM.NS,VENUS REMEDIES LIMITED,1778.0,4.9338983936126235,3.0730399944916,86.18780374177332,39.419744966631946,1.1416256899913706,22683662336.0,19.502934,Healthcare,0.03321951506972794,23.844910781473384,0.5808937809051538,0.1701380815285844,False
POLYPLEX.NS,POLYPLEX CORPORATION LTD,1034.300048828125,-13.083351900475193,1.5726159391349803,19.074868394508204,24.483095470622978,0.30194501375317745,33474557952.0,20.486637,Basic Materials,0.020655671992053173,24.234051523148928,0.6185447581253918,0.17012794352538782,False
DOLPHIN.NS,DOLPHIN OFF ENT (IND) L,643.3499755859375,-4.547481367071593,68.13014134268573,60.23660662165318,57.61455546996616,0.8617240736195065,25736945664.0,35.741665,Energy,0.029031446813782925,23.971193371040204,0.5931121440675936,0.1700516211272356,False
SUNDROP.NS,SUNDROP BRANDS LIMITED,748.5999755859375,12.996222729952823,16.886558094708228,19.403454982107093,26.952331013172675,0.6443576051483009,28383844352.0,101.75,Consumer Defensive,0.025779069716747198,24.069085959441015,0.6025836571248981,0.16998021656878493,False
RUBYMILLS.NS,THE RUBY MILLS LTD,512.7999877929688,20.380430538694185,48.094031089872956,137.70833694361698,50.94778015506065,1.7146667359974708,17223272448.0,38.407906,Consumer Cyclical,0.04179372426951775,23.569527355579854,0.5542492947726958,0.16990761689531225,False
AVANTEL.NS,AVANTEL LIMITED,151.0800018310547,-2.5038750094899753,-17.08012932954538,2.391021356016898,39.16732841295591,-0.11308667969232572,40153419776.0,243.67741,Technology,0.01444570049184951,24.415973448730675,0.6361464573112643,0.1698708896967032,False
AEROPLANE.NS,AMIR CHAND JAG KUM (E) L,209.24000549316406,7.694689754306716,27.19757172836721,67.84854752636504,35.868120779407526,1.2161909317641815,21667127296.0,17.480368,Consumer Defensive,0.0343352082411839,23.799062077809488,0.5764577290803203,0.169865838450968,False
JNKINDIA.NS,JNK INDIA LIMITED,440.95001220703125,-0.8490350981810058,-5.082518275772663,66.53634868849478,33.7804522237825,0.9346710823106125,24672880640.0,32.518436,Industrials,0.030122926939640728,23.92897052763487,0.5890269092284377,0.16984892251183997,False
BANARISUG.NS,BANNARI AMMAN SUGARS LTD,3349.300048828125,-11.613106693219544,-3.290601502010293,-7.099109687552629,31.233729814945328,-0.21961375325471053,41999216640.0,34.49686,Consumer Defensive,0.0128517738080085,24.460916803651077,0.6404949128983691,0.16976255858059866,False
REFEX.NS,REFEX INDUSTRIES LIMITED,271.29998779296875,-3.9815963496849127,-21.56565572347996,21.40023059324845,35.53708138138899,0.09663425290027002,36180303872.0,12.810982,Energy,0.017583680156930587,24.311780715800346,0.6260653791975131,0.16970410491707622,False
HAPPSTMNDS.NS,HAPPIEST MINDS TECHNO LTD,303.3500061035156,-14.307907880362814,-11.05528649900015,-19.282879027279797,39.274054344740605,-0.40280045701795986,45581959168.0,20.496622,Technology,0.010110816364151497,24.542777842924888,0.6484153072308985,0.16968693908083823,False
MACPOWER.NS,MACPOWER CNC MACHINES LTD,2090.10009765625,9.80980926413042,57.05135554836029,111.81378878433858,59.08705824654815,1.2690471506527399,20909694976.0,53.757717,Industrials,0.03512607703046004,23.76347876285827,0.5730148960968597,0.16959828179705996,False
SWARAJENG.NS,SWARAJ ENGINES LTD,3532.199951171875,-0.7195485216962116,-6.377228968998317,-3.5965462409566107,13.174101739739477,-0.29264625333769717,43006877696.0,21.306807,Industrials,0.01175901450488429,24.484625886291767,0.6427888647641483,0.1695164770697003,False
RANEHOLDIN.NS,RANE HOLDINGS LIMITED,1550.800048828125,-6.0747337072800995,-8.063049283875268,57.05404112864658,21.30035113133026,1.168673646882805,21776513024.0,25.789652,Consumer Cyclical,0.033624224021085655,23.804097841771615,0.5769449600842192,0.16945440803686906,False
SUBROS.NS,SUBROS LIMITED,675.8499755859375,-4.353535989584989,-17.891689002794674,-6.552760168653771,26.50749158421128,-0.358939809619351,44200484864.0,26.581013,Consumer Cyclical,0.010767087619160141,24.512001595766275,0.6454375779504741,0.16943471020198864,False
SHANTIGOLD.NS,SHANTI GOLD INTERNATION L,336.6499938964844,31.329483773860378,53.448194919120205,87.03815968785567,71.47532391737707,0.9208693499535592,24342034432.0,11.173841,Consumer Cyclical,0.029916416531051912,23.915470504948757,0.5877207261635677,0.16936749393918088,False
MASFIN.NS,MAS FINANCIAL SERV LTD,266.8999938964844,-9.525425797801912,-14.727247536402466,-13.723720509482884,22.928436162882925,-0.5750553409303981,48429903872.0,12.282558,Financial Services,0.007533427849585942,24.603383308494827,0.6542791368411588,0.16921985509747917,False
CRAMC.NS,CANARA ROBECO AMC LIMITED,224.8800048828125,-10.584491100273363,-6.805696324039201,-10.891494030203596,23.248624215936125,-0.41311494575974367,44844990464.0,20.536987,Financial Services,0.00995648434050796,24.526477723895105,0.6468382032565497,0.1691769140695184,False
KERNEX.NS,KERNEX MICROSYS(I) LTD,1749.699951171875,-3.703910227194551,-14.171491605704867,57.82969418225827,48.246082718647656,0.49584580167866277,29401296896.0,15.411785,Technology,0.023556940463595598,24.104304622460994,0.6059912085248954,0.16916550747892056,False
SMCGLOBAL.NS,SMC GLOBAL SECURITIES LTD,110.55000305175781,36.06154221754807,60.68313684316515,79.25050085573808,66.16561276202299,0.9830257320714718,23358570496.0,23.734045,Financial Services,0.030846440352374105,23.87422979855624,0.5837305171449864,0.16906745955052715,False
STYLEBAAZA.NS,BAAZAR STYLE RETAIL LTD,375.45001220703125,-6.1961243705106135,26.053384090429166,30.818819584331436,43.201292997183884,0.5089245858015549,29034964992.0,58.14787,Consumer Cyclical,0.023752633655087105,24.0917666300869,0.6047781058740862,0.16900900170983688,False
SINDHUTRAD.NS,SINDHU TRADE LINKS LTD,22.0,-12.974685908051464,-12.767642351399422,-1.8295397153224702,38.5647468584243,-0.1903292603332008,40071847936.0,60.416664,Industrials,0.013289947251898445,24.413939878250066,0.6359497009513121,0.16895488567675185,False
PILANIINVS.NS,PILANI INV & IND COR LTD,3984.699951171875,-7.842635386310015,-9.143357418029163,-11.553292328188125,21.2481744666695,-0.4747786913230897,45119418368.0,,Financial Services,0.0090338316645998,24.53257855329515,0.6474284837493518,0.1686324946857878,False
BLUSPRING.NS,BLUSPRING ENTERPRISES LTD,144.52999877929688,4.008341822333716,36.8525688325112,121.4001248191408,65.37859501029529,1.1098051497015948,21607540736.0,74.88601,Industrials,0.03274339565176224,23.79630819890689,0.5761912798995366,0.16860536671370582,False
FIEMIND.NS,FIEM INDUSTRIES LIMITED,1779.5,-14.685014941878782,-16.98723573879247,-16.121798696653002,28.194938165831058,-0.570814270388197,46835834880.0,17.81103,Consumer Cyclical,0.007596885478517311,24.569914449454817,0.6510408862178061,0.1684578856633395,False
BHAGERIA.NS,BHAGERIA INDUSTRIES LTD,393.54998779296875,29.18102598967762,95.0160524202634,157.1812017361933,71.38460791448408,1.5820164190831834,17176166400.0,24.908226,Basic Materials,0.039808924793863075,23.56678858547084,0.5539843074302191,0.16835277045295208,False
VINCOFE.NS,VINTAGE COFFEE N BVRGS L,187.2100067138672,9.79862517639023,20.939364788621194,36.627787847215565,43.61509172497931,0.6088587079516437,26968383488.0,33.353153,Consumer Defensive,0.025247912353679822,24.01793103492687,0.5976342064729515,0.16834448588349774,False
TVSSRICHAK.NS,TVS SRICHAKRA LIMITED,4277.2998046875,-17.73156548296575,2.368894307588265,18.693448122097255,51.55928995365695,0.12628333831707203,33585354752.0,36.35776,Consumer Cyclical,0.018027308868552396,24.237355938450005,0.6188644739811291,0.16823660014669656,False
STYRENIX.NS,STYRENIX PERFORMANCE LTD,2015.0,-1.3801855836821475,-10.430157588070143,5.995183017839056,24.344237277021573,-0.016738782143149594,35773284352.0,13.103449,Basic Materials,0.015887319788240643,24.300467204649173,0.6249707501725501,0.168158177384318,False
VIPIND.NS,VIP INDUSTRIES LTD,288.1000061035156,-8.263009934125565,-4.062598130328254,-9.587317865411016,27.72951572177133,-0.27642171739532423,40350830592.0,,Consumer Cyclical,0.012001776461133292,24.420877816159305,0.6366209751567613,0.1681565761350403,False
RISHABH.NS,RISHABH INSTRUMENTS LTD,686.2000122070312,-7.075631273109284,9.335696258272108,58.375137470824214,46.983716638753066,0.650718026261972,26240415744.0,32.444977,Technology,0.02587423843390537,23.990566644837333,0.594986588483967,0.16815232594642077,False
ARSSBL.NS,ANAND RATHI SH N STK BR L,551.5499877929688,7.086690780521221,-0.800361907739433,-0.41819181217259693,27.192655083749457,0.0356027638595349,34784272384.0,22.521437,Financial Services,0.01667048771032115,24.27243117861007,0.6222581486258727,0.16806740293920905,False
MMFL.NS,MM FORGINGS LTD,579.1500244140625,-8.086010656403541,15.80684210073462,32.59151829038327,38.70427115822477,0.5017691604173925,27962290176.0,16.514116,Industrials,0.023645569572008075,24.0541226600063,0.6011358959788144,0.16801815117370966,False
PACEDIGITK.NS,PACE DIGITEK LIMITED,166.27999877929688,-0.7816681109966583,-19.348110658157314,10.646792740195465,36.624962460148154,-0.017402623967872108,35550711808.0,10.750652,Technology,0.01587738695930908,24.29422601575189,0.6243668893175107,0.16799976254885948,False
WINDMACHIN.NS,WINDSOR MACHINES LIMITED,294.8500061035156,-3.0895624967902657,-3.895039819074919,19.1168777754531,23.954595738945102,0.3244477396746848,30111862784.0,493.30508,Industrials,0.020992372270264105,24.128185043517796,0.6083017380915194,0.16781971372557794,False
VSTTILLERS.NS,VST TILLERS TRACTORS LTD,4426.2998046875,6.359903259495159,0.4743487361543952,-13.71869135421514,30.79399699310873,-0.17682213859421778,37951844352.0,33.440834,Industrials,0.013492049506674512,24.359583939159172,0.6306905388916317,0.16779167185291383,False
TARC.NS,TARC LIMITED,122.83999633789062,-3.2679751127572154,-3.6624623324454597,-2.785695042306424,32.81410376252209,-0.09584845791018205,36444397568.0,,Real Estate,0.014703629868501702,24.319053581777045,0.6267690590795926,0.16771998717127443,False
BIRLACABLE.NS,BIRLA CABLE LIMITED,395.45001220703125,5.019260397494407,123.74276733420304,212.2322701868933,62.368424979201855,2.3127538881893313,11863500800.0,25.66191,Technology,0.05074268944110679,23.19673236410987,0.5181798365319079,0.16760197621380707,False
VIKRAMSOLR.NS,VIKRAM SOLAR LIMITED,151.5,-10.06233140713575,-17.524090594791232,-24.19693808799418,19.786243840968197,-0.9788701007909444,54498095104.0,15.009978,Technology,0.0014912913339926908,24.721431585802932,0.6657007962147785,0.16754366755418915,False
PROTEAN.NS,PROTEAN EGOV TECHNO LTD,689.25,38.87769835842112,22.252719831238068,36.53396887411458,68.66671352019597,0.4764803553327693,27729831936.0,31.12128,Technology,0.023267182182972836,24.045774635863342,0.6003281900945959,0.1675324341608786,False
YUKEN.NS,YUKEN INDIA LIMITED,1238.5999755859375,22.536603734073914,63.830142624232586,85.58021050544609,42.93177078165359,1.5477225275239528,16800692224.0,106.98962,Industrials,0.039295797501231716,23.544685926375816,0.5518457836906842,0.16743329404859483,False
SWSOLAR.NS,STRLNG & WIL REN ENE LTD,172.5399932861328,-7.351126432626465,-25.760513503118787,-1.5744493540083448,30.284589917512072,-0.32972558127198537,40124747776.0,,Technology,0.011204209719237553,24.41525913244537,0.6360773442544555,0.16742249335304205,False
GRAUWEIL.NS,GRAUER & WEIL IND LTD,82.31999969482422,17.425021047563582,6.26964329630455,-28.29557289659158,48.964478598068474,-0.17935224679506298,37324832768.0,23.320114,Basic Materials,0.013454192398246856,24.342924699959752,0.6290786885546479,0.1673603164373471,False
LUXIND.NS,LUX INDUSTRIES LIMITED,1177.0,0.3542170437796699,-4.054800899947953,-4.303957021071126,47.12269937090733,-0.06997849053040237,35394367488.0,34.57697,Consumer Cyclical,0.015090712982097037,24.289818533946498,0.6239404472124285,0.1673031465396799,False
TRIVENI.NS,TRIVENI ENGG. & INDS. LTD,237.22000122070312,-13.941590250937196,-48.10076532630574,-38.55076980067642,35.64687357246347,-1.023762503974107,54464921600.0,19.324472,Consumer Defensive,0.0008195822844289908,24.72082269104161,0.6656418831267032,0.16702515749499755,False
TASTYBITE.NS,TASTY BITE EATABLES LTD,9377.5,-6.055900621118015,8.88594471247941,32.85595419241103,24.75632186410886,0.7223439929066824,24184549376.0,67.26858,Consumer Defensive,0.026945952277842435,23.90897981071368,0.5870927246345166,0.16698264536701096,False
SUNTECK.NS,SUNTECK REALTY LIMITED,278.1499938964844,-6.630401644966799,-15.182910430607944,-11.421624375368456,28.26004871397639,-0.4101820829387645,40888164352.0,19.1638,Real Estate,0.010000367722957832,24.434106477994412,0.6379009029362667,0.16697550152628504,False
MBECL.NS,MCNALLY BHARAT ENGIN CO L,493.79998779296875,90.73736330214581,655.0458352781095,655.0458352781095,350.09014464467396,1.5486986685433861,16460000256.0,0.4503995,Industrials,0.03931040315185212,23.524199047808942,0.5498635934041726,0.16694870071493223,False
CARYSIL.NS,CARYSIL LIMITED,1033.0999755859375,-9.206328942138464,-5.710120807600361,24.792081517537113,29.764815586062365,0.2970533683368065,29384054784.0,27.519978,Consumer Cyclical,0.020582480042849047,24.10371800991208,0.6059344513330855,0.16692047286540818,False
SANDHAR.NS,SANDHAR TECHNOLOGIES LTD,555.2999877929688,-10.438483543700695,-17.65671162646013,14.898007572908911,24.278195824436647,0.0026482029487922614,33667115008.0,16.155182,Consumer Cyclical,0.016177400345453896,24.2397873821299,0.6190997262197148,0.1669079818140191,False
SAKAR.NS,SAKAR HEALTHCARE LIMITED,1006.7999877929688,-0.7002698934933882,22.280927630620127,86.30642899851975,59.38509473268013,0.836867214452071,22652307456.0,75.05454,Healthcare,0.028659522477757198,23.84352755816784,0.5807599483258578,0.16668462893978234,False
ALEMBICLTD.NS,ALEMBIC LIMITED,104.98999786376953,-5.762503893107129,22.695600585033702,27.332739661307137,41.94935025818744,0.46061617422335094,26959523840.0,8.412661,Real Estate,0.02302981208782252,24.01760246115057,0.5976024156002883,0.16667296296593895,False
KMCSHIL.NS,K M C SPECIALITY HOSP I L,170.36000061035156,23.234949248302673,19.99718190148778,19.99718190148778,52.40100938859719,0.3939759102226229,27783159808.0,49.812866,Healthcare,0.022032697537907042,24.047695911828725,0.6005140814954679,0.16665304352729726,False
SPORTKING.NS,SPORTKING INDIA LIMITED,202.8000030517578,-11.5260439875432,14.997336338392397,46.545275360477945,45.29752744637172,0.5622079442158535,25670473728.0,15.165413,Consumer Cyclical,0.02454989358104835,23.968607286236505,0.592861929660296,0.16662790260086027,False
CHEMPLASTS.NS,CHEMPLAST SANMAR LIMITED,210.24000549316406,23.459988127373133,6.144291270219604,-13.141911653598193,55.077570243251,-0.0006476469477575043,33240956928.0,,Basic Materials,0.016128085716596016,24.227048594997015,0.617867195845001,0.16656286324869726,False
CMLL.NS,CALIBER MINING AND LOG L,517.2000122070312,2.812846587302964,-2.082544442594314,-2.082544442594314,28.86216274014073,-0.038232278243028356,33812357120.0,22.585154,Energy,0.01556572025661954,24.244092167917564,0.6195162320600733,0.166553348207483,False
PIXTRANS.NS,PIX TRANSMISSIONS LIMITED,1834.199951171875,2.3720489567576664,5.594397633119463,26.053222704094292,23.190733935376095,0.6545433393776636,24470859776.0,18.570986,Industrials,0.02593147523245102,23.92074884974614,0.588231427867201,0.1665064633911385,False
RAYMONDLSL.NS,RAYMOND LIFESTYLE LIMITED,649.8499755859375,-2.0794166082204413,-11.524850158483657,-16.9695077761967,35.63148707817634,-0.3468306621563886,38787850240.0,86.52853,Consumer Cyclical,0.010948272482447298,24.381372896419105,0.6327987106803633,0.1664108820319263,False
SYNCOMF.NS,SYNCOM FORMU (I) LTD,23.139999389648438,12.993142562938687,67.41531929937959,77.37596810396914,81.65828600689811,0.7532757710397783,23217999872.0,26.276596,Healthcare,0.027408773464008954,23.868193671392362,0.5831464968613043,0.16634320431333277,False
CARRARO.NS,CARRARO INDIA LIMITED,525.6500244140625,-1.499109834911716,1.4831164310559863,10.753004692462941,27.290305159049115,0.20232882249514525,29884010496.0,22.492512,Consumer Cyclical,0.01916515038023211,24.120589408318104,0.6075668289513315,0.16626557002300696,False
ASIANENE.NS,ASIAN ENERGY SERVICES LTD,463.75,-10.150508729842167,46.75700941800005,58.85679507595116,51.334524800850915,0.8069695546478214,22534250496.0,36.747227,Energy,0.028212174436055046,23.83830223302848,0.5802543764935606,0.16622272495043144,False
GIPCL.NS,GUJ IND POW CO. LTD,174.05999755859375,-13.403400446632485,12.933891297230415,30.51189025611103,40.135276613700306,0.4099992280075884,27016886272.0,5.373881,Utilities,0.022272448738489534,24.01972792497723,0.5978080630217723,0.16615635230931022,False
THEJO.NS,THEJO ENGINEERING LIMITED,2095.199951171875,-1.4162752065454032,11.508841510793122,33.284105974818566,26.131169267850403,0.7581539959237236,22810025984.0,40.73615,Industrials,0.02748176460656338,23.850466012435394,0.581431272491111,0.1659691415777003,False
DECNGOLD.NS,DECCAN GOLD MINES LTD.,199.16000366210938,-6.878006167727246,-18.393771287979956,-18.393771287979956,34.91107584594377,-0.4609029619847147,40032100352.0,,Basic Materials,0.009241449263681213,24.412947478047315,0.635853682124637,0.16589450747892015,False
MONARCH.NS,MONARCH NETWORTH CAP LTD,344.6499938964844,-8.798624116704257,0.009200836098299803,19.528091478778563,22.241450851108766,0.3600071425250007,27333617664.0,15.116228,Financial Services,0.02152443495789044,24.0313831978665,0.5989357589092811,0.1658772659457381,False
DHANUKA.NS,DHANUKA AGRITECH LTD,909.5499877929688,-10.003466499662705,-12.08743903755587,-9.74530690727532,21.315488088321345,-0.4925797814640262,40546213888.0,15.294266,Basic Materials,0.008767480289045662,24.42570824419677,0.6370883390601643,0.1658476949818253,False
SATIN.NS,SATIN CREDIT NET LTD,216.2899932861328,-2.0203880923520656,-17.8510439946186,38.65631493654333,28.18430488232449,0.4814298847385717,25756993536.0,6.286711,Financial Services,0.023341240229707256,23.971972020851176,0.5931874816592557,0.16580280058709437,False
QUADFUTURE.NS,QUADRANT FUTURE TEK LTD,529.25,26.645132263652883,19.039584510661346,74.72763640294771,57.32074973291036,0.8444537140931202,21763999744.0,,Industrials,0.028773036571502927,23.803523053853493,0.576889346974375,0.16580211417222093,False
VIMTALABS.NS,VIMTA LABS LIMITED,571.75,-10.05270541332317,3.3812517168034795,29.364376652562907,28.614318569973857,0.47829280731293944,25751588864.0,32.621742,Healthcare,0.023294301256817307,23.97176216564772,0.5931671772998335,0.16576252026757135,False
MVELECTRO.NS,MV ELECTROSYSTEMS LIMITED,933.0999755859375,27.874463474888557,49.5352524977464,49.5352524977464,91.79084898846924,0.4924575291635094,25457512448.0,,Industrials,0.023506242947993,23.96027672102107,0.5920559129995694,0.1656436604608871,False
JUBLCPL.NS,JUBILANT AGRI N CON PRO L,2003.5,-9.857828130543723,-4.023952095808381,15.402340197822673,46.687926354773204,0.09686484701843816,30358020096.0,23.71848,Basic Materials,0.017587130454641713,24.136326573150992,0.6090894647773387,0.16546271403531596,False
AVADHSUGAR.NS,AVADH SUG & ENERGY LTD,873.2999877929688,7.881406768742272,77.85920527535824,88.98130639052187,54.05826061179477,1.284256935843494,17482086400.0,26.503792,Consumer Defensive,0.03535365563240893,23.584442559375987,0.5556924024667023,0.16543834234098226,False
TECHNOCRAF.NS,TECHNOCRAFT VENTURES LTD,471.1000061035156,28.680687858363775,51.406079172299314,51.406079172299314,41.866689956233905,1.1192908003326727,18820866048.0,42.127663,Industrials,0.03288532606577679,23.658231987526275,0.5628318350185818,0.16537195330397805,False
EIEL.NS,ENVIRO INFRA ENGINEERS L,185.5399932861328,-6.843402624953033,-17.541443573300477,8.496578706524694,34.46085773763004,-0.0691458193464319,32567834624.0,17.996119,Industrials,0.01510317194463691,24.206590970297057,0.6158878359911811,0.16529933795627297,False
ICRA.NS,ICRA LIMITED,4356.7001953125,-10.80560558271062,-14.850560119221324,-15.913016058147623,23.43109690180208,-0.6219425937178211,41933697024.0,21.51032,Financial Services,0.006831870575452191,24.45935556559924,0.6403438566556533,0.16520986709550248,False
ALOKINDS.NS,ALOK INDUSTRIES LIMITED,7.829999923706055,0.0,-36.85483738237312,-41.304349069388316,68.86658889900032,-0.46043555018311566,38877831168.0,,Consumer Cyclical,0.009248442980095233,24.383690032292407,0.633022903165597,0.16519205802647066,False
LATENTVIEW.NS,LATENT VIEW ANALYTICS LTD,233.27999877929688,-12.710945264996488,-20.32786594778033,-21.757503419473455,20.82548167848816,-0.9372796676436759,48308375552.0,24.73807,Industrials,0.0021135941812319386,24.60087078946611,0.6540360402270435,0.16509420569268485,False
EPACKPEB.NS,EPACK PREFAB TECHN LTD,247.82000732421875,7.230326108665475,1.0602748921673566,40.08252907933034,45.17154185127607,0.482724550345402,24938377216.0,26.252121,Industrials,0.023360611850351373,23.939673707599365,0.5900624861852275,0.1650360804340704,False
INDOBORAX.NS,INDO BORAX & CHEMICAL LTD,491.75,-4.496023172732688,29.10052537013621,110.91157020158158,43.19207096174827,1.4652397226302911,15780257792.0,28.003986,Basic Materials,0.03806163665102244,23.482025488922712,0.5457831270462045,0.16499200924981794,False
BHAGYANGR.NS,BHAGYANAGAR INDIA LIMITED,432.95001220703125,16.87137209893543,15.731089319263859,134.06498856560125,45.81604835936074,1.6397331980154946,14502281216.0,22.044298,Basic Materials,0.040672520412977566,23.397571799308956,0.5376118830635741,0.1649073610756267,False
SAMHI.NS,SAMHI HOTELS LIMITED,149.72999572753906,-2.7664196465101876,-10.752821175127725,-2.999484882421022,35.02898082929284,-0.15070015164374212,33224982528.0,5.820802,Consumer Cyclical,0.013882903499400846,24.226567915706607,0.6178206881343576,0.16486734965814004,False
MANGLMCEM.NS,MANGALAM CEMENT LTD,988.0999755859375,-9.779033999347742,7.178985992939402,13.94051807824952,26.397764544250794,0.27154375230711153,27170078720.0,23.678408,Basic Materials,0.020200788738239453,24.025382157730487,0.5983551334407529,0.1647393749138678,False
AHCL.NS,ANLON HEALTHCARE LIMITED,29.65999984741211,89.15815861063278,95.26004388911034,143.8944102734899,82.95948523843374,1.4266825509344552,15764734976.0,43.617645,Healthcare,0.03748471941520406,23.48104131895532,0.5456879045288614,0.1645355156936184,False
IMAGICAA.NS,IMAGICAAWORLD ENT LTD,49.91999816894531,-9.859159974472254,9.931729435560044,8.098739365643448,64.14665627866624,0.07883585539591585,29420048384.0,199.68,Communication Services,0.017317369070339202,24.104942196747853,0.606052896475757,0.16450125092169365,False
HIKAL.NS,HIKAL LIMITED,226.42999267578125,1.8578450595260865,-0.8622111618662665,29.78966719923115,78.86150045188593,0.19030501799705113,27918989312.0,,Healthcare,0.018985242473350802,24.05257291479425,0.6009859517159115,0.16448541978399098,False
KNRCON.NS,KNR CONSTRU LTD.,115.6500015258789,-7.042723985613719,-8.956204134932777,-1.6294231296875128,34.49625836726717,-0.14233768630870158,32524781568.0,8.243051,Industrials,0.014008028091623973,24.205268145534575,0.6157598472208865,0.1644459828739396,False
KSCL.NS,KAVERI SEED CO. LTD.,717.4500122070312,-3.581503057827795,-17.120084101810573,-21.046549733778043,40.806953456504175,-0.40129437072657453,36619272192.0,14.943763,Basic Materials,0.010133351397244285,24.32384050141854,0.6272322133656256,0.16440806688933962,False
WONDERLA.NS,WONDERLA HOLIDAYS LTD.,499.70001220703125,-6.405695943648748,2.474366654408766,-6.290833514179727,22.165825658080102,-0.16621289033678532,32789571584.0,32.33271,Consumer Cyclical,0.013650791912032266,24.21337636230133,0.6165443507490119,0.16437418162127718,False
AURUM.NS,AURUM PROPTECH LIMITED,231.13999938964844,2.6558872047777404,6.081050088170992,35.75708143251948,30.55424743829636,0.6622330732860151,22318489600.0,30.214378,Real Estate,0.02604653398379258,23.828681301963698,0.5793235115967167,0.1643657783870236,False
VIDYAWIRES.NS,VIDYA WIRES LIMITED,91.2699966430664,1.264839037377441,-4.708709744946582,63.624952743709784,36.193516009864325,0.8469149901503146,20469506048.0,32.623726,Industrials,0.028809863769065653,23.74220210584483,0.5709562914771363,0.16434647069608332,False
SASKEN.NS,SASKEN TECHNOLOGIES LTD,1683.199951171875,-10.529957609879826,-13.74249300604613,36.700170935019116,32.15932230923401,0.376915468764788,25445746688.0,36.78085,Technology,0.02177742822496731,23.959814441771815,0.5920111855690563,0.16433586756098956,False
JKIL.NS,JKUMAR INFR.LTD.,448.29998779296875,-7.232928367516367,-6.581189640217977,-3.4901663390849214,19.855727618122316,-0.2601781125429984,33920843776.0,8.903674,Industrials,0.012244823738694418,24.247295523061904,0.6198261699274078,0.16414016028587275,False
MIDWESTLTD.NS,MIDWEST LIMITED,1006.2000122070312,-5.2631545677296,-22.2891586142814,-22.677324640604112,44.33330515630655,-0.4303320212747132,36385013760.0,30.770641,Basic Materials,0.009698871367924567,24.317422816950693,0.6266112758337054,0.16392697248436977,False
BHAGCHEM.NS,BHAGIRADHA CHEM & INDS L,239.91000366210938,-9.33106646707602,-17.53814139889244,8.731467526150126,27.27651628556862,-0.10125640389670604,31108909056.0,113.1651,Basic Materials,0.014622712697641435,24.160760079963683,0.6114535076797964,0.1638304114431802,False
MMWL.NS,MEDIA MATRIX WORLDWIDE L,17.139999389648438,17.962833479994387,30.24315796644168,65.60385273352534,49.81747889460975,0.9126804780299902,19415201792.0,285.66666,Communication Services,0.029793889355254774,23.689322193740722,0.5658399411369811,0.16380540230068635,False
DELTACORP.NS,DELTA CORP LIMITED,84.33999633789062,50.28509968479806,35.39621286378982,46.12089598847382,74.79090306474569,0.5847814372810367,22583814144.0,,Consumer Cyclical,0.024887652722840832,23.84049929836498,0.5804669516574453,0.16378247745649196,False
GKSL.NS,GUJARAT KIDNEY N SUP SP L,193.6199951171875,12.042125949071792,50.61842903203253,78.1232755778091,40.31327210130389,1.405383109179342,15265554432.0,76.22835,Healthcare,0.03716602344967085,23.448864783010855,0.5425746915132955,0.16351819046557703,False
KAPSTON.NS,KAPSTON SERVICES LIMITED,547.25,-6.3008284499808,54.37235543018335,92.93143373016048,51.15211726101656,1.202633656179453,16654012416.0,54.615765,Industrials,0.034132355552266,23.535917010346406,0.5509973547745858,0.16334860535784596,False
SYMPHONY.NS,SYMPHONY LIMITED,559.4500122070312,-3.6012689339402604,-18.997536263864646,-24.75912077296748,31.96645086033898,-0.5880876527073969,38078291968.0,,Consumer Cyclical,0.007338430007264395,24.362910192108362,0.6310123676301994,0.16325691441299814,False
KKCL.NS,KEWAL KIRAN CLOTHING LTD,474.54998779296875,-7.728952157004787,-3.073941610075237,3.873020716483544,25.187281863622996,-0.021100433108990093,29244229632.0,19.880602,Consumer Cyclical,0.015822057957350463,24.09894811365824,0.6054729441302598,0.1632347795005778,False
RSYSTEMS.NS,R SYS INTERNATIONAL LTD,246.3000030517578,-1.0046895693955338,7.915211218490259,-5.751695054694494,62.16462979863285,-0.011296167578615958,29102608384.0,16.0,Technology,0.015968755692693525,24.09409364233023,0.6050032539389932,0.16322738025426844,False
PNCINFRA.NS,PNC INFRATECH LTD.,137.02999877929688,-24.842219593769276,-42.52363562726399,-24.997870301174498,69.99905501394016,-0.4317839683845643,35361357824.0,4.8297124,Industrials,0.009677146400134458,24.28888547400687,0.6238501698017911,0.16322040225054862,False
COSMOFIRST.NS,COSMO FIRST LIMITED,829.1500244140625,-9.860298263757606,2.695508830889337,29.444366045060665,21.280456663640106,0.6371468541638515,21523206144.0,13.045155,Consumer Cyclical,0.02567117781640399,23.792397545576,0.5758129080054925,0.16320661036367612,False
GOPAL.NS,GOPAL SNACKS LIMITED,255.85000610351562,-3.489249259537208,-4.569190496500841,-4.955347557147349,20.381362134906134,-0.22306069383959973,31896006656.0,38.016346,Consumer Defensive,0.012800198462961104,24.185746655735,0.6138710622928828,0.16306791442044152,False
POCL.NS,PONDY OXIDES & CHEM LTD,439.54998779296875,-7.598520131481424,-22.75627466964133,-5.095817934295055,32.237313971747014,-0.3379467471621944,33562408960.0,27.448532,Basic Materials,0.011081199340312483,24.2366724966904,0.6187983481624563,0.16301048654584843,False
GHCL.NS,GHCL LIMITED,408.8500061035156,-6.355932114536122,-3.0126870020668384,-10.052712082005044,12.473728001775903,-0.5773212757987997,37476982784.0,7.3375807,Basic Materials,0.0074995234727002315,24.346992789075106,0.6294722930123888,0.16299271585762237,False
PSPPROJECT.NS,PSP PROJECTS LIMITED,761.75,-12.992575671045115,-26.70547828233818,13.524590163934436,23.64756465090853,-0.162717116691875,30783834112.0,42.089428,Industrials,0.01370309792877483,24.150255522674282,0.610437148288824,0.1628866105187871,False
TARSONS.NS,TARSONS PRODUCTS LIMITED,331.6499938964844,-1.1622691218485803,14.263563788625099,74.20421545877673,43.68335428234155,0.9419771836820248,18257735680.0,166.57767,Healthcare,0.03023224553388449,23.627854700097664,0.5598927067431342,0.1626473608361969,False
VENKEYS.NS,VENKY S (INDIA) LIMITED,1694.800048828125,2.7228757133141546,21.640306656397247,16.838381029835105,39.32804770844039,0.3929983448120539,23449778176.0,13.107086,Consumer Defensive,0.02201807057462908,23.878126872390975,0.5841075751665789,0.16254044672261653,False
FMGOETZE.NS,FEDERAL-MOGUL GOETZE (IND,448.5,-10.559379981662065,20.191037077346664,20.807892125194783,56.276992775548095,0.25497775345680324,24951009280.0,14.604363,Consumer Cyclical,0.01995291759404133,23.940180110470063,0.5901114827587213,0.1624925588852113,False
EXICOM.NS,EXICOM TELE SYSTEMS LTD,156.1699981689453,-12.19005183612516,-1.4264941054822233,59.01639306056805,49.05538803698404,0.5431052326155283,21733644288.0,,Industrials,0.02426406650690418,23.802127324884626,0.5767543044203979,0.1623866259852776,False
AONESTEELS.NS,A-ONE STEELS INDIA LTD,384.79998779296875,-7.622134420942583,-7.622134420942583,-7.622134420942583,57.111177288418325,-0.13346134299274598,29720340480.0,,Basic Materials,0.01414084165716278,24.115097513022405,0.6070354653532052,0.16236449758117338,False
BAJAJELEC.NS,BAJAJ ELECT.LTD,300.25,-9.331117157182723,-5.606554605740155,-15.798842718826823,24.568667904804027,-0.4659435023690338,34655944704.0,,Consumer Cyclical,0.00916602945207023,24.268735112224707,0.6219005389068785,0.1623496568157723,False
ARVSMART.NS,ARVIND SMARTSPACES LTD,603.7999877929688,-6.023348203428991,1.082539042215802,3.130003953122973,41.3115943616297,0.016583578027193305,27694481408.0,14.853627,Real Estate,0.016385910402512662,24.044499003179432,0.600204767353208,0.1623406246401865,False
MUTHOOTMF.NS,MUTHOOT MICROFIN LIMITED,176.75999450683594,-13.897413275050297,-14.356318121244493,5.389931564713657,31.253003249031085,-0.14051169015324028,29654435840.0,12.1735525,Financial Services,0.01403534982214233,24.112877557979257,0.6068206755154728,0.16223168124547496,False
VAIBHAVGBL.NS,VAIBHAV GLOBAL LIMITED,199.42999267578125,-8.827837767420322,-15.324975867006152,-3.513886082571982,19.645363277311382,-0.4133292543302796,33567354880.0,11.864848,Consumer Cyclical,0.009953277717649284,24.23681985070227,0.6188126052729307,0.16216810960646963,False
CNL.NS,CREATIVE NEWTECH LIMITED,1070.0,-11.93064361351379,36.32384689850823,78.66693436485464,40.819702202373435,1.1720931301973845,16067842048.0,24.688509,Technology,0.03367538853277071,23.50008572323581,0.5475305294584699,0.1621391737641955,False
ALGOQUANT.NS,ALGOQUANT FINTECH LIMITED,70.55999755859375,9.395345052083325,23.076914887472768,34.96556848914052,37.58350493482138,0.6993740409819047,19834134528.0,43.555553,Financial Services,0.02660226106325174,23.710670256434142,0.5679054545517557,0.16192805943537772,False
DDEVPLSTIK.NS,DDEV PLASTIKS IND LTD,249.7899932861328,-8.051365347246264,-8.353499563607736,13.7947159142491,21.65390700096014,0.12843109644560832,25847435264.0,12.113966,Basic Materials,0.018059445008944026,23.975477216924453,0.5935266238856368,0.16192623972811723,False
GEOJITFSL.NS,GEOJIT FINANCIAL SER L,78.68000030517578,-4.88394687609871,3.9799084837220944,28.710800223929624,31.138444785693636,0.4679932919478685,21961328640.0,30.26154,Financial Services,0.02314019327447981,23.8125489545353,0.5777626402191264,0.16179580501064145,False
MOLDTKPAC.NS,MOLD-TEK PACKAGING LTD,678.0,-3.632575876531463,2.595923409785872,25.115526583616376,30.546803426316366,0.412809974354344,22529204224.0,29.619923,Consumer Cyclical,0.022314504935602456,23.83807827008324,0.5802327071517357,0.16179405548963577,False
UEL.NS,UJAAS ENERGY LIMITED,176.8699951171875,-26.792222413518473,38.721564797794116,24.55633458956865,66.73751132982079,0.2777477296019346,23980926976.0,1797.7001,Technology,0.02029361664222173,23.90052464205386,0.5862746520748726,0.16178887550038445,False
KNACK.NS,KNACK PACKAGING LIMITED,197.33999633789062,5.360380738145731,7.847852741090833,7.847852741090833,28.078646087337987,0.2617775200904244,24147542016.0,23.520857,Consumer Cyclical,0.020054660081831283,23.907448432030705,0.5869445574093114,0.1617771344137013,False
GLASSWALL.NS,GLASS WALL SYSTEM (I) LTD,275.75,28.345353579902866,28.345353579902866,28.345353579902866,112.5403637537949,0.2518683309186939,24248145920.0,28.934942,Industrials,0.01990639241138974,23.91160599454095,0.5873468187882945,0.16176649900561593,False
DYCL.NS,DYNAMIC CABLES LIMITED,446.04998779296875,-8.57757873069266,27.274272506831476,52.01098177428165,65.43232935261135,0.4962723658753489,21614974976.0,23.70085,Industrials,0.023563322991836846,23.79665219739705,0.5762245631771012,0.16172863303815294,False
PRINCEPIPE.NS,PRINCE PIPES FITTINGS LTD,247.4499969482422,-12.254765260189737,-8.166043921830324,3.0283776391801576,29.721987695538342,-0.11394182123934442,28679505920.0,28.098593,Industrials,0.01443290531326558,24.079448625228185,0.6035862879258103,0.16172125096640175,False
MHRIL.NS,MAHINDRA HOLIDAYS LTD,196.7100067138672,-5.154285196340302,-15.214856527195286,-20.405435299962026,19.221016220017066,-0.8219144849445279,39671840768.0,74.79468,Consumer Cyclical,0.003839762346197799,24.403907472437954,0.6349790241697713,0.16162457780209116,False
RTNINDIA.NS,RATTANINDIA ENT LIMITED,25.459999084472656,-8.483107966354975,-22.306991977960667,-19.608465351629988,30.704001807354658,-0.5925270580697994,35599282176.0,,Consumer Cyclical,0.007272004765014815,24.295591311033693,0.6244989872863144,0.1615787503953397,False
VARMORA.NS,VARMORA GRANITO LIMITED,132.83999633789062,-12.71437400164669,-12.71437400164669,-12.71437400164669,58.718395332696296,-0.21653136005149626,29890064384.0,48.98148,Basic Materials,0.012897894560343036,24.120791967304843,0.6075864273715911,0.16157002776315504,False
RELTD.NS,RAVINDRA ENERGY LIMITED,144.17999267578125,-10.65253948165692,-21.24754684630721,6.178658078264476,34.41180790946114,-0.15737164769669143,28851044352.0,53.814816,Technology,0.013783080278652098,24.085412028656084,0.6041632718870684,0.16137812818075617,False
INDOSTAR.NS,INDOSTAR CAPITAL FIN LTD,199.5500030517578,-22.85239301533748,-21.110889322291992,-7.358398929362853,36.07406961740144,-0.4042500615732509,32261271552.0,,Financial Services,0.010089126447171446,24.197133324644746,0.614972769633752,0.1613100372438166,False
PENIND.NS,PENNAR INDUSTRIES LTD,177.85000610351562,4.889129903447387,7.938339195176458,11.399945444928727,37.4381249225097,0.24198061415244349,23863889920.0,16.85796,Industrials,0.019758446024908383,23.895632271384223,0.5858012949654569,0.1612691582600455,False
WINDLAS.NS,WINDLAS BIOTECH LIMITED,1017.9000244140625,-9.62844173858648,20.099606789531066,30.19239929946913,39.09213465751007,0.49115745421942064,21220235264.0,32.895077,Healthcare,0.02348679038936092,23.778221057017067,0.5744412740678657,0.16122541130898713,False
SALSTEEL.NS,S.A.L. STEEL LTD.,93.9800033569336,15.497112184724916,61.81129544435311,125.42577705129658,53.803479612043034,1.5678484031625661,12749603840.0,69.89683,Basic Materials,0.039596933814689775,23.268766036774007,0.5251493924742894,0.16098504847958967,False
AHLUCONT.NS,AHLUWALIA CONT IND LTD,576.0499877929688,-3.723260465119127,-29.699438005359614,-24.410771821997756,26.624997091513357,-0.8210280485543161,38588182528.0,17.149448,Industrials,0.003853025778381157,24.376211914444628,0.6322993643155534,0.16096461041267424,False
XTRANET.NS,XTRANET TECHNOLOGIES LTD,300.29998779296875,28.201836044497774,132.43033659921028,132.43033659921028,109.58481683316938,1.0182490577789134,16394180608.0,38.284492,Technology,0.03137347443733688,23.520192267890994,0.5494759208650095,0.16089908604425504,False
JINDALPOLY.NS,JINDAL POLY FILMS LIMITED,658.3499755859375,-2.082248904344697,1.0436632523012968,-18.772365751272357,47.858922067357106,-0.19828139186379473,28826783744.0,,Consumer Cyclical,0.013170962338334626,24.084570783060304,0.6040818778941728,0.16089869122729417,False
IGPL.NS,I G PETROCHEMICALS LTD,589.5,3.8949549938351646,41.28226691325514,48.7033257668118,47.104536876730315,0.79642719030501,18153564160.0,22.23689,Basic Materials,0.02805443279090471,23.6221327508856,0.5593390844765189,0.16087559571230825,False
DIAMONDYD.NS,PRATAAP SNACKS LIMITED,1088.199951171875,-6.009278523668604,-8.56683769955061,8.026850953264098,23.952788111148994,0.010083104351039854,26040576000.0,226.237,Consumer Defensive,0.016288646128713204,23.98292177389621,0.5942469155820329,0.16077821349204313,False
SAIPARENT.NS,SAI PARENTERALS LIMITED,522.9000244140625,0.6447958232709494,-10.843985607150463,23.70475734880153,30.694199905872466,0.2843580280115259,22909140992.0,170.57565,Healthcare,0.02039252418441596,23.854801837859455,0.5818507815447489,0.1607570885244992,False
APOLLOPIPE.NS,APOLLO PIPES LIMITED,529.7999877929688,-12.44422257992217,13.314077006639202,17.687789813322286,43.17819313966962,0.23968750750990717,23268474880.0,,Industrials,0.019724135086437975,23.870365271975245,0.5833566082048904,0.16063225336605108,False
XPROINDIA.NS,XPRO INDIA LIMITED,1139.0,-14.04422149382707,-19.011235689785046,10.125018677383935,51.534141254253626,-0.06694019892409252,26617769984.0,80.604126,Basic Materials,0.015136173857934872,24.004844874240508,0.5963680662693296,0.16044414696078355,False
PNGSREVA.NS,PNGS REVA DIAMOND JEWEL L,535.2999877929688,3.6699938226059547,29.659677819830456,42.97542642080563,40.97267231833974,0.7595212506113301,18068088832.0,16.454966,Consumer Cyclical,0.027502222351785368,23.617413171319555,0.5588824456214734,0.16034727816920738,False
BETA.NS,BETA DRUGS LIMITED,2001.4000244140625,-9.785890267565357,0.1701713920952308,41.24206241454216,36.85067977681318,0.5078577840144575,20287971328.0,29.475698,Healthcare,0.023736671479670467,23.733294002000306,0.5700943955638955,0.16032610250072674,False
RAMCOIND.NS,RAMCO INDUSTRIES LIMITED,298.5,-7.656612529002316,-15.823332103260057,11.932546930143783,22.429082878057187,-0.013912680843404416,25831022592.0,7.87113,Industrials,0.015929605736049613,23.974842032623986,0.5934651671758496,0.16031349609599962,False
HEMIPROP.NS,HEMISPHERE PROP IND LTD,113.52999877929688,-10.288426676004004,-16.374481899687844,-7.714191288188754,21.560323310278374,-0.5021782555337553,32370210816.0,,Real Estate,0.008623861738077608,24.20050441759119,0.6152989368276249,0.16029263051046444,False
SIMPLEXINF.NS,SIMPLEX INFRASTRUCTURES L,259.1300048828125,-4.2033253667975945,1.3810636521922603,43.411368300159616,41.40956034940914,0.5138750083872292,20169312256.0,41.94079,Industrials,0.023826705066154027,23.72742809100845,0.5695268443992978,0.16025173989943997,False
VALIANTORG.NS,VALIANT ORGANICS LIMITED,475.6499938964844,48.52458825807475,71.96311764305446,80.00681633184796,53.588745150789606,1.3304521482730463,13807045632.0,25.425915,Basic Materials,0.036044858152996774,23.348444851937614,0.5328586475929987,0.16024830551299726,False
CRIZAC.NS,CRIZAC LIMITED,168.85000610351562,5.3403288888423495,-13.459071510782783,-19.987676121770093,40.3089312390718,-0.3216035091365602,29545795584.0,13.411438,Consumer Defensive,0.011325737393581805,24.109207289288083,0.6064655618301554,0.16011069350272522,False
SEIL.NS,SHANTI EDU INITIATIVES L,183.52000427246094,-8.587363372231993,-10.778354759979525,-10.778354759979525,26.013766995090936,-0.39748785648706025,30334011392.0,523.3611,Consumer Defensive,0.010190306914897076,24.1355354081607,0.6090129162902831,0.1598959592587436,False
WEBELSOLAR.NS,WEBSOL ENERGY SYSTEM LTD,70.88999938964844,-4.569359675467622,-26.834214902987963,-9.059639638422844,35.25091668387269,-0.38279731406224765,30044110848.0,9.301075,Technology,0.010410116272161495,24.12593250031869,0.6080837952148318,0.15982853600782906,False
GSPCROP.NS,GSP CROP SCIENCE LIMITED,476.6499938964844,-22.864345482174787,24.245677774335974,23.41107188236633,53.24235426436873,0.2705810134774518,22173163520.0,18.655577,Basic Materials,0.020186383619814174,23.822148544170215,0.5786914402443091,0.1598126477759379,False
PAUSHAKLTD.NS,PAUSHAK LIMITED,704.2999877929688,-10.337366289883033,34.46166108218367,56.673438639019565,46.01677768875023,0.7955303744430214,17357234176.0,38.216614,Basic Materials,0.028041014054379684,23.5772752118842,0.5549989319347275,0.15978049352446663,False
MOTISONS.NS,MOTISONS JEWELLERS LTD,17.610000610351562,6.856802788247496,24.98225989811049,30.541148325697097,49.6594051982612,0.4860431290524254,20031492096.0,27.952383,Consumer Cyclical,0.023410266562310145,23.72057147696,0.5688634386139397,0.15977355957521755,False
HESTERBIO.NS,HESTER BIOSCIENCES LTD,2174.10009765625,-9.615856575953474,4.58558156179214,52.85528034423839,39.81245952305923,0.6500513566569884,18494775296.0,13.507922,Healthcare,0.0258642632939043,23.640754112765297,0.5611407783030852,0.15968339204619952,False
RAJRATAN.NS,RAJRATAN GLOBAL WIRE LTD,454.6000061035156,-8.778970495469885,-4.789134954868846,16.557929427848418,40.22161785295881,0.1264601077668721,23486664704.0,29.48375,Basic Materials,0.018029953806909395,23.879698637668824,0.5842596499619781,0.15958737784567656,False
FUSION.NS,FUSION FINANCE LIMITED,169.0,-16.826616482405722,-23.282942870451983,8.569957615347178,31.138059780390492,-0.19478501205678855,27161061376.0,16.455696,Financial Services,0.01322327742486487,24.02505021755524,0.5983230168550597,0.1594982122824136,False
ADVENZYMES.NS,ADVANCED ENZYME TECH LTD,273.1000061035156,-6.855390609371059,-13.911399633440425,-6.020799480627337,20.30194415759177,-0.4213831781524027,30112778240.0,18.440243,Basic Materials,0.00983276972225986,24.128215444894526,0.6083046795505345,0.1594507471793285,False
ASHOKA.NS,ASHOKA BUILDCON LTD,106.41999816894531,-7.901345427678564,-15.526277716130698,-12.288801975681773,30.45924178677655,-0.40652861533752926,29874565120.0,1.2142857,Industrials,0.010055033258238375,24.12027329047289,0.6075362432415501,0.1594253357540663,False
PARACABLES.NS,PARAMOUNT COMM LTD,58.220001220703125,-11.12807308472914,-10.306581518976987,60.51833605158119,44.46084017382069,0.5609785792414405,19045339136.0,28.115944,Technology,0.02453149903052361,23.670088243859414,0.5639789768860569,0.15939336849440694,False
SPAL.NS,S. P. APPARELS LIMITED,937.9000244140625,-12.435809374284501,-18.319153186304604,22.062807732589928,39.18137704404087,0.07780471911546884,23747446784.0,22.642618,Consumer Cyclical,0.017301940545203585,23.890740857858642,0.5853280304636896,0.1593084630248251,False
JTEKTINDIA.NS,JTEKT INDIA LIMITED,115.37999725341797,-4.856930446682917,-17.240083478516688,-11.412637828618678,20.93893073875311,-0.5659185845962947,32006053888.0,44.03817,Consumer Cyclical,0.007670137882422357,24.189190905884345,0.6142043077488982,0.15930368034904133,False
UTKARSHBNK.NS,UTKARSH SMALL FIN BANK L,13.520000457763672,-7.142856675002807,-3.497500093597583,3.6015345606086324,35.6968340908198,-0.01896678234921321,24806559744.0,,Financial Services,0.015853983014204806,23.93437396098862,0.5895497137675798,0.15927791570254857,False
CMSINFO.NS,CMS INFO SYSTEMS LIMITED,220.35000610351562,-8.487524910161193,-15.559495618418017,-23.699905676706756,23.302235098756814,-0.7816978254631513,35269971968.0,12.442124,Industrials,0.004441509907063383,24.286297786439306,0.6235998003204564,0.15923108251041163,False
MAITHANALL.NS,MAITHAN ALLOYS LTD,911.0,-15.964500860633645,-7.709050184707744,-0.9077740978657101,34.44057148263607,-0.17303726447464665,26520621056.0,9.128256,Basic Materials,0.013548681230915306,24.00118842042878,0.5960142892307716,0.15916508323087938,False
SANSTAR.NS,SANSTAR LIMITED,104.7300033569336,-5.9114134812521595,-13.638982224774788,29.312268328610536,26.74965681010556,0.3507393334753829,20783853568.0,43.241665,Basic Materials,0.021385764029919454,23.7574422514784,0.5724308386386902,0.15914703268211214,False
VSTIND.NS,VST INDUSTRIES LTD,200.9199981689453,-3.473454691108291,-21.325768015960588,-4.334939121970461,12.816946896910625,-0.7224724404143844,34146093056.0,12.273004,Consumer Defensive,0.005327678262516276,24.253914011059706,0.6204665360318786,0.15911239270485686,False
GANECOS.NS,GANESHA ECOSPHERE LIMITED,990.0999755859375,-0.6393230502551916,-7.833625748271644,-5.573601817628937,30.107120125148533,-0.17486738091480475,26472693760.0,47.08036,Consumer Cyclical,0.013521297850043627,23.999379614573478,0.5958392797785087,0.1591007933321599,False
INDOCO.NS,INDOCO REMEDIES LTD.,247.14999389648438,-5.769687681148117,-0.3127332012763384,22.810048282483653,70.30249248648339,0.14447946701801068,22780731392.0,797.25806,Healthcare,0.018299571065467497,23.84918090125425,0.581306932665889,0.15905141146557286,False
RTNPOWER.NS,RATTANINDIA POWER LIMITED,6.75,-8.288045141965627,-23.208190793017625,-23.033071292207975,23.646796068348856,-0.8515573041416635,36033409024.0,31.952383,Utilities,0.003396227393790427,24.307712373522552,0.6256717502452586,0.15896510810665745,False
EVEREADY.NS,EVEREADY INDS. IND.  LTD.,320.1000061035156,0.6920453756748435,-8.587538213307077,11.854963366535664,38.55992959218439,0.09049885026313645,23267192832.0,13.054649,Industrials,0.01749187831114245,23.870310172389775,0.583351277091966,0.15895672800634833,False
INTERARCH.NS,INTERARCH BLDNG SOLTN LTD,1685.5999755859375,-1.2536628244910641,-5.076631638196627,-10.106443819957367,19.90497579853413,-0.3429767529029433,28346787840.0,21.157274,Industrials,0.011005937154823477,24.067779557032395,0.6024572572853039,0.15886876718744358,False
HINDOILEXP.NS,HINDUSTAN OIL EXPLORATION,166.35000610351562,-10.08107778188344,6.2735625124898275,17.45392951243414,44.06931446301878,0.19498415298933455,21998671872.0,87.552635,Energy,0.019055254704721514,23.81424791907333,0.577927022069364,0.15877319654588212,False
TIL.NS,TIL LTD,242.14999389648438,-4.243123528608173,11.04231933026185,25.5508892139259,36.94500321264804,0.4124919305647851,19873081344.0,,Industrials,0.022309746159585662,23.71263195672627,0.5680952571735367,0.15875612391307342,False
KRISHNADEF.NS,KRISHNA DEF AND ALD IND L,1312.300048828125,29.520334881320288,2.3076400392162855,43.51361017222255,65.49116099426384,0.43293115656005315,19597086720.0,46.834404,Industrials,0.02261557102289457,23.698646755451684,0.5667421310723152,0.15864721103524973,False
SHRINGARMS.NS,SHRINGAR HOU OF MANGALS L,219.36000061035156,0.6654109145399989,-3.764149223109814,12.671425270730063,21.078293299057012,0.25331984783253986,21210234880.0,16.688164,Consumer Cyclical,0.019928110942310152,23.77774967953052,0.5743956663452414,0.15854499979304296,False
BALMLAWRIE.NS,BALMER LAWRIE & CO LTD,158.77999877929688,-8.55518809588861,-6.838308450807496,-2.6885068925427635,17.244130114630497,-0.29614619968927514,27151988736.0,9.723208,Industrials,0.011706646053417114,24.02471613062529,0.5982906925619648,0.15835265768055404,False
VEEDOL.NS,VEEDOL CORPORATION LTD,1392.4000244140625,-5.715061052512549,-1.4588767985105,3.337827461010523,21.930937560613494,0.004023470506069401,23553177600.0,10.389056,Basic Materials,0.01619797798439261,23.882526578285376,0.584533264920092,0.15828179971831746,False
RPSGVENT.NS,RPSG VENTURES LIMITED,833.9000244140625,0.30069760964488434,-6.644273785159527,-18.72715903415446,23.019481177465128,-0.490746165958956,29579249664.0,,Technology,0.008794916025180143,24.110338927612542,0.6065750525213442,0.15823995014922118,False
SIYSIL.NS,SIYARAM SILK MILLS LTD,540.1500244140625,-2.261829267673132,-13.600903333335934,2.0414944993314643,28.22828780259919,-0.12441029467688428,24953548800.0,10.5162525,Consumer Cyclical,0.014276269271429663,23.940281885542312,0.5901213299181586,0.1582375344331119,False
MMP.NS,MMP INDUSTRIES LIMITED,480.54998779296875,18.90387109990972,71.91302130164543,105.09985009558376,55.355430167046194,1.407352547379132,12207224832.0,24.35631,Basic Materials,0.03719549145244089,23.22529381283097,0.5209432748975359,0.15813243731371462,False
DREDGECORP.NS,DREDGING CORP OF INDIA,909.0,-16.42915870128944,-11.472540244088304,3.383565538811495,27.53072873894403,-0.1829160096576822,25451999232.0,51.5891,Industrials,0.013400869083040194,23.9600601321818,0.5920349571330146,0.1580593910955338,False
MOBIKWIK.NS,ONE MOBIKWIK SYSTEMS LTD,242.13999938964844,26.035813837050227,22.188021207537933,32.58500406054387,64.90479554811695,0.43380571376480415,19067779072.0,,Technology,0.022628656711054226,23.67126578795168,0.5640929091502623,0.15799471982085625,False
AURIONPRO.NS,AURIONPRO SOLN LTD,616.0499877929688,-10.417788844757647,-24.422200309383857,-24.707709248981747,28.632738076942033,-0.7601114649605961,33143281664.0,16.441153,Technology,0.0047644989356870285,24.224105868333133,0.6175824748617647,0.15796899291720642,False
AUTOAXLES.NS,AUTOMOTIVE AXLES LIMITED,1638.0999755859375,-2.996386394801731,-4.792150726685107,-1.3137487260954872,20.472916480680915,-0.13157855952883024,24754925568.0,14.207285,Consumer Cyclical,0.014169013075964337,23.93229031904956,0.5893481127868013,0.15796378800367358,False
GMBREW.NS,G M BREWERIES LTD,981.3499755859375,6.685872874087417,2.255909461657457,-0.7359526647237935,21.420496483036708,0.07684093980638862,22420828160.0,13.290222,Consumer Defensive,0.01728751985845509,23.833256192400633,0.5797661511797233,0.15790717768877213,False
FREDUN.NS,FREDUN PHARMACEUTICALS L,1406.699951171875,-4.35166941761328,-2.0881186761042114,-2.0881186761042114,50.903359535484626,-0.04991475705223157,23772762112.0,51.09698,Healthcare,0.015390919484527636,23.89180631320835,0.5854311176781721,0.15790096903293876,False
KROSS.NS,KROSS LIMITED,253.1999969482422,19.676697160683986,41.896432125069396,37.05748046955175,49.69031308332524,0.70502693844939,16713585664.0,28.258928,Consumer Cyclical,0.026686843355932157,23.539487738521125,0.5513428375029866,0.15785084189269577,False
INDRAMEDCO.NS,INDRAPRASTHA MEDICAL CORP,335.1499938964844,-3.09479652474568,-8.535085732884385,-20.94307577804936,22.359566950961636,-0.6105226878126774,30724204544.0,16.340809,Healthcare,0.007002742562642399,24.14831660255971,0.6102495497434974,0.15781444435785616,False
RGL.NS,RENAISSANCE GLOBAL LTD,163.6199951171875,9.620796689560308,41.62554907471221,57.66043268621441,75.64941004429502,0.5716110724134107,17670719488.0,20.61654,Consumer Cyclical,0.024690589241263657,23.595174840558848,0.5567307950868048,0.15770064070264894,False
GOCLCORP.NS,GOCL CORPORATION LIMITED,372.45001220703125,-6.693925569464487,1.0993200231781186,45.45471664292566,46.605577127976645,0.4660036534773464,18463272960.0,6.845249,Basic Materials,0.023110423022249006,23.639049350467815,0.5609758354956268,0.15757677614059346,False
ARKADE.NS,ARKADE DEVELOPERS LIMITED,121.23999786376953,-3.178408655274445,-3.663091510723804,6.1088706433043205,35.08186352913469,0.037621323515109835,22509856768.0,,Real Estate,0.016700690699949526,23.837219128850585,0.580149581681911,0.1575629134454399,False
MAHASTEEL.NS,MAHAMAYA STEEL INDS LTD,1139.300048828125,-11.165688200536062,42.43921780375379,20.611907503111524,48.11732557699111,0.43237194093120407,18723713024.0,187.07718,Basic Materials,0.022607203678490603,23.65305663368058,0.5623310981157535,0.15753817728780634,False
HUHTAMAKI.NS,HUHTAMAKI INDIA LIMITED,233.4499969482422,-8.450981588924634,14.632950623561136,34.63472907400986,35.624159736957346,0.5618954539146725,17630595072.0,12.919203,Consumer Cyclical,0.024545217899901415,23.592901586218208,0.5565108483214605,0.15753662550529118,False
MANALIPETC.NS,MANALI PETROCHEMICALS LT,92.36000061035156,7.100391427729202,52.52840013516855,74.46545696190574,69.2559723079021,0.7856553737251523,15885849600.0,8.821394,Basic Materials,0.027893257933604036,23.488694587719863,0.5464283899549657,0.15752704093894446,False
ANUP.NS,THE ANUP ENGINEERING LTD,1575.9000244140625,-11.753836861624167,-25.718745627052986,-14.875349208425737,24.558820957684574,-0.7127404729282717,31567587328.0,37.3436,Industrials,0.005473294227957248,24.175396713694443,0.612869662567113,0.15732238631274617,False
LANDMARK.NS,LANDMARK CARS LIMITED,480.6000061035156,-5.494976801164519,13.975736109382186,15.366683298354534,40.09903019662571,0.26876129095005236,19928037376.0,44.29493,Consumer Cyclical,0.02015915575935943,23.7153934905067,0.5683624469954304,0.15720997856837715,False
AYMSYNTEX.NS,AYM SYNTEX LIMITED,289.25,-6.903769348016087,22.615518221219723,55.81232544225543,54.609230104639806,0.6099713226766458,17004395520.0,90.390625,Consumer Cyclical,0.025264560011779402,23.556737707640558,0.5530118434044737,0.157201380859953,False
SHREEPUSHK.NS,SHRE PUSH CHEM & FERT LTD,494.54998779296875,4.489173508850897,17.813712526036674,42.65577868346648,41.953923445720875,0.6571456382697215,16558515200.0,23.275,Basic Materials,0.025970412504495312,23.530166320108304,0.5504409516947562,0.15708804730206052,False
SURAKSHA.NS,SURAKSHA DIAGNOSTIC LTD,331.8500061035156,-0.18048009670156295,23.204009127061333,26.669971825000726,34.778565737413516,0.5825453753229632,17126758400.0,47.797966,Healthcare,0.024854195323679218,23.5639078961738,0.5537055888189669,0.15706704369750113,False
AHLWEST.NS,ASIAN HOTELS (WEST) LTD,545.0,2.6655411255212202,-6.034482758620685,227.30768000693521,41.312638708185126,2.720150707197522,6349909504.0,8.921264,Consumer Cyclical,0.05683842303270705,22.57170639856836,0.45770598768911097,0.15705531419680802,False
JSIPL.NS,JINDAL SUPREME (INDIA) L,186.1199951171875,47.714281839037696,47.714281839037696,47.714281839037696,25.803347533126576,1.8491508427707881,9496543232.0,38.774998,Basic Materials,0.04380596209010315,22.97419369912555,0.4966482997160253,0.1570165464965837,False
GENESYS.NS,GENESYS INTL CORPN LTD,301.04998779296875,30.392403597605757,-5.523303449123274,28.461694027006267,82.86400933938566,0.22509575443867236,20129587200.0,59.378693,Technology,0.01950580387910748,23.725456569731115,0.5693360915565538,0.15696337579846908,False
DIFFNKG.NS,DIFFUSION ENGINEERS LTD,454.1000061035156,-4.379866932047715,19.61743992880809,63.32899214799765,60.85118525181004,0.6026793810813762,16859034624.0,30.828243,Industrials,0.02515545328522595,23.548152529577123,0.5521811918969851,0.15691188793816574,False
ARROWGREEN.NS,ARROW GREENTECH LIMITED,891.75,10.215979969498012,31.951219049616263,67.36957902125027,41.616540532862636,1.0888303217452435,13454668800.0,21.091534,Consumer Cyclical,0.032429556766954956,23.322592005512025,0.530357277709041,0.15691148700247645,False
PANORAMA.NS,PANORAMA STUDIOS INTL. L,63.5,33.93798819737006,36.82396080322516,36.82396080322516,64.39458131988926,0.5628853474709352,17153665024.0,71.56521,Communication Services,0.024560029324835243,23.56547769180853,0.5538574730432431,0.1568843902544372,False
AGIIL.NS,AGI INFRA LIMITED,259.1000061035156,-8.603256321359732,-22.157741212799397,-28.31281160857404,27.701422141823073,-0.8131127462073074,32386824192.0,31.330109,Real Estate,0.003971459629980187,24.20101751632593,0.6153485812536755,0.156815740035904,False
TINNARUBR.NS,TINNA RUBBER AND INFR LTD,930.1500244140625,-9.244879816407547,-0.0006299347348193152,40.713882344424675,31.69284051693853,0.5839734124820637,16898779136.0,26.97728,Basic Materials,0.024875562535386895,23.550507215851773,0.5524090175389519,0.15675892628627813,False
RALLIS.NS,RALLIS INDIA LTD,200.3000030517578,-4.080070861808071,-10.223655370083595,-20.59090501859059,11.749293873463925,-1.2067587587963793,38514565120.0,17.778276,Basic Materials,-0.0019185255397136895,24.374302321528305,0.6321146032980285,0.15658975666972186,False
BNAGROCHEM.NS,BN AGROCHEM LTD.,226.52999877929688,4.5217566764859995,-2.2313328601813454,-2.2313328601813454,40.60144131996597,-0.021691716456210843,22148505600.0,130.18965,Consumer Defensive,0.01581321079509087,23.821035863938064,0.5785837838270095,0.15650585405307052,False
MARATHON.NS,MARATHON NXTGEN REALT LTD,374.6000061035156,-14.248298573610185,-5.378181459943754,-15.331072532553502,39.682877617561175,-0.30563938773706495,25264730112.0,12.245832,Real Estate,0.011564602859719211,23.95267519338506,0.5913204337417817,0.15650356058023482,False
GKENERGY.NS,GK ENERGY LIMITED,114.44999694824219,-11.251557855312,-19.14726534624862,6.571448605271568,37.757201051245495,-0.12471175672650034,23212435456.0,9.943527,Utilities,0.01427175860208543,23.86795398309364,0.5831233060264501,0.1564846454581766,False
DBCORP.NS,D.B.CORP LTD,173.57000732421875,-11.28545221624072,-10.044012075444487,-16.230474296238086,17.974466627072527,-0.7446969910692652,30939664384.0,8.792807,Communication Services,0.004995140221804537,24.15530483474743,0.610925690128533,0.15647777769848667,False
HEIDELBERG.NS,HEIDELBERGCEMENT (I) LTD,127.77999877929688,-16.543205102728066,-15.939671067972583,-12.14410725267826,23.427016221375077,-0.604541177281888,28958949376.0,24.859922,Basic Materials,0.0070922417756205695,24.08914512538734,0.6045244644452783,0.156450297443035,False
RAMCOSYS.NS,RAMCO SYSTEMS LTD.,555.2999877929688,-9.14594622015935,-36.90131293728251,30.920663865078858,38.07962572051714,0.06724721576966125,21170245632.0,50.817524,Technology,0.017143972380540086,23.775862524907307,0.5742130763254361,0.15641124836676407,False
UNITEDPOLY.NS,UNITED POLYFAB GUJ. LTD.,48.43000030517578,16.250601254344986,53.8437134987815,70.70849091481534,38.054171042112365,1.4389350301672643,11188880384.0,40.966385,Consumer Cyclical,0.03766804890074508,23.13818629930463,0.5125152624684842,0.15637985229267987,False
DEEPA.NS,DEEPA JEWELLERS LIMITED,214.0399932861328,10.11987377840191,10.11987377840191,10.11987377840191,81.72586306911712,0.1238270652427312,20574443520.0,19.636698,Consumer Cyclical,0.017990556528841312,23.747315536776835,0.5714510370817966,0.1563556766670801,False
PATELENG.NS,PATEL ENGINEERING LTD.,25.93000030517578,-4.9486816256958495,-18.046773687172635,-1.1437256663976658,25.120725540577837,-0.277684307045363,24773937152.0,8.82313,Industrials,0.011982884781613346,23.933058016262414,0.589422390669268,0.15634276125352703,False
EXPLEOSOL.NS,EXPLEO SOLUTIONS LIMITED,878.8499755859375,-2.2413820260358763,26.66467391610321,31.87521900472894,23.77269556983573,0.988055191385371,13639522304.0,9.9025345,Technology,0.03092169436187265,23.33623746712089,0.5316775325915876,0.15611065391930137,False
SIRCA.NS,SIRCA PAINT INDIA LIMITED,401.70001220703125,-8.54865971382328,0.744680175260104,-3.042168523829125,17.950630598939814,-0.16753796672253235,23276992512.0,34.242046,Basic Materials,0.013630965265727815,23.8707312638783,0.5833920194361726,0.156071228808339,False
ROUTE.NS,ROUTE MOBILE LIMITED,431.1000061035156,-14.046452677521282,-21.447786074484853,-10.74525575997719,30.05869784583422,-0.48625706650089273,26962169856.0,10.853412,Communication Services,0.008862084822494686,24.01770060406192,0.5976119113331267,0.1560495414501527,False
GALAPREC.NS,GALA PRECISION ENG LTD,1161.0,13.37890625,1.806381545503899,60.160016677946395,42.07395598338709,0.7914089196884783,14879607808.0,40.95238,Industrials,0.0279793461939023,23.423257509081964,0.5400970817846977,0.15600878009160116,False
KOPRAN.NS,KOPRAN LTD,269.6000061035156,15.9370490613981,50.34506983468048,75.76554256407604,52.302521678495125,1.074015176341762,13028717568.0,52.147003,Healthcare,0.03220788301967263,23.290421801827335,0.5272446773658146,0.15596708160620812,False
KANORICHEM.NS,KANORIACHEMICALS-,182.10000610351562,17.06094687673496,43.27301989747318,161.86368091182345,45.6942054573035,2.1299404338983803,7956555776.0,13.063128,Basic Materials,0.048007316796247174,22.797262051833137,0.4795294306069661,0.1558878452489269,False
RACLGEAR.NS,RACL GEARTECH LIMITED,1550.4000244140625,-1.6306041221985756,17.223654395366616,18.0088268223904,48.55330844439074,0.28515850615901417,18663989248.0,36.91894,Consumer Cyclical,0.02040450145400993,23.649861795636657,0.5620219843131324,0.15580887216879055,False
ADVAIT.NS,ADVAIT ENRGY TRANSITION L,1946.9000244140625,-9.413182311806212,-6.658005315733928,7.721761443753472,36.952737596096576,-0.0005184280367414506,21292812288.0,36.30244,Industrials,0.01613001917316661,23.78163540149166,0.5747716260260838,0.15579042088639591,False
TECHNVISN.NS,TECHNVISION VENTURES LTD.,3821.89990234375,-22.279615610701576,-23.781509716499095,-23.781509716499095,49.55688222677958,-0.4738217950720279,26439712768.0,879.6451,Technology,0.00904814936260116,23.99813298836862,0.5957186635340129,0.1557157779054541,False
EIMCOELECO.NS,EIMCO ELECON (INDIA) LTD,2371.800048828125,5.207600761618281,27.379164813540548,36.93588384100717,29.616202986125835,0.9360825737499399,13681456128.0,34.5391,Industrials,0.030144046583632823,23.33930718565461,0.5319745405637883,0.1556016700786717,False
DCAL.NS,DISHMAN CARBO AMCIS LTD,153.57000732421875,-11.933706259830966,-19.710355051040395,-3.073715628721041,31.74153167879866,-0.309900154815126,24077180928.0,150.55884,Healthcare,0.01150085051853267,23.904530379478864,0.586662223748529,0.15529119382603176,False
AJMERA.NS,AJMERA REALTY & INF I LTD,116.23999786376953,-0.42008271589655255,-6.262737839135834,-3.270391848707821,17.75705734152117,-0.20262556739387755,22875525120.0,17.043987,Real Estate,0.013105961986169378,23.853333403953798,0.5817087044872471,0.1552566476114388,False
HUBTOWN.NS,HUBTOWN LIMITED,170.0,-10.17647419731922,-15.866573268316964,-14.778422076870545,44.04012593639129,-0.3220807742139355,24157112320.0,25.449102,Real Estate,0.011318596246109576,23.90784467973215,0.5869828960143016,0.1552346711881576,False
BIL.NS,BHARTIYA INTERNATIONAL,1092.8499755859375,20.377816266459515,51.35378354154714,50.03431342071203,59.73911937267461,0.7448863574263114,14655566848.0,56.919266,Consumer Cyclical,0.027283245654287865,23.40808608992452,0.5386291841941344,0.1551197302892495,False
FEDDERSHOL.NS,FEDDERS HOLDING LTD.,64.25,35.892558500094566,56.707317073170735,56.707317073170735,51.93285797444247,1.0117749611123308,12940976128.0,15.082159,Financial Services,0.031276604833342846,23.283664558181815,0.5265908860781853,0.15510517514455346,False
GLOBUSSPR.NS,GLOBUS SPIRITS LTD,812.7000122070312,-10.45910090165103,-7.822734518245178,-12.37584642908237,21.86279968532497,-0.4860568592682019,25568591872.0,6.972973,Consumer Defensive,0.008865080452054499,23.964630555237623,0.5924771644784104,0.15476810145864348,False
INDIAGLYCO.NS,INDIA GLYCOLS LTD,318.95001220703125,22.484646575614754,-69.27115687544205,-64.62792415557826,457.59685649327884,-0.10620348268477758,21378187264.0,6.457785,Basic Materials,0.014548691318627837,23.78563695246604,0.5751587926433165,0.1547012166498,False
KICL.NS,KALYANI INVEST CO LTD,4808.2998046875,-7.58601182610994,-10.13667033089577,5.207232349654656,24.471870684939255,-0.07987077550170424,20989700096.0,51.65771,Financial Services,0.014942698243189527,23.76729768277788,0.5733843924037231,0.15455312178332292,False
ROSSARI.NS,ROSSARI BIOTECH LIMITED,427.45001220703125,-7.126558999015476,-15.25800189356412,-4.174166021975245,23.169572951095137,-0.3491559984979535,23769616384.0,15.916173,Basic Materials,0.01091347930246235,23.891673979568175,0.5854183138508211,0.15453968793955203,False
EFCIL.NS,EFC (I) LIMITED,170.10000610351562,-11.974745773057338,-9.86169251669261,-14.251141659287391,26.302159872424014,-0.4744487828876704,25165641728.0,8.522045,Real Estate,0.009038767967089429,23.948745477703955,0.5909402174864644,0.15451413034693318,False
TAALTECH.NS,TAAL TECH LTD.,1093.4000244140625,21.429525726253207,30.2845475831899,30.2845475831899,75.63752429700457,0.37697615669521306,16945110016.0,23.074474,Industrials,0.02177833627686864,23.553245134578034,0.5526739225066236,0.1545022328343074,False
HGINFRA.NS,H.G.INFRA ENGINEERING LTD,417.20001220703125,-13.443980869910533,-23.83287058183001,-19.598926512244585,30.453969923146367,-0.6448459972071724,27189389312.0,14.612961,Industrials,0.006489175101413142,24.026092635353272,0.5984238750910766,0.15447285009882902,False
BFINVEST.NS,BF INVESTMENT LIMITED,441.3500061035156,-5.965697163285977,1.5414729785149683,18.285648807161635,21.35009584986016,0.39400885706745914,16624608256.0,4.267137,Financial Services,0.022033190509819035,23.534149859721985,0.5508263756383013,0.1542314867919396,False
PANACHE.NS,PANACHE DIGILIFE LIMITED,541.9500122070312,3.228573753720232,25.046151324236888,75.5019538959228,28.989016842647157,1.5837217710278313,9567564800.0,54.21506,Technology,0.039834441367997846,22.981644548274904,0.4973692002066444,0.15421813107765947,False
VIDHIING.NS,VIDHI SPCLTY F INGRDNTS L,354.0,1.797268152408349,18.951610463632342,8.00915331807781,37.54190614105423,0.26768788432276414,17610606592.0,33.076923,Basic Materials,0.020143094758069986,23.591767204801084,0.556401092224704,0.1542075941247285,False
FERMENTA.NS,FERMENTA BIOTECH LTD.,569.4500122070312,14.23270054303536,25.374283774230122,25.374283774230122,54.650458922764464,0.4235274064263396,16326523904.0,27.48311,Healthcare,0.022474866056869935,23.516056855684877,0.5490758026196199,0.15412510019755743,False
SUNCLAY.NS,SUNDARAM CLAYTON LIMITED,1174.800048828125,-9.935600518265398,-14.009655188435222,-9.337860429116985,20.300382050295774,-0.5349134241564193,25308993536.0,10.090534,Industrials,0.008134057061925092,23.954425645284093,0.5914897972072772,0.15397299209826312,False
SHK.NS,S H KELKAR AND CO. LTD.,137.4199981689453,-8.914958165004894,2.6671586870670394,2.5063409455031493,30.24665996215864,0.008937398251574675,19560243200.0,22.11424,Basic Materials,0.01627150333615627,23.696764935064742,0.5665600571619448,0.1538436417926034,False
MARSONS.NS,MARSONS LIMITED,119.23999786376953,-13.317824963627823,12.873910027165092,-13.115714739818419,56.33184521648016,-0.0951371170923802,20521203712.0,46.578125,Industrials,0.014714273407959638,23.744724516006105,0.5712003450992613,0.15383579133078507,False
KAMDHENU.NS,KAMDHENU LIMITED,37.310001373291016,-3.945753657991402,21.546887379780124,74.4985633733487,31.97557641502366,1.3424057352567333,10517055488.0,12.478261,Basic Materials,0.03622371542020364,23.076264108594753,0.506524034251654,0.15379879512806624,False
GATEWAY.NS,GATEWAY DISTRIPARKS LTD,50.90999984741211,-6.911681978815842,-10.338482909037749,-8.138106533150335,14.957645418674293,-0.5718102211327792,25436868608.0,10.389795,Industrials,0.007581983422030691,23.95946547857336,0.5919774219354178,0.15368084305037746,False
WELINV.NS,WELSPUN INV & COMM LTD,2478.0,11.08620855522091,37.66666666666667,92.15260909679421,35.46322562715208,1.68043219994443,8946353152.0,289.44244,Financial Services,0.04128148509219817,22.914511817256603,0.4908738306510971,0.1536795714819229,False
BFUTILITIE.NS,BF UTILITIES LIMITED,498.8999938964844,-8.028392908197702,-8.525857799059377,14.112529727065915,36.367604381880604,0.07954411601379363,18792378368.0,13.675987,Industrials,0.017327966521862057,23.656717218678867,0.562685274863708,0.15366729360732354,False
RSL.NS,RAJPUTANA STAINLESS LTD,175.57000732421875,-3.0001922097716793,34.75290813937051,41.22786302285881,49.45307891245581,0.615528217455512,14648573952.0,21.247272,Basic Materials,0.02534770585040178,23.407608826579384,0.538583006990333,0.15365653113538458,False
PRAKASH.NS,PRAKASH INDUSTRIES LTD,119.69999694824219,-3.262960706283835,-3.783756336274502,-8.472106113967392,29.740209596438838,-0.2025463902460717,21262387200.0,6.7923346,Basic Materials,0.013107146685649216,23.780205489586713,0.5746332761315744,0.1534886790471305,False
OSWALPUMPS.NS,OSWAL PUMPS LIMITED,265.1000061035156,-5.050145231748859,-37.52061896526203,-27.170327993539665,26.116860159947365,-0.989834864274913,30496309248.0,8.895909,Industrials,0.0013272294808444576,24.14087150500818,0.6095292057437711,0.1533777235465761,False
RAJPALAYAM.NS,RAJAPALAYAM MILLS LTD.,734.3499755859375,-7.66377632875026,-10.770842489299481,133.67850902126506,28.863907162495227,2.150618284159411,7081113600.0,5.692262,Consumer Cyclical,0.048316712109507366,22.680697020560373,0.4682512814256953,0.15330035443855433,False
PANACEABIO.NS,PANACEA BIOTEC LTD,350.25,-8.131147540983608,-34.94613965124259,5.370038035883495,31.283791764683254,-0.30127589571691754,21989017600.0,,Healthcare,0.011629892237649668,23.8138089657084,0.5778845515146936,0.15319355705691065,False
IRISDOREME.NS,IRIS CLOTHINGS LIMITED,58.45000076293945,-8.068576471178336,31.08320377421474,82.14397159554319,41.85823004769057,1.1654394268236963,11124874240.0,63.532608,Consumer Cyclical,0.03357583153754851,23.132449360755047,0.5119601899214306,0.15317192113351902,False
MEDIASSIST.NS,MEDI ASSIST HEALTH SER L,306.25,-9.458554904329775,-13.011201784158,-12.87594128571885,31.027059585318295,-0.3942701088042216,22877437952.0,24.17127,Healthcare,0.010238452928131362,23.85341701960938,0.5817167946479691,0.1531080383580908,False
KCP.NS,KCP LTD,154.41000366210938,-4.9082405351908776,-5.01422522506455,-1.628951692741043,32.99504552922038,-0.10002688185125286,19906717696.0,11.68003,Basic Materials,0.014641109598364246,23.714323084425576,0.5682588807771948,0.15304555239307188,False
WENDT.NS,WENDT (INDIA) LIMITED,8016.5,-1.7585784313725483,1.553834172821844,20.903979682454032,30.589138041531942,0.3454306032457412,16186000384.0,95.526436,Industrials,0.021306331389113982,23.507412531805908,0.5482394285097028,0.15303960566926117,False
COMSYN.NS,COMMERCIAL SYN BAGS LTD,263.0,-12.567825244895259,37.484024910530735,71.84157764340513,38.12276743394279,1.1712799004448704,11033428992.0,36.731846,Consumer Cyclical,0.03366322046544962,23.124195500684156,0.5111615948008835,0.1530378140493081,False
DOLLAR.NS,DOLLAR INDUSTRIES LIMITED,278.54998779296875,5.411537480782869,5.891752775858405,14.542128010361521,25.653215187934915,0.39452744069524415,15798274048.0,14.089529,Consumer Cyclical,0.022040949892053876,23.483166533607427,0.5458935278416763,0.1530040943794595,False
HMT.NS,HMT LTD -,58.529998779296875,-12.524292966909567,-9.072555100357294,-8.661053204071777,46.526497987324525,-0.20541309014753886,20813363200.0,,Industrials,0.013064253275413584,23.758861078950126,0.5725681160684125,0.1529402189736633,False
TEXINFRA.NS,TEXMACO INFRA & HOLDG LTD,120.52999877929688,4.9273125295558495,4.781556025316136,22.71214830311883,34.80603289904844,0.39579355408373057,15737184256.0,171.52777,Real Estate,0.022059894296017953,23.479292173017914,0.5455186674205581,0.152924587577153,False
VOEPL.NS,VIRTUOSO OPTOELECTRONIC L,506.1000061035156,-8.514100698517113,8.756849568179724,16.237945153448962,56.662190264921094,0.15959861885031865,17550249984.0,91.99282,Technology,0.018525793552734513,23.588334030916382,0.5560689184431322,0.15291157477533393,False
GHCLTEXTIL.NS,GHCL TEXTILES LIMITED,131.5800018310547,-3.759508004502632,24.909821915121498,59.9615160123792,42.14865461801714,0.8707704507195815,12577177600.0,13.066535,Consumer Cyclical,0.029166804534310684,23.25514970700579,0.5238319562178876,0.1528330924552049,False
ARMANFIN.NS,ARMAN FIN SERV LTD,1743.699951171875,-15.734793890361242,2.7398068193375202,8.845190460166986,45.10275005193489,0.04650666523328789,18389639168.0,15.844615,Financial Services,0.016833638905377847,23.6350532543261,0.560589196656029,0.15277252834304064,False
JAYBARMARU.NS,JAY BHARAT MARUTI LTD,134.3699951171875,9.878153660334421,-24.197571226025826,52.787927458078876,38.27621040702349,0.5515259443989631,14545552384.0,10.522317,Consumer Cyclical,0.024390062620002047,23.400551105827994,0.537900143299183,0.1527675827897973,False
FISCHER.NS,FISCHER MEDICAL VENTURE L,33.13999938964844,-7.906524314190011,-10.610055912368455,-19.126496168087492,34.75548952036194,-0.41223904246222914,22681255936.0,14.162394,Healthcare,0.0099695901697745,23.84480469068368,0.580883516182192,0.15269807167287888,False
AEROENTER.NS,AEROFLEX ENTERPRISES LTD,132.55999755859375,-6.522812325822125,13.734362584271075,63.54299237231269,73.4728889827082,0.4707483668423951,15001046016.0,9.966917,Basic Materials,0.023181416479469055,23.431385770083953,0.5408835246755355,0.15260694352848567,False
ALLCARGO.NS,ALLCARGO LOGISTICS LTD,10.5,-15.594852458375453,32.91139080058001,25.899278272097682,53.88694753568696,0.3656560036385981,15726673920.0,61.764706,Industrials,0.021608956856044356,23.47862408353369,0.5454540269980638,0.15257022439154921,False
MOL.NS,MEGHMANI ORGANICS LIMITED,60.25,-9.615966561599398,31.035234014423008,24.27805397875369,46.750501779470305,0.41767260537812845,15322431488.0,23.81423,Basic Materials,0.022387262752777862,23.45258370204642,0.5429345123207729,0.15252407514477664,False
BOMDYEING.NS,BOMBAY DYEING & MFG. CO L,102.91000366210938,-9.306422353917299,-16.668525187800732,-3.1732559137833682,28.830498877258044,-0.29303932684933914,21254506496.0,106.09278,Consumer Cyclical,0.011753133085842488,23.779834780280137,0.5745974084719787,0.15246420193237653,False
MWL.NS,MANGALAM WORLDWIDE LTD,41.65999984741211,8.039414843663195,11.752452309663308,56.95404565311246,39.1435649632684,0.8586504964192407,12373301248.0,23.805714,Basic Materials,0.028985457972162485,23.23880686317031,0.5222507184417707,0.15230177308956455,False
JAGSNPHARM.NS,JAGSONPAL PHARMACEUTICALS,233.6300048828125,-3.48260462728488,3.8516155112959582,22.75958712010089,31.257415746030485,0.3787503542773513,15433421824.0,34.818184,Healthcare,0.02180488296377186,23.459801243155347,0.5436328392929327,0.15226187204606206,False
INDIANHUME.NS,INDIAN HUME PIPE CO. LTD.,341.20001220703125,-12.016497434965212,3.1248452150810513,5.583194237538636,30.907462519404643,0.042894210271236265,17975019520.0,12.590406,Industrials,0.016779587027619128,23.612248826561277,0.5583827738934138,0.1521803837440678,False
ALICON.NS,ALICON CASTALLOY LIMITED,866.9000244140625,27.226029360548853,36.84649976674039,37.715705436551715,63.92074246980861,0.5531382639454575,14162407424.0,38.804836,Industrials,0.024414187183477744,23.373856926650753,0.5353173709896384,0.15213998313501792,False
TCIEXP.NS,TCI EXPRESS LIMITED,494.20001220703125,-10.616749794728042,-1.7983085529992504,-5.884586710259554,41.78589366175669,-0.13413942813363727,19275902976.0,22.915905,Industrials,0.014130695710561239,23.682121602354286,0.5651432541206188,0.15188383531307564,False
KILITCH.NS,KILITCH DRUGS INDIA LTD,260.70001220703125,44.07295750416633,42.365672323329015,98.59831166450519,48.012977132453045,1.4750897207067446,9114480640.0,29.625,Healthcare,0.03820901866617418,22.93313026495672,0.4926752425187287,0.15182557462931282,False
ARFIN.NS,ARFIN INDIA LIMITED,96.36000061035156,10.599093917604918,11.972438149449506,11.894526185286502,51.43279722932319,0.22668052193990743,16258098176.0,88.40367,Basic Materials,0.019529516191136995,23.511856970941203,0.5486694463894014,0.1518144987407031,False
BPLPHARMA.NS,BHARAT PARENTERALS LTD.,1836.4000244140625,19.844711132673474,45.286130967568596,45.286130967568596,83.37633288500406,0.4821253898939151,14332592128.0,,Healthcare,0.023351646825784465,23.385801950704522,0.5364731015014506,0.151632010494701,False
AVTNPL.NS,AVT NATURAL PRODUCTS LTD,90.18000030517578,-0.9228701042306775,30.685884375327532,45.54656430036956,55.91937936740242,0.5685770085621259,13732971520.0,16.396364,Basic Materials,0.024645191623819413,23.34306545872848,0.5323381690373384,0.15156843597719916,False
UDS.NS,UPDATER SERVICES LIMITED,210.82000732421875,-11.801862360014992,11.834560969436293,35.60738392476899,44.44260105518286,0.4273757010126657,14639716352.0,16.72608,Industrials,0.02253244671898053,23.407003970496802,0.5385244846611398,0.15153045620452035,False
PVP.NS,PVP VENTURES LIMITED,47.95000076293945,-29.42302172524478,75.96330555207138,56.39269733064505,81.35294486925258,0.5543835697383152,13762333696.0,264.25,Industrials,0.024432820250794806,23.345201255143817,0.5325448161795387,0.1514608192329808,False
IKIO.NS,IKIO TECHNOLOGIES LIMITED,195.8699951171875,-7.756429078248117,7.953038184311767,41.06588873403596,61.41927674219969,0.34789680275790114,15136970752.0,31.745543,Technology,0.021343232254580874,23.44040598257197,0.5417562675639972,0.15144649108193495,False
INDOAMIN.NS,INDO AMINES LIMITED,161.16000366210938,28.467358375862716,28.35526144690792,56.49659103175419,47.002455235780914,0.9031091123066448,11698211840.0,14.611061,Basic Materials,0.029650676416824555,23.182701832967236,0.5168223245783546,0.15144358845720707,False
BAJEL.NS,BAJEL PROJECTS LIMITED,164.0800018310547,-10.738768744768334,-11.710973281870828,2.2680699255620773,30.979498403042115,-0.14612924688745785,18983553024.0,86.357895,Utilities,0.01395129632027441,23.666838810975467,0.5636645808067221,0.15137961744188633,False
SUBEXLTD.NS,SUBEX LTD,19.209999084472656,11.16897176583278,59.28688570545842,115.60044235076118,71.91142899141701,1.0821656909138981,10736450560.0,35.833332,Technology,0.032329836268073425,23.096910383601394,0.5085216468033769,0.1513777889018993,False
JINDRILL.NS,JINDAL DRILLING IND. LTD,590.7000122070312,-10.911692469335833,-1.5633159169342492,11.098242671676296,39.5553471554007,0.0732590730510577,17119138816.0,8.931056,Energy,0.017233925661145788,23.563462903649455,0.5536625339506304,0.15134107773351693,False
PARKHOTELS.NS,PARKHOTELS,103.83000183105469,-6.791278222966901,-15.954070820824008,-9.736234685686352,23.09396041372946,-0.4768603581159629,22086367232.0,34.61873,Consumer Cyclical,0.009002684425338756,23.818226387844145,0.5783119553878758,0.15133000216597303,False
CANTABIL.NS,CANTABIL RETAIL LTD,229.83999633789062,-5.435098353425694,-8.457198581799496,0.5369922188389831,18.865526969858145,-0.1778738087194208,19223367680.0,19.728756,Consumer Cyclical,0.013476313740928747,23.679392442673578,0.5648791966268537,0.15132703446241,False
EMSLIMITED.NS,EMS LIMITED,334.25,-12.379272245910421,-18.148713451026598,10.44132853830435,25.810645447943177,-0.10460041461103532,18561173504.0,27.241238,Industrials,0.014572677455609764,23.64433778994577,0.5614875139013823,0.1513013865670529,False
GRANDOAK.NS,GRAND OAK CANYONS DIST L,36.16999816894531,3.8174454952137227,-8.546146986895476,-8.546146986895476,45.75581966387725,-0.1327356505676518,18768017408.0,,Financial Services,0.014151699934612237,23.655420056446616,0.5625597690494178,0.15125371721331363,False
BCG.NS,BRIGHTCOM GROUP LIMITED,9.069999694824219,1.0022289217787472,-4.324893114028471,-5.7172577679599375,45.644549527507635,-0.08666206753474981,18307993600.0,1.8067728,Communication Services,0.014841082557831486,23.63060361021841,0.5601586751737104,0.15117048071180123,False
5PAISA.NS,5PAISA CAPITAL LIMITED,349.70001220703125,2.2215743840752644,-4.557855340513795,16.372716208662652,48.770810265161415,0.14892753143434523,16393676800.0,26.838068,Financial Services,0.018366125870058904,23.52016153651421,0.5494729474771234,0.151142831271825,False
GPTINFRA.NS,GPT INFRAPROJECTS LTD,121.62000274658203,8.492421411280105,-1.0414961459763283,11.515392203369213,24.883779006167035,0.28708386849482104,15368463360.0,15.612324,Industrials,0.020433309965315814,23.455583412986243,0.5432247467685365,0.151131169166121,False
TAJGVK.NS,TAJ GVK HOTELS & RESORTS,315.29998779296875,-5.1871900866642395,-12.366354821201242,-6.804761082198619,27.536043888456863,-0.29596571815143485,20133449728.0,4.924847,Consumer Cyclical,0.01170934653442616,23.725648434444082,0.5693546552615676,0.15112067371621152,False
EIHAHOTELS.NS,EIH ASSOCIATED HOTELS LTD,297.79998779296875,0.0503927094104073,-3.7169522242867847,-2.2955119440392746,27.492141018653932,-0.08194207558491379,18146828288.0,20.65187,Consumer Cyclical,0.014911706117315194,23.62176163246937,0.5593031772338709,0.1510095738964541,False
MANAKCOAT.NS,MAN COAT METAL & IND LTD,129.32000732421875,6.174059182301805,8.917286388976153,23.18792318469636,30.4167770178752,0.5097173620952795,13789916160.0,31.31235,Industrials,0.023764495684584653,23.347203449037707,0.5327385367248735,0.15100800594465685,False
SAKSOFT.NS,SAKSOFT LIMITED,142.74000549316406,-7.659461895226871,-14.403982508585123,6.953478608638863,28.575235530949005,-0.0831610932705897,18122616832.0,13.960396,Technology,0.014893466389588748,23.620426543966367,0.5591740018959275,0.15096360026617342,False
FRONTSP.NS,FRONTIER SPRINGS LTD.,1392.5,7.856207355737066,8.45229005655941,8.45229005655941,66.93509635083245,0.12449483112108509,16453129216.0,27.530643,Industrials,0.01800054807199061,23.523781522024574,0.5498231960566001,0.150956210068143,False
ASTEC.NS,ASTEC LIFESCIENCES LTD,704.7000122070312,27.09892626783761,5.155560178211904,25.839287894112715,91.81365828377713,0.21659192788514128,15702293504.0,,Basic Materials,0.01937856414928902,23.477072621752594,0.5453039166500017,0.1508599022744672,False
ANDHRSUGAR.NS,ANDHRA SUGARS LTD,94.41999816894531,-3.882658696328034,14.849147843168842,28.19510222456372,28.414404153551715,0.6255898814305911,12797251584.0,12.2942705,Basic Materials,0.025498254947053045,23.272496264894485,0.5255103074825347,0.15050126808092346,False
TTKHLTCARE.NS,TTK HEALTHCARE LIMITED,1033.699951171875,-6.044355839969606,14.339720241318554,21.025057182008865,40.21039893165144,0.3383595750490839,14572612608.0,19.70386,Healthcare,0.021200530111110755,23.40240975535455,0.5380799753329184,0.15042039141656266,False
KRSNAA.NS,KRSNAA DIAGNOSTICS LTD,552.7000122070312,-0.9373792544549175,1.826479859233232,-6.394899362575379,25.561008452684607,-0.11098864035623579,17928853504.0,18.64081,Healthcare,0.014477092707646966,23.609677179685782,0.5581339564154216,0.15039130863459063,False
BRIGHOTEL.NS,BRIGADE HOTEL VENTURE LTD,56.93000030517578,-3.8182097887621835,-9.404837417347977,-8.955698997990712,15.525063879941492,-0.5193500486558528,21624436736.0,31.45304,Consumer Cyclical,0.008366926309820678,23.797089842581197,0.5762669071598666,0.15034192152233217,False
SURYODAY.NS,SURYODAY SMALL FIN BK LTD,151.47000122070312,-0.3945591336997789,-13.062976312867347,12.888943778753204,29.016506777253102,0.08431983861717417,16331416576.0,8.511911,Financial Services,0.017399423959277658,23.51635648707402,0.5491047931965473,0.15032576626859506,False
JISLJALEQS.NS,JAIN IRRIGATION SYSTEMS,26.649999618530273,-13.670233579455648,-16.431482820344854,-16.326532812115147,50.89936582198504,-0.3109421446053684,19548049408.0,,Industrials,0.011485259596193247,23.69614134392428,0.5664997221383663,0.1502388752317365,False
INDOKEM.NS,INDOKEM LTD.,596.8499755859375,-4.58796463385589,1.9385099207408274,1.9385099207408274,33.936599270921825,0.01865876438436741,16645104640.0,736.8518,Basic Materials,0.016416960677321027,23.53538199458626,0.5509455897856231,0.15004911795439654,False
GARUDA.NS,GARUDA CONSTRUCT N ENG L,173.36000061035156,-3.0045293154785657,-0.017301331912145113,6.310169144515987,31.61582167386841,0.08062381980142688,16129717248.0,11.777174,Industrials,0.0173441217453203,23.503929199419655,0.5479024016855243,0.1499836917303713,False
KITEX.NS,KITEX GARMENTS LTD,118.95999908447266,-7.291172546011271,-21.052582279145003,-27.847702780193295,28.66350166479933,-0.7569856898863065,23732518912.0,,Consumer Cyclical,0.004811268795516864,23.89011205064396,0.5852671907633438,0.14992524928747358,False
GOCOLORS.NS,GO FASHION INDIA LTD,306.45001220703125,-6.183983489022971,-7.570495101815777,9.917512777868144,33.69563917530255,0.04305634782571716,16118039552.0,30.675678,Consumer Cyclical,0.01678201303413463,23.503204950810233,0.547832327635252,0.14954459168441397,False
DHAMPURSUG.NS,DHAMPUR SUGAR MILLS LTD.,188.80999755859375,12.661854337606115,34.20285328179467,40.17030658061809,50.76559903268903,0.647650786520808,12141711360.0,17.32202,Consumer Defensive,0.025828344417429684,23.21991258142349,0.5204226184885784,0.14947691293521687,False
WALCHANNAG.NS,WALCHANDNAGAR INDUSTRIES,204.1699981689453,-2.128374684059098,-11.691176096921819,18.352561979158132,42.32614807672485,0.12387740112949444,15414328320.0,,Industrials,0.0179913096867981,23.45856332425702,0.543513065516379,0.14937174864419334,False
KOTIC.NS,KOTHARI INDUSTRIAL CORP L,147.3300018310547,11.21763453870126,1.5508684667788541,1.5508684667788541,66.23047687057382,0.05260752822178102,15914848256.0,,Basic Materials,0.016924923946697625,23.490518363045002,0.5466048477653865,0.14934490490136984,False
BBL.NS,BHARAT BIJLEE LTD,2068.800048828125,-9.631764962957668,-20.65514663498542,-12.787029031142872,18.17034985135176,-0.7989065492197863,23383896064.0,20.90753,Industrials,0.0041840218988671764,23.875313420039696,0.5838353620080898,0.14909685692617283,False
PFS.NS,PTC INDIA FIN SERV LTD,27.290000915527344,1.299184760695371,-10.904336718093678,-3.329786191822659,27.994830250571507,-0.16704359759201784,17405878272.0,8.065476,Financial Services,0.013638362335059048,23.580073817896196,0.5552697086484492,0.14904619891340656,False
RICOAUTO.NS,RICO AUTO INDUSTRIES LTD,120.5199966430664,-7.619200949913962,-7.572683664571067,4.627908781995482,32.60488038420638,-0.04544383788105079,16434421760.0,53.280704,Consumer Cyclical,0.015457816256680752,23.522643860054536,0.5497131225527727,0.14902164283070374,False
MSPL.NS,MSP STEEL & POWER LTD.,32.34000015258789,-8.644071303369927,-19.910848694543184,-8.875743524661871,41.88864308242136,-0.289814606961394,18330204160.0,56.736843,Basic Materials,0.011801383421700054,23.631816036815646,0.5602759824646334,0.14892003318243338,False
ANDHRAPAP.NS,ANDHRA PAPER LIMITED,70.4800033569336,9.356100378924648,16.86366158102326,14.196563677874119,49.24012101654731,0.2849018259729643,14014962688.0,50.70504,Basic Materials,0.02040066083975032,23.363391359340568,0.5343047840405155,0.1488766916399416,False
TGVSL.NS,T G V SRAAC LTD.,125.4800033569336,14.09347111010324,19.311596026998345,19.311596026998345,49.645688667724826,0.3679669178429094,13429060608.0,9.407352,Basic Materials,0.021643534242723077,23.320686897827393,0.5301729506562443,0.14877588834610336,False
BGRENERGY.NS,BGR ENERGY SYSTEMS LTD,244.11000061035156,-0.8730585334373875,-17.11035632925244,-18.439689085718612,66.01216230252975,-0.22007403850101892,17615357952.0,,Industrials,0.012844886723704626,23.592036969452817,0.5564271930711832,0.14874046331057425,False
SILVERTUC.NS,SILVER TOUCH TECHNO LTD,137.41000366210938,-18.193723484254566,-24.184807751159397,7.268792284434178,40.72945883336633,-0.17824422635971887,17195436032.0,41.21581,Technology,0.0134707713136256,23.567909838636492,0.5540927933143143,0.14862627681379775,False
RIR.NS,RIR POWER ELECTRONICS L,183.49000549316406,8.079842030806518,11.982682412084355,11.982682412084355,61.65660460121798,0.18168555352828844,14507640832.0,139.17558,Technology,0.01885627249456757,23.397941301581437,0.5376476339376257,0.1485541128553321,False
LAOPALA.NS,LA OPALA RG LIMITED,159.07000732421875,-8.52788216950331,-7.460331945109722,-5.5183790232336545,27.34697801271394,-0.24510443258809286,17656770560.0,18.959476,Consumer Cyclical,0.01247036584644539,23.594385147959393,0.5566543890596563,0.1485163716497481,False
GREENPANEL.NS,GREENPANEL INDUSTRIES LTD,159.9199981689453,1.0106055903913669,-15.058466960386696,-20.15953136566251,30.286719038423136,-0.47529693243204363,19610572800.0,296.14813,Basic Materials,0.009026077407352309,23.69933468636601,0.5668086912352859,0.1484717308643357,False
CENTENKA.NS,CENTURY ENKA LTD,566.5999755859375,-6.946961263276319,13.760797376798472,37.031586568853456,41.46520722615373,0.5125897509296007,12380542976.0,8.412769,Consumer Cyclical,0.023807474216297628,23.239391962449474,0.5223073292184695,0.14843243796684058,False
CLSEL.NS,CHAMAN LAL SETIA EXP LTD,291.95001220703125,-2.301904785539166,2.324551096880212,12.632431099801234,43.018645067537115,0.15233394523273153,14517395456.0,11.589917,Consumer Defensive,0.0184170948272252,23.39861345401355,0.5377126674671427,0.1482409879872046,False
LOKESHMACH.NS,LOKESH MACHINES LTD,455.70001220703125,24.986287596948344,32.509456322991156,105.90095659063566,69.83906706882519,0.969379683206789,9932788736.0,207.13637,Industrials,0.030642259380466726,23.01910711515248,0.5009938585912842,0.1482301591831711,False
STEELXIND.NS,STEEL EXCHANGE INDIA LTD,11.119999885559082,-1.9400376020153987,-12.302842129900672,24.107141051517456,46.675773630935936,0.17085330881219904,14375093248.0,43.346157,Basic Materials,0.018694193472573607,23.388762910495743,0.5367595866152151,0.14821054175823398,False
ZAGGLE.NS,ZAGGLE PREPA OCEAN SER L,171.8800048828125,-4.917850959526016,-14.780106697283601,-31.850441970048106,24.31647406029358,-0.8777104415844305,23212883968.0,17.653688,Technology,0.00300490730733583,23.867973304963925,0.5831251754973642,0.14803497435484292,False
SPANDANA.NS,SPANDANA SPHOORTY FIN LTD,213.52000427246094,-10.962842898036085,-27.99864675040006,-0.8819951316656693,23.564867827814986,-0.46820377906252386,19119540224.0,,Financial Services,0.009132209736441714,23.673976697470913,0.5643552008653763,0.14793795751867536,False
SCPL.NS,SHEETAL COOL PRODUCTS LTD,617.8499755859375,-4.424168316348387,23.656556216018167,92.44665911165279,28.64368274188535,1.8306117697238613,6552000000.0,31.547016,Consumer Defensive,0.04352856853900866,22.603036183649806,0.4607372740543922,0.14783074491785453,False
SDBL.NS,SOM DIST & BREW LTD,73.20999908447266,-1.0675688047666831,8.58795768729983,-4.25058859392532,46.164737361061604,0.005146335966576862,15280746496.0,,Consumer Defensive,0.01621477902059885,23.449859474007148,0.5426709319837263,0.1478288172613807,False
REPCOHOME.NS,REPCO HOME FINANCE LTD,326.45001220703125,-8.243382584475967,-18.96187764017866,-12.766168606512096,19.748649834537847,-0.6947474498998413,21126971392.0,4.446932,Financial Services,0.005742517426989235,23.77381632621427,0.5740150981336695,0.1478106626036593,False
AWFIS.NS,AWFIS SPACE SOLUTIONS LTD,243.5399932861328,-6.618096363001924,-18.329985473960896,-21.643449310146224,60.45290595597868,-0.29186917139133667,17428496384.0,20.674025,Industrials,0.011770641705448566,23.581372426836396,0.5553953544377205,0.14767681988851655,False
SKYWAYS.NS,SKYWAYS AIR SERVICES LTD,109.4800033569336,-10.341596038420164,-12.369545257602677,-12.369545257602677,56.968088333665804,-0.2100115303761379,16740670464.0,29.4578,Industrials,0.012995448451068911,23.541106952878334,0.5514995031931825,0.14762146213659733,False
AMRUTANJAN.NS,AMRUTAJAN HEALTH LTD,523.7000122070312,4.223408278631635,-2.064103529905925,-0.7821400240982213,16.38645329360497,-0.01010709348246147,15134971904.0,28.050348,Healthcare,0.01598654738514826,23.44027392312501,0.5417434902659742,0.14742578310535476,False
SUNSHINE.NS,SUNSHINE PICTURES LIMITED,447.20001220703125,1.3025257313399763,21.126759864856393,21.126759864856393,114.56296786750858,0.14980332089380716,14048101376.0,2505.5554,Communication Services,0.018379229996007183,23.365753090285228,0.5345332912834602,0.14741774531787044,False
JAGRAN.NS,JAGRAN PRAKASHAN LIMITED,61.720001220703125,1.2135153886878136,-2.6651926049136465,6.500911833695744,11.044656536540128,0.24388275035588033,13433621504.0,7.127021,Communication Services,0.019786907011862864,23.32102646898596,0.5302058055711545,0.14739163165168578,False
HATHWAY.NS,HATHWAY CABLE & DATACOM,9.800000190734863,-6.8441087043627835,-9.175160098407876,-8.411211538069029,26.387100732248697,-0.3155699303083019,17347024896.0,23.333334,Communication Services,0.011416015685961506,23.57668685295841,0.5549420057737277,0.14729751320790305,False
INSECTICID.NS,INSECTICIDES (I) LTD,584.1500244140625,-5.546121289668038,-10.850816571680655,-8.854735190856521,31.470593649820206,-0.27936672953854264,16997501952.0,13.581726,Basic Materials,0.011957711292699253,23.556332226264132,0.5529726114032156,0.14721143632032835,False
PREMIERPOL.NS,PREMIER POLYFILM LTD,101.54000091552734,6.674381006021557,62.21446207872119,72.94235092972887,74.39153825929509,0.7590969565933142,10477389824.0,29.949102,Basic Materials,0.027495873791419503,23.072485422318092,0.5061584307162534,0.14716151302262798,False
FLAIR.NS,FLAIR WRITING INDUST LTD,227.83999633789062,-6.5118419181733,-11.600051103841801,-25.137607080233103,16.75083885310305,-1.035839900677789,24013281280.0,18.0682,Industrials,0.000638872496451396,23.90187290094073,0.5864051017019613,0.14708042979782887,False
EASEMYTRIP.NS,EASY TRIP PLANNERS LTD,5.800000190734863,-3.3333301544189453,-15.328463190015572,-27.135676344983295,19.616714018885496,-0.9600508597560743,23110971392.0,,Consumer Cyclical,0.0017728769389661388,23.863573293798044,0.5826994562075718,0.14700452175611756,False
IGARASHI.NS,IGARASHI MOTORS INDIA LTD,401.3999938964844,-5.0502675584897965,-13.106828378343383,28.927484903082433,28.30979756701526,0.3363372840609042,12634084352.0,78.860504,Consumer Cyclical,0.021170271290880765,23.25966410606677,0.5242687430099263,0.14694488922064214,False
IRMENERGY.NS,IRM ENERGY LIMITED,262.1000061035156,-6.359144401981876,1.8968840895748906,34.91646867460425,24.664580312945258,0.6793332978102506,10761741312.0,14.72472,Utilities,0.026302398556594248,23.099263210649852,0.5087492925575151,0.14691412205682447,False
HONDAPOWER.NS,HONDA I POWER PRODUCT LTD,1885.9000244140625,-6.850733618710725,-8.0723271237365,-10.442847632719342,16.046442001625476,-0.5616988909907904,19128817664.0,29.0496,Industrials,0.007733275655858964,23.674461813208882,0.5644021378206816,0.14690049119706464,False
RELINFRA.NS,RELIANCE INFRASTRUCTU LTD,51.2400016784668,-10.136791885118068,-26.726724646282708,-42.48512315105568,36.374428671822415,-0.8601629905410286,21960146944.0,0.6650185,Utilities,0.0032674635713553462,23.81249514504987,0.5777574339287199,0.1468899561606965,False
TNPETRO.NS,TAMILNADU PETROPRODUCTS L,126.02999877929688,-3.8977065538502,34.864370269104114,45.4633736892317,54.21196774957357,0.5978653415367703,11115075584.0,7.607143,Basic Materials,0.025083422525057558,23.131568184609353,0.5118749324825778,0.14678130001443762,False
YATRA.NS,YATRA ONLINE LIMITED,100.80999755859375,-11.172791033441143,-10.732314454821223,-3.3275808029564757,42.7213529296153,-0.16661557877563957,15824997376.0,50.93434,Consumer Cyclical,0.01364476662825698,23.484856639226244,0.5460570525548171,0.146747838109897,False
DCXINDIA.NS,DCX SYSTEMS LIMITED,160.22999572753906,-5.093884979117336,-17.373144987375223,-7.829038712068293,23.79051825078439,-0.42644047265801976,17847445504.0,,Industrials,0.009757099224695455,23.60512622596741,0.5576936328089984,0.14674123262077118,False
ARIHANTCAP.NS,ARIHANT CAPITAL MKTS LTD,94.12999725341797,18.851961487817093,35.22720509667012,36.25827896850715,44.05927448059322,0.736909395191747,10317814784.0,25.578804,Financial Services,0.027163889207738923,23.05713782893902,0.5046734875406486,0.14654128879096634,False
SIGNPOST.NS,SIGNPOST INDIA LIMITED,260.8500061035156,6.996083564150646,-12.155314354295498,10.41359241297819,42.35794453232437,0.06986690798233386,14009245696.0,19.034132,Communication Services,0.017183169902649658,23.362983355517546,0.5342653079821099,0.1464537044225147,False
SHIVAUM.NS,SHIV AUM STEELS LIMITED,558.9500122070312,24.751707942308055,26.774783385064627,62.29675438816464,31.5843289131785,1.3972484239882785,7534621696.0,104.7259,Basic Materials,0.037044307050664645,22.742774461659657,0.47425753076020616,0.14634761297805002,False
CAMLINFINE.NS,CAMLIN FINE SCIENCES LTD,95.0,-7.883251691978998,-26.385123786553844,-8.715287519382308,27.027617260223778,-0.5124325648167034,18248704000.0,,Basic Materials,0.008470430158255998,23.627359900809488,0.5598448328642709,0.14631403083475972,False
POKARNA.NS,POKARNA LIMITED,699.2000122070312,-14.434315447962852,-29.315620383117636,-24.04776711954576,25.94125460582408,-0.9138121160132638,21949282304.0,23.128063,Industrials,0.0024647308030994746,23.812000279122106,0.5777095536022009,0.14627593650287482,False
INA.NS,INSOLATION ENERGY LIMITED,83.80999755859375,-7.1254437692726995,-22.75576261880761,-21.64360669786093,35.117229883847514,-0.5431413853248496,18479988736.0,9.209889,Technology,0.00801094500767075,23.639954293690067,0.5610633924974969,0.1462740568801273,False
ASIANHOTNR.NS,ASIAN HOTELS (NORTH) LTD,328.6499938964844,-14.580898272518683,1.7807371039602282,11.030403343406881,58.931179207278305,0.0531678339120632,14011410432.0,,Consumer Cyclical,0.01693330760130281,23.36313786553289,0.534280257465536,0.1462700450673611,False
SCILAL.NS,SHIPPING CORP OF ILA LTD,37.2599983215332,-6.311295215840207,-11.895517078269558,-10.177843085991501,22.2662695912968,-0.44550954835634027,17635149824.0,61.064518,Real Estate,0.009471775432580418,23.593159896487194,0.5565358409090047,0.14623779180168647,False
DCW.NS,DCW LTD,46.369998931884766,1.2942253305874063,-0.7774069011993956,8.642605688561634,43.91124708316307,0.09899344994021435,13686337536.0,19.161156,Basic Materials,0.01761897998249281,23.339663912112822,0.5320090553249366,0.14621649881810375,False
ARIS.NS,ARISINFRA SOLUTIONS LTD,143.66000366210938,11.745493458518075,32.674552347314176,27.042802737784033,60.82929278330768,0.422047743606396,11750504448.0,16.901176,Industrials,0.022452726388775004,23.187162008444822,0.5172538650142952,0.14615301104515505,False
IZMO.NS,IZMO LIMITED,864.2999877929688,-4.227383666466222,-5.65440335917895,21.86111918124338,40.96272343289992,0.20479013957925446,12947490816.0,24.028357,Technology,0.01920197819166596,23.28416784701318,0.526639581355486,0.14606137898262098,False
TIRUMALCHM.NS,THIRUMALAI CHEMICALS LTD,148.52999877929688,-5.509258558181818,-11.335962875381734,-18.977747738899254,28.527433136882753,-0.49045823282013423,17789974528.0,,Basic Materials,0.00879922426624772,23.601900906863715,0.5573815698376983,0.14594481065911036,False
ACCELYA.NS,ACCELYA SOLN INDIA LTD,1097.5,-2.9619805481874484,0.2008537454397885,-3.431588209414871,7.162808145158548,-0.31383418972607374,16381571072.0,17.175274,Technology,0.01144198695446368,23.519422824874436,0.5494014740688093,0.1459318587330501,False
UTTAMSUGAR.NS,UTTAM SUGAR MILLS LTD.,302.79998779296875,8.643141909536944,31.59223601629826,26.241546225629484,62.45997768706958,0.38948256467690506,11672171520.0,13.062312,Consumer Defensive,0.021965465207894306,23.180473343141173,0.516606708965054,0.14562577614718422,False
SAGCEM.NS,SAGAR CEMENTS LIMITED,148.67999267578125,-2.7345335063980403,-14.76236947843159,-18.89149819651449,20.263989779400685,-0.7116745912009226,19410071552.0,,Basic Materials,0.005489242636847363,23.6890579205193,0.565814371609111,0.14557052487991326,False
SVLL.NS,SHREE VASU LOGISTICS LTD,822.2000122070312,2.871443504164062,19.671061322365937,39.67552503296719,32.74210963694072,0.8036552899308275,9590343680.0,134.14792,Industrials,0.028162584272793532,22.98402256263444,0.4975992829373674,0.14552175893893698,False
HMAAGRO.NS,HMA AGRO INDUSTRIES LTD,24.559999465942383,17.850284482327837,13.075507561557442,11.839710791737335,50.832830999755416,0.26385633648069196,12298904576.0,5.7383175,Consumer Defensive,0.020085764671532728,23.232776036578326,0.5216672110103557,0.1454811262562385,False
SIGACHI.NS,SIGACHI INDUSTRIES LTD,29.889999389648438,-13.683489029447038,37.552097820798515,43.95754626245174,70.72324090365879,0.43136745829709805,11359815680.0,42.428574,Healthcare,0.02259217396237793,23.1533480248437,0.5139822221613531,0.14543968601212173,False
KRISHIVAL.NS,KRISHIVAL FOODS LIMITED,404.45001220703125,-2.7653402819617923,1.3489958984033823,26.377744883605892,20.780094272100776,0.6275478341699418,10365366272.0,41.397133,Consumer Defensive,0.02552755109696674,23.06173591969171,0.5051183718502191,0.14542525628527983,False
BHARATSE.NS,BHARAT SEATS LIMITED,206.13999938964844,-2.6217596427559164,-9.674163247196477,17.386786748324923,35.71663787351217,0.147460477381909,12945592320.0,27.97015,Consumer Cyclical,0.018344174862464147,23.284021205843157,0.5266253932154102,0.14541447945070068,False
GANDHITUBE.NS,GANDHI SPL. TUBES LTD,981.5,9.03737970111047,17.489251391874163,19.300773208438528,34.550773700685,0.48348086518215777,11075147776.0,15.967138,Industrials,0.023371928320046597,23.1279694960843,0.5115267444745679,0.14541063235867693,False
AMANTA.NS,AMANTA HEALTHCARE LIMITED,197.67999267578125,1.881149265292792,6.0116862667953574,86.43779586120273,35.677122755134974,1.272485844052317,7675786240.0,47.51923,Healthcare,0.03517752897580917,22.76133656699697,0.47605349127106306,0.14539651954962263,False
TEAMLEASE.NS,TEAMLEASE SERVICES LTD.,1134.5999755859375,-9.27554791816233,-19.095838859530446,-4.974876416588147,22.793547388588557,-0.4418487073401289,16987543552.0,12.599138,Industrials,0.00952655129364471,23.55574618024673,0.5529159090256741,0.14537389072665205,False
DLINKINDIA.NS,D-LINK INDIA LTD,419.95001220703125,-6.915656014973126,-17.840964616187783,6.264809762054591,21.152111431822853,-0.17033834746316032,14910261248.0,13.896427,Technology,0.013589064165489785,23.425315487299937,0.5402961996942516,0.14526584804768022,False
SESHAPAPER.NS,SESHASAYEE PAPER & BOARDS,234.75999450683594,0.7164606783572447,2.9152574980014334,-8.953788512975237,21.95963520217992,-0.1575174104401719,14742807552.0,14.218977,Basic Materials,0.013780899282605048,23.414021177279803,0.5392034284581806,0.14513653157649894,False
STUDDS.NS,STUDDS ACCESSORIES LTD,407.04998779296875,-4.042909929406702,-10.469665591644183,-8.684049965139195,24.3905240956081,-0.3399478671758948,15902708736.0,21.090815,Consumer Cyclical,0.011051257293837907,23.48975529248045,0.5465310175302904,0.14492119735295103,False
INFOBEAN.NS,INFOBEANS TECHNO. LTD.,149.4600067138672,-7.786275280488986,-2.782810392451307,-4.529851225608228,29.403059695162693,-0.15838568620955723,14491558912.0,17.081144,Technology,0.013767907581326918,23.39683217293034,0.5375403211504912,0.144711010973618,False
TIRUPATIFL.NS,TIRUPATI FORGE LIMITED,73.66000366210938,6.676322095012854,4.89889259698848,67.21908044923886,43.72686558570504,0.8327711564533042,9141420032.0,150.39584,Industrials,0.02859823461989662,22.936081575005463,0.4929607939799729,0.14468887445991568,False
DMCC.NS,DMCC SPECIALITY CHEMICALS,355.79998779296875,21.2885564650086,40.17701672905418,67.56453773152515,56.1642385821719,0.8919035749643296,8873627648.0,22.19588,Basic Materials,0.02948301195013634,22.90634952925268,0.4900840955070011,0.14463328283935253,False
BENARAS.NS,BENARES HOTELS LTD.,10238.0,0.3725490196078374,0.32337089661931273,0.32337089661931273,21.838287734199984,0.015257905072838638,13309400064.0,30.31236,Consumer Cyclical,0.01636607482996448,23.31173639433306,0.529306952401413,0.1446012942228266,False
HITECH.NS,HI-TECH PIPES LIMITED,74.68000030517578,-1.4385593060341928,-11.861209316162979,-12.868975495409952,39.02839381168292,-0.26341238773756226,15138401280.0,20.021448,Basic Materials,0.01219643043018509,23.440500483673357,0.5417654109366502,0.14458867555680138,False
VALIANTLAB.NS,VALIANT LABORATORIES LTD,124.58000183105469,17.561574404054813,93.95920180596775,107.97996436983688,57.989305384995795,1.4776872569370967,6748327936.0,44.217083,Healthcare,0.03824788467620662,22.63256059810787,0.46359388334031537,0.1445843843422338,False
MIIL.NS,MEGHNA INFRACON INFRA L,675.5,-5.759036938645579,-4.540929031320973,-4.540929031320973,24.04564944244716,-0.19897780777510934,14674393088.0,323.20575,Real Estate,0.013160542114939998,23.40936984500808,0.5387533928113029,0.1445587547890307,False
SHANKESH.NS,SHANKESH JEWELLERS LTD,92.20999908447266,-6.783258399391256,-2.7525844956251655,-2.7525844956251655,52.7131568998101,-0.0675110254366817,13776843776.0,12.361477,Consumer Cyclical,0.015127632784010345,23.346255032538323,0.5326467735035263,0.14450741796388933,False
BLKASHYAP.NS,B.L.KASHYAP & SON LTD,54.790000915527344,-7.667676483587127,3.4163861625707614,14.575494071902973,47.22132484951999,0.1435607240894818,12354181120.0,2739.5,Industrials,0.018285824242050677,23.237260395032187,0.5221010912493323,0.1442396409938711,False
MUNJALAU.NS,MUNJAL AUTO IND. LTD.,105.33000183105469,-6.189879786072538,5.673954945823567,39.168523901654126,42.12661954941817,0.4759098330537802,10533000192.0,20.982073,Consumer Cyclical,0.02325864566118738,23.07777904112418,0.5066706102434407,0.1441116368067507,False
GPTHEALTH.NS,GPT HEALTHCARE LIMITED,148.00999450683594,-6.423470809715271,-0.8168817734136247,9.054348735282126,21.869775947864916,0.13705744771607928,12144933888.0,25.696178,Healthcare,0.018188518032489887,23.22017795591105,0.5204482945685052,0.1437534621664937,False
ARDEE.NS,ARDEE INDUSTRIES LIMITED,50.220001220703125,-9.773623143410614,-25.178785510016255,-25.178785510016255,50.06967126908949,-0.44134008624689797,15829392384.0,18.463236,Industrials,0.009534161610021142,23.485134326337654,0.5460839199320571,0.14367160119053013,False
CHEMCON.NS,CHEMCON SPECIAL CHEM LTD,217.39999389648438,9.587654272368539,20.110493865460978,51.20120234849344,32.333834986699884,1.0376523601707615,7963513856.0,28.27048,Basic Materials,0.03166379914450055,22.79813617871864,0.47961400600072196,0.1436513508585559,False
IMPAL.NS,IND MOTOR PART & ACC LTD,1036.5,-7.006995989290321,-5.589389729545157,5.484499315270708,30.525763369685404,-0.011005996967430267,12935520256.0,13.220663,Consumer Cyclical,0.015973097412263663,23.283242872649165,0.5265500862577513,0.1436173446236356,False
PUNJABCHEM.NS,PUNJAB CHEM & CROP PROT L,1036.9000244140625,-5.762066854544512,-2.560382660780869,4.339167319327575,25.11175678928498,0.009917883985598992,12758803456.0,19.506937,Basic Materials,0.01628617399519462,23.269487337503712,0.5252191813049991,0.14351942582264574,False
GYFTR.NS,GYFTR LIMITED,169.3000030517578,-7.253199693954859,0.05318617949281457,0.05318617949281457,43.253086835397006,-0.03255469373833978,13003636736.0,52.90625,Industrials,0.015650671932650382,23.288494904285493,0.5270582420541552,0.1435025644630266,False
HPL.NS,HPL ELECTRIC & POWER LTD,272.70001220703125,-10.016608366697588,-19.135921954941693,-14.6868756361488,22.131008809670323,-0.6817373851761366,17534744576.0,19.231312,Industrials,0.005937182394571089,23.587450153965396,0.5559833996901901,0.14344873671847583,False
MATRIMONY.NS,MATRIMONY.COM LIMITED,509.6000061035156,-3.676397720108149,19.42979059522314,18.26549189015383,34.98794540777761,0.40660871661395626,10535160832.0,23.958628,Communication Services,0.022221717723345177,23.077984150626136,0.5066904554366027,0.14333890215165956,False
SERVOTECH.NS,SERVOTECH REN POW SYS LTD,71.93000030517578,-9.633372359896153,-27.956431257831525,-6.752320334947559,26.402022111322747,-0.5185119517952747,16170526720.0,43.92638,Industrials,0.008379466454828385,23.506456083969038,0.5481468882232159,0.14332132189692526,False
IPL.NS,INDIA PESTICIDES LIMITED,132.60000610351562,-4.149190679718739,-13.969535575076087,-8.539506229101224,23.29801745625126,-0.3987657722406604,15270681600.0,14.181818,Basic Materials,0.010171185916344807,23.449200591788497,0.5426071824022806,0.14328018503782874,False
MCLOUD.NS,MAGELLANIC CLOUD LIMITED,24.850000381469727,-5.47736966112895,-15.245563983220533,-4.898579488738575,26.235971205084287,-0.30943900676634833,14638318592.0,13.218085,Technology,0.011507750512642781,23.40690848867887,0.5385152464001023,0.14325962448450766,False
VIKRAN.NS,VIKRAN ENGINEERING LTD,57.189998626708984,-5.8910676387815,-25.45337548886366,-14.6755660022993,42.177518047506105,-0.3829530499397686,15028475904.0,16.32213,Industrials,0.010407786051659693,23.43321263204333,0.5410602811305929,0.143070909821393,False
RSWM.NS,RSWM LIMITED,203.02999877929688,-7.9771589149281175,3.5973074831367358,46.7403858656148,41.276754935955836,0.5536761169735568,9685048320.0,15.321907,Consumer Cyclical,0.024422234886890624,22.99384912305467,0.4985500433253502,0.14295418699650553,False
RAMKY.NS,RAMKY INFRA LTD,280.95001220703125,-18.874839653873554,-29.162045407783165,-40.959714631491465,34.07702029229135,-0.9684954431110485,19579516928.0,8.295221,Industrials,0.001646523644040314,23.697749802089675,0.5666553471224898,0.14289872951365268,False
MOLDTECH.NS,MOLD-TEK TECHNOLOGIES LTD,216.72000122070312,4.702830559360693,73.13211125928562,75.7043517406907,40.745717522092065,1.4905216806056723,6242644992.0,33.8625,Industrials,0.03843992158919929,22.554669806600568,0.4560576269101087,0.14284434791942663,False
EMAMIPAP.NS,EMAMI PAPER MILLS LIMITED,115.19999694824219,-0.6211190752899887,37.483651644450624,70.77332598644128,37.121175249181206,1.2528572804620675,6969489920.0,8.489315,Basic Materials,0.034883833765514606,22.66480787697491,0.46671394102641056,0.1428413605807386,False
HGS.NS,HINDUJA GLOBAL SOLS. LTD.,361.3999938964844,-8.29344104026597,-9.795900490539589,-8.0977843786593,13.023202925191107,-0.6639188987185287,16812430336.0,,Industrials,0.006203794065019431,23.54538435077572,0.5519133591418117,0.1426311853342175,False
IFGLEXPOR.NS,IFGL REFRACTORIES LIMITED,180.64999389648438,-11.744593413546644,-19.597060255898214,8.172087417893813,33.45550434701684,-0.12380602628031859,13021002752.0,31.804577,Basic Materials,0.014285310724360628,23.289829487120674,0.5271873684666444,0.14251082515993158,False
EVERESTIND.NS,EVEREST INDUSTRIES LTD,515.9500122070312,21.71503176124727,10.562736545524064,55.58647246682686,40.31481098976044,0.8757343190176808,8180776448.0,,Industrials,0.029241077128786673,22.825052903472056,0.4822183105157688,0.1424853854755322,False
SHALBY.NS,SHALBY LIMITED,136.50999450683594,-10.608350137385047,-18.86478781168741,-9.506139222055676,32.93495953637478,-0.3805735959015592,14621510656.0,38.092438,Healthcare,0.010443388975476559,23.405759614042235,0.538404088024378,0.1424335637377019,False
PNBGILTS.NS,PNB GILTS LIMITED,71.41999816894531,-11.807010208578795,-14.642664780528037,6.204873495178087,31.546244844839883,-0.11575909418476152,12926526464.0,12.709734,Financial Services,0.014405714105034122,23.282547352108256,0.5264827917669992,0.14242498352052538,False
HEXAGON.NS,HEXAGON NUTRITION LIMITED,71.12999725341797,5.800972336381949,8.281313152429925,40.4066274529441,33.36971861841172,0.7146569742306638,8743164928.0,35.21287,Consumer Defensive,0.026830934153555797,22.891538081087106,0.4886510265996449,0.14228595726507806,False
ULTRAMAR.NS,ULTRAMARINE & PIGMENTS L,408.79998779296875,-6.485189637273292,8.949634263301798,1.1078147084570666,40.67600622378979,0.04773722609426238,11913600000.0,12.79398,Basic Materials,0.01685205134952754,23.20094644172661,0.5185875659813329,0.14228593000747888,False
GNRL.NS,GUJARAT NATURAL RES L,98.79000091552734,-0.4835254797730393,-5.319144735629844,-5.319144735629844,48.956401017817655,-0.08889585006025406,12684896256.0,73.17778,Energy,0.014807659265008054,23.263677851564527,0.5246570894977631,0.14227001682319682,False
CEINSYS.NS,CEINSYS TECH LIMITED,718.4500122070312,6.534429532205821,-20.028397153327717,-31.514667484613746,43.471867102744326,-0.47062544916783317,15042662400.0,10.798888,Industrials,0.009095975148639468,23.43415616114476,0.5411515714759616,0.14210987423047,False
CAPACITE.NS,CAPACITE INFRAPROJECT LTD,184.50999450683594,-14.665621373991067,-21.384747803160188,-18.097480687756327,33.297498061327225,-0.5525126520073026,15610291200.0,8.471533,Industrials,0.007870726079964972,23.471196226072337,0.5447353510484103,0.1420868823220763,False
THEMISMED.NS,THEMIS MEDICARE LTD.,112.88999938964844,-5.869217362406099,-2.935189029400953,38.5216776935968,59.229316191789216,0.29050544175608206,10555293696.0,26.244804,Healthcare,0.020484505748129156,23.079893343250387,0.5068751777242131,0.14208217374215015,False
DVL.NS,DHUNSERI VENTURES LIMITED,278.6000061035156,-3.947589095444426,17.959999503824942,24.150804939342095,36.97425027640941,0.4509593670359582,9757895680.0,5.203586,Financial Services,0.022885320719178294,23.001342607670082,0.4992750689737578,0.14198275778282315,False
GAYAPROJ.NS,GAYATRI PROJECTS LTD,21.459999084472656,-1.3786817153199848,5.247669087069395,37.56409333145696,50.2388472529773,0.39970286235410313,9963855872.0,0.19250089,Industrials,0.02211838788416537,23.022229969468547,0.5012960076703299,0.1419127928307065,False
DSSL.NS,DYNACONS SYS & SOLN LTD,1013.0499877929688,-3.803056568364771,-19.964333139261427,2.772568984349255,33.38156230215201,-0.16067632528901446,12903299072.0,15.185879,Technology,0.013733633564124543,23.280748857710627,0.5263087799909402,0.14187742017082844,False
MTNL.NS,MAHANAGAR TELEPHONE NIGAM,23.280000686645508,-12.316379074883443,-17.417523073403697,-16.916487129481194,36.45774435237714,-0.4428901619702837,14666400768.0,,Communication Services,0.00951096837871519,23.40882505264586,0.538700681895629,0.14180839675794366,False
ZIMLAB.NS,ZIM LABORATORIES LIMITED,137.10000610351562,9.24303275180527,13.587414722393065,93.15300030923876,50.4186433921329,1.0413078890744039,7357637120.0,167.56097,Healthcare,0.03171849552231531,22.719004674799358,0.4719577055099546,0.14177829801922512,False
JAICORPLTD.NS,JAI CORP LIMITED,90.16999816894531,-8.912742754278558,-15.877841546648952,-12.853256868188689,21.16913123966072,-0.612804054236656,15825285120.0,9.334369,Basic Materials,0.006968607288883388,23.484874821939147,0.5460588118075398,0.14174115841854748,False
ROTO.NS,ROTO PUMPS LIMITED,62.2599983215332,-3.968479984466522,-13.708306091397338,11.496697198244199,27.900721900680164,0.030184193003224037,11735161856.0,21.87324,Industrials,0.016589411563316146,23.185855458825774,0.5171274509314826,0.14172392140535775,False
SPIC.NS,SPIC LTD,63.04999923706055,-8.89371890510927,-2.3743830981928893,-2.359711245915108,23.017412062642574,-0.15948423407841367,12794722304.0,6.1477494,Basic Materials,0.013751470400588805,23.272298602922877,0.5254911828687554,0.14168639851763046,False
EXCELINDUS.NS,EXCEL INDUSTRIES LTD,924.0999755859375,-9.110695231306043,5.276246948975172,2.4124511407823235,21.774574283670912,0.04440778479436154,11616576512.0,16.277964,Basic Materials,0.016802234104458035,23.17569892473736,0.5161447642255035,0.1416378666347194,False
VHL.NS,VARDHMAN HOLDINGS LIMITED,3517.800048828125,-2.9947015343078087,-1.3637004624825089,5.324309404703742,23.85788985691977,0.06933154049231503,11447719936.0,4.551788,Financial Services,0.017175159389458357,23.161056414977484,0.5147280408080518,0.1415633797441067,False
SYSTMTXC.NS,SYSTEMATIX CORP SERVICE L,73.5,22.03221078967148,13.076923076923075,7.064819178908244,34.09006769720463,0.34795849557934594,9989353472.0,,Financial Services,0.021344155342308848,23.024785710095195,0.501543286152918,0.14139393804496114,False
LINCOLN.NS,LINCOLN PHARMA LTD,577.7999877929688,-6.661715140744806,-3.5706369588433096,5.766925355951935,21.140657308372344,0.022701685910269474,11573176320.0,11.997508,Healthcare,0.01647745347305184,23.171955871244553,0.5157826083094073,0.1413037421821407,False
STEL.NS,STEL HOLDINGS LIMITED,567.7000122070312,-6.612931500665575,4.385407316677359,16.58281096123444,39.62197095614881,0.2090870589059525,10611857408.0,54.09219,Financial Services,0.019266271466080613,23.085237836361934,0.5073922795509973,0.1412977734873098,False
GLOBAL.NS,GLOBAL EDUCATION LIMITED,142.6199951171875,18.405976530220958,43.45013705027776,45.62186852604104,38.5615608161887,1.0250407360723044,7259571712.0,27.855469,Consumer Defensive,0.03147509590217098,22.705586671343255,0.4706594581450256,0.1412711864628846,False
CAPITALSFB.NS,CAPITAL SMALL FIN BANK L,263.79998779296875,-6.104297443996797,-6.370900517136202,2.8867866588269564,27.517135128255738,-0.06137035365761267,11993714688.0,7.9697886,Financial Services,0.015219513470093734,23.207648573599222,0.5192360249768527,0.14122364134678347,False
IVALUE.NS,IVALUE INFOSOLUTIONS LTD,229.4499969482422,-0.351775201041149,-19.561788975199935,-1.3966480630091649,40.78387960626788,-0.16274115724610982,12534940672.0,12.082675,Technology,0.013702738218518952,23.25178583563761,0.5235064877415985,0.14115367559928882,False
HARIOMPIPE.NS,HARIOM PIPE INDUSTRIES L,336.5,-6.125029478446464,-12.33616942991167,22.885906922866205,28.18426060948884,0.23123177956795346,10420492288.0,15.171326,Basic Materials,0.019597615039024047,23.06704011678136,0.5056315748701193,0.14110610499679788,False
EKC.NS,EVEREST KANTO CYLINDERLTD,106.54000091552734,0.8113835832439742,-5.8916914257548525,-2.283021020008158,41.87150071364887,-0.06559930201213887,11954606080.0,9.538049,Industrials,0.015156237221141703,23.20438248716745,0.518920017597845,0.14109718231531754,False
MVGJL.NS,MANOJ VAIBHAV GEM N JEW L,203.16000366210938,12.929411092147646,33.106202688058104,22.252986289677178,71.6392047002268,0.33004604487576966,9923846144.0,8.139423,Consumer Cyclical,0.021076137718294266,23.018206399330516,0.5009067106078873,0.14103378094069252,False
DAMCAPITAL.NS,DAM CAPITAL ADVISORS LTD,152.50999450683594,5.251898503037955,5.511015961941745,8.669858263442865,48.70258211114211,0.1445223911271173,10780321792.0,14.835603,Financial Services,0.018300213323633394,23.100988252909374,0.5089161975352299,0.14095420937653252,False
RITCO.NS,RITCO LOGISTICS LIMITED,284.3500061035156,-5.781968984512886,5.510206346387991,46.187863931856874,31.464413504208782,0.7497549594889779,8129753088.0,27.169361,Industrials,0.027356092813992698,22.818796389688238,0.48161296691453515,0.1409203113391283,False
CONSOFINVT.NS,CONSO. FIN. & HOLD. LTD.,283.20001220703125,-1.2908910701099785,14.860493404267894,31.378220819203186,40.666138202287655,0.48908209865996166,9154827264.0,16.927675,Financial Services,0.023455737582839,22.9375471470631,0.4931025941418349,0.14086745172258797,False
SADHNANIQ.NS,SADHANA NITROCHEM LIMITED,2.680000066757202,-1.4705868173635728,-3.2490943967157793,54.91329694854541,38.37272327757802,0.6824588028758667,8368856064.0,,Basic Materials,0.026349164376380407,22.847783041259216,0.4844175454155954,0.14086625963618415,False
MANAKSTEEL.NS,MANAKSIA STEELS LTD,108.87999725341797,1.4725015440102185,36.57801754416188,89.88489180969066,54.805824029940176,1.0256273392616604,7135347200.0,12.704784,Basic Materials,0.03148387303689433,22.688326748359106,0.46898948916593297,0.140860277069154,False
DHANBANK.NS,DHANLAXMI BANK LIMITED,28.829999923706055,-9.510359788445943,-14.272973511618714,13.727808638536064,36.825144091593984,0.018464023016001568,11379168256.0,9.83959,Financial Services,0.016414046831543554,23.155050174836447,0.5141469122175173,0.14084726317803697,False
GTLINFRA.NS,GTL INFRA.LTD,1.090000033378601,-6.034477177329478,-16.793886947364822,-9.166667494508918,25.533818909799212,-0.4240805225711875,13962259456.0,1.3292683,Technology,0.009792410317830215,23.35962377340461,0.5339402545090169,0.1408293713656269,False
EUROPRATIK.NS,EURO PRATIK SALES LIMITED,180.02000427246094,-31.745969944090636,-40.142974472997196,-22.525389998453505,28.956940892317597,-1.024099245814584,18398044160.0,21.329386,Basic Materials,0.0008145437361318052,23.635510200313746,0.5606334080714097,0.14076925981995128,False
SPECIALITY.NS,SPECIALITY REST LTD,154.91000366210938,10.975003743918176,21.82692714425558,53.04530116987407,38.54094795320102,0.9150197737456878,7476526592.0,31.893003,Consumer Cyclical,0.029828891404386083,22.735034161860064,0.47350862472128186,0.14074882473361003,False
RHETAN.NS,RHETAN TMT LIMITED,16.59000015258789,-34.73642760505218,-37.79527519636501,-33.693046166831564,84.23216706153973,-0.4170899596736129,13865624576.0,96.666664,Basic Materials,0.009897007622204562,23.352678562024447,0.5332682765651544,0.14073982485794204,False
KAMATHOTEL.NS,KAMAT HOTELS (I) LTD,258.82000732421875,14.770969637167486,41.89693858822399,52.58814690178744,48.20827656728506,0.8674309046406553,7630032384.0,17.849655,Consumer Cyclical,0.029116836095029384,22.755357926663653,0.47547503307614747,0.1407063853403089,False
AMNPLST.NS,AMINES & PLASTICIZERS LTD,186.9199981689453,8.437872700196625,-2.110366545464537,21.196086738088994,54.59387248854449,0.2134398498233677,10284338176.0,26.664764,Basic Materials,0.0193314007272199,23.053888009609473,0.5043590540711027,0.1405883140631906,False
FAIRCHEMOR.NS,FAIRCHEM ORGANICS LIMITED,679.2999877929688,2.8852688819339223,-1.3249207161216026,33.26790268839006,28.331479954561097,0.5934574872939195,8556396032.0,60.008835,Basic Materials,0.025017469370979335,22.869944914262252,0.486561798345788,0.1404035516146815,False
RAJESHEXPO.NS,RAJESH EXPORTS LTD,62.349998474121094,-24.897613833704735,-36.05784318719182,-38.24898710475928,34.20390733992362,-1.0209760226281546,18013810688.0,10.666084,Consumer Cyclical,0.0008612754129719213,23.61440456114871,0.5585913501362787,0.1402937940937986,False
ASIANTILES.NS,ASIAN GRANITO IND. LTD.,48.099998474121094,-4.2976520484416465,-1.150845407001777,-23.699242107286178,24.98730784294262,-0.5224414397486433,14260461568.0,63.28947,Industrials,0.008320670925267178,23.38075661950129,0.5359849448273808,0.1402367394007956,False
BLIL.NS,BALMER LAWRIE INVSTS. L,65.20999908447266,-10.092375317830083,-8.541379672682936,-8.541379672682936,15.73772429692629,-0.5624433770820798,14474839040.0,11.090136,Industrials,0.007722136175471757,23.395677740550898,0.5374286250401495,0.1401487583916412,False
MONTECARLO.NS,MONTE CARLO FASHIONS LTD.,524.2999877929688,-5.313892885522275,1.0911915727713772,3.387184517433539,24.806534242558932,0.038625756586392904,10869820416.0,10.367806,Consumer Cyclical,0.016715719674471323,23.109256016967894,0.5097161379241217,0.13996582423688392,False
PRIMESECU.NS,PRIME SECURITIES LIMITED,298.79998779296875,5.0263577479679356,7.404735687289388,3.498432684060515,25.35101266256687,0.19628046673503394,10093008896.0,189.29936,Financial Services,0.01907465098588088,23.035108832704775,0.5025420909877485,0.13994151098634777,False
MBEL.NS,M AND B ENGINEERING LTD,255.41000366210938,-5.098306600752089,-16.543981342523793,-15.498707836058545,22.900186213280527,-0.5996549334770667,14599419904.0,20.302862,Industrials,0.00716535290243376,23.404247632337096,0.5382577975370533,0.13993846406108865,False
AKCAPIT.NS,A K CAPITAL SERVICES LTD.,1709.0999755859375,-1.6005554975740854,-1.1395718093701657,-1.1395718093701657,25.39607303470724,-0.04850232338200735,11280059392.0,9.856401,Financial Services,0.015412053226785254,23.14630234833934,0.5133005238009485,0.13988417087032606,False
TEMBO.NS,TEMBO GLOBAL IND LTD,55.18000030517578,-5.626818619532403,-4.2844772859101266,3.868235868566172,30.033150417066402,-0.015868763974549307,11069237248.0,12.116526,Industrials,0.015900337560418025,23.12743567876371,0.5114750954395921,0.13979402703021154,False
MASTERTR.NS,MASTER TRUST LIMITED,82.62000274658203,-7.33512858558425,2.6207931367101978,14.845704674356153,40.446053164641484,0.1666927681042956,10163581952.0,7.376786,Financial Services,0.01863194078288857,23.04207677139317,0.5032162678927395,0.13977802256035132,False
SKMEGGPROD.NS,SKM EGG PROD EXPORT(I) LT,210.0500030517578,-17.886222217450186,-28.737713891630555,21.665812597784107,41.046396575507245,-0.03327094278645584,11145099264.0,9.586395,Consumer Defensive,0.01563995495308932,23.13426571042919,0.5121359292693866,0.13976394853216362,False
SWARAJ.NS,SWARAJ SUITING LIMITED,369.79998779296875,3.483974108523369,13.279207831196338,25.143819896097707,52.49249912407061,0.32866537899074016,9378482176.0,13.75969,Consumer Cyclical,0.0210554793060989,22.96168377205235,0.495437912499226,0.13965108760438066,False
KECL.NS,KIRLOSKAR ELECTRIC CO LTD,128.11000061035156,1.3448278609232922,17.607638163445817,30.087323561541936,38.331695327784175,0.537281709701062,8508306944.0,113.37168,Industrials,0.024176931206394008,22.864308810855075,0.4860164820160693,0.13963681890881283,False
TNPL.NS,TAMILNADU NEWSPRT & PAPER,146.49000549316406,-3.4049551353385388,4.072210763276374,12.956520941098738,36.362549979825374,0.1930264152587149,9981552640.0,3.8254642,Basic Materials,0.01902596177190693,23.02400449041971,0.5014676999162289,0.1396363963079874,False
ATULAUTO.NS,ATUL AUTO LIMITED,427.5,-7.476858845064394,-9.233075235366261,-0.21530719776819973,24.106699857527712,-0.18139969237472928,11863671808.0,25.132275,Consumer Cyclical,0.013423557198818128,23.196746778638126,0.5181812311971713,0.13961297569840642,False
BIRLANU.NS,BIRLANU LIMITED,1406.5,-2.8660220994475183,6.394188364022102,0.032235561823812375,22.936398231293683,0.05934540621607064,10606274560.0,,Industrials,0.017025740416806264,23.084711602654206,0.5073413642619508,0.1396046463780924,False
DBOL.NS,DHAMPUR BIO ORGANICS LTD,137.89999389648438,10.328823308554536,27.64604470754335,17.985363931358034,49.10658179573224,0.3940868887954387,9072246784.0,27.415504,Consumer Defensive,0.02203435807078972,22.928485786493912,0.49222587000622814,0.1395822360546493,False
EPACK.NS,EPACK DURABLE LIMITED,173.75,-8.199928103831677,-23.532259895011045,-27.796708593461638,24.309006569865026,-0.9296150305494086,16728076288.0,,Consumer Cyclical,0.002228277417877463,23.540354359619496,0.5514266866807747,0.13952787973360176,False
BALAJITELE.NS,BALAJI TELEFILMS LIMITED.,90.55999755859375,-2.8013316106530795,0.5775173675911516,-1.5866106691307613,28.349553794390474,-0.04163439237659416,11039470592.0,,Communication Services,0.015514815633807508,23.124742923112944,0.5112145601863823,0.13943975177195123,False
MANBA.NS,MANBA FINANCE LIMITED,141.35000610351562,9.82139808646565,4.355117104885764,31.83535427913844,21.176637691245272,0.9061160778774038,7101340672.0,14.542181,Financial Services,0.029695668572342813,22.68354943035117,0.46852726387768345,0.13940356739867799,False
CREST.NS,CREST VENTURES LIMITED,359.8999938964844,0.25069467868645834,-0.9492764541845555,6.646369871784197,24.17929181468384,0.1277349625835877,10173932544.0,29.69472,Financial Services,0.01804902900575259,23.043094653189364,0.503314752169036,0.13936545979657344,False
ALLDIGI.NS,ALLDIGI TECH LIMITED,768.0999755859375,-4.684494774917846,0.40710012489701963,-3.9368300814195956,15.800972946130923,-0.17614003691650015,11704557568.0,13.696504,Industrials,0.013502255551286918,23.18324413871271,0.5168747949035672,0.139345390389357,False
KRONOX.NS,KRONOX LAB SCIENCES LTD,206.64999389648438,12.210843816719109,43.24178793235458,57.13262209324383,59.927987716065566,0.7338977640516993,7667541504.0,26.733505,Basic Materials,0.027118827242968085,22.7602618670453,0.4759495096030818,0.1393264978329965,False
BAJAJHCARE.NS,BAJAJ HEALTHCARE LIMITED,323.1000061035156,0.9676927141000213,-3.1595743805092447,0.15759626483891065,29.85818007165176,-0.022624809592198238,10877213696.0,46.62338,Healthcare,0.015799249254627747,23.1099359515508,0.5097819244089343,0.1392949180432044,False
ASTAR.NS,ASIAN STAR CO. LTD.,639.7999877929688,9.571099398421556,8.53215828854681,8.53215828854681,87.92043057842717,0.09940745800404269,10241149952.0,32.199295,Consumer Cyclical,0.01762517463778741,23.049679750350244,0.5039518875718463,0.13920685287130213,False
BHARATRAS.NS,BHARAT RASAYAN LTD,998.2999877929688,-14.769465356725354,-23.73766832953983,-31.971153466224912,27.6694920130559,-0.9418593695207991,16592816128.0,6.4377375,Basic Materials,0.0020450697321705595,23.53223567532659,0.5506411703761741,0.13919409489317144,False
SGRL.NS,SHREE GANESH REMEDIES LTD,680.4000244140625,-3.9728973063127615,29.79778873895571,29.79778873895571,66.92851930240008,0.3443024254793481,9128189952.0,59.15557,Healthcare,0.021289450866765668,22.934633259215165,0.4928206634333911,0.13917225400842204,False
SGIL.NS,SYNERGY GREEN IND. LTD,603.0,-0.5278805909918693,3.9296772342764186,19.45325170001897,40.813449543790455,0.2646174979706555,9445279744.0,,Industrials,0.020097153659974755,22.96878095577784,0.4961245943964382,0.1391040138440906,False
LGHL.NS,LAXMI GOLDORNA HOUSE LTD,213.69000244140625,21.816215181808097,0.9495511315061433,-10.597440121447244,57.55262646712248,-0.011304639333367752,10704279552.0,,Consumer Cyclical,0.015968628932842663,23.0939094566766,0.5082312947040347,0.1390342953756407,False
HINDWAREAP.NS,HINDWARE HME INOVATON LTD,170.75,-6.494715826466768,-28.421715440954053,-15.193203980472026,27.477474007893242,-0.6340488132998264,14282615808.0,,Consumer Cyclical,0.00665072952100563,23.38230895698442,0.5361351399032388,0.13902183211656394,False
JISLDVREQS.NS,JAIN DVR EQUITY SHARES,18.959999084472656,-13.543097033164031,-16.40212156370292,-18.939719627082752,29.091990445950543,-0.5877602538219383,13907353600.0,,Industrials,0.007343328760251228,23.35568357323599,0.5335590238361422,0.13889725252922397,False
SRHHYPOLTD.NS,SREE RAYALSEEMA HHP LTD.,548.6500244140625,3.9164911620344967,12.30128902938603,24.500511868471932,66.83424122628868,0.2502301300703661,9402030080.0,9.939213,Basic Materials,0.01988188059520706,22.964191468968885,0.49568054255403127,0.1388315460849131,False
MAMATA.NS,MAMATA MACHINERY LIMITED,395.6499938964844,-4.096471796519685,4.349420791152814,9.452282657211676,29.954577908350544,0.17398586694893414,9736076288.0,108.994484,Industrials,0.018741064824952407,22.99910402836511,0.4990584771616173,0.13882041790911862,False
KRYSTAL.NS,KRYSTAL INTEGRATED SER L,656.6500244140625,0.5547235621195412,9.604733197327775,20.66566150774063,45.05695033913471,0.29574117477771394,9174682624.0,14.951049,Industrials,0.02056284615769424,22.939713639008097,0.4933122112035635,0.13875018741916156,False
SPMLINFRA.NS,SPML INFRA LIMITED,158.2899932861328,-12.744617115514433,-16.943020377104578,-14.511778917984097,25.989450082473958,-0.572837014535103,13553185792.0,15.962338,Industrials,0.007566619877834601,23.329887470511725,0.531063144140122,0.13844075094340647,False
PDMJEPAPER.NS,PUDUMJEE PAPER PRO. LTD,95.8499984741211,2.821280003195148,13.649417683886877,15.610310028761676,46.925615602904195,0.26561689516011194,9176918016.0,10.109833,Basic Materials,0.02011210728438928,22.93995725721391,0.4933357822731923,0.13841802603159004,False
FINKURVE.NS,FINKURVE FINANCIAL SERV L,69.30999755859375,-4.1488039016583595,7.291020426818573,9.685075272810618,44.46932968189909,0.13942380126551546,9713379328.0,34.655,Financial Services,0.018223924938356305,22.996770084346434,0.49883265841875796,0.13837610830845673,False
KPEL.NS,K.P. ENERGY LIMITED,215.47000122070312,-12.784200924443956,-33.02216233660653,-26.977179673767214,34.78414534088741,-0.7460893021138171,14608455680.0,7.9275203,Industrials,0.004974307567232288,23.404866354247332,0.5383176614424559,0.13831014603603817,False
SWELECTES.NS,SWELECT ENERGY SYS LTD,600.0999755859375,4.820956434224888,-5.035118615333934,11.80824459801213,28.20978605379281,0.18992621889596298,9454577664.0,21.796204,Technology,0.0189795746372332,22.96976487015861,0.49621979218471773,0.13828962902410433,False
AFSL.NS,ABANS FINANCIAL SRVCS LTD,201.0,-0.5295230788515459,-0.2877278627771762,-0.034817387809538136,20.0125705470729,-0.010474999601109088,10294240256.0,7.5791855,Financial Services,0.015981042536849604,23.054850377422778,0.5044521671398094,0.13809882368758958,False
ESTER.NS,ESTER INDUSTRIES LTD,93.87000274658203,0.6122814124692288,6.64126946815915,6.208160840540788,59.583062442588805,0.08759062272358151,9790175232.0,,Basic Materials,0.0174483635376397,23.004645192511482,0.49959460772494596,0.13798492458446626,False
DEN.NS,DEN NETWORKS LTD,25.780000686645508,-7.829812944126003,-7.895673821166205,-5.498533585940491,16.579815719271267,-0.4031366597140894,12291025920.0,8.262821,Communication Services,0.010105785882879276,23.232135233118534,0.5216052106236488,0.13798064206807167,False
MAXIND.NS,MAX INDIA LIMITED,165.83999633789062,10.075661958581893,7.576538919512266,11.204982839106691,53.37326646092214,0.18530972793616823,9340221440.0,,Healthcare,0.01891049972622273,22.95759579779262,0.4950423840714719,0.13794347081253502,False
PASHUPATI.NS,PASHUPATI COTSPIN LIMITED,69.91000366210938,-14.628246332177564,-20.66052188106876,-29.87457272879983,87.15877300884151,-0.2760604740550811,11564936192.0,86.2,Consumer Cyclical,0.01200718161665027,23.17124361536427,0.5157136946053111,0.13793380986381548,False
EMKAY.NS,EMKAY GLOBAL FIN SERV LTD,285.6000061035156,6.866232405431472,12.412739670304251,32.88780107116314,41.376776038810036,0.5206053003509463,7975545856.0,41.45138,Financial Services,0.02392740802918743,22.799645929293806,0.4797600806169883,0.13788557617613767,False
RAJOOENG.NS,RAJOO ENGINEERS LIMITED,54.970001220703125,6.841832218344401,9.560129573927556,-11.268991348483182,35.81969159921434,-0.03903133432857579,10322071552.0,21.317343,Industrials,0.015553764264832218,23.057550308735724,0.5047133966680317,0.1378436723656321,False
JYOTIRES.NS,JYOTI RESINS & ADHESIVE L,849.5999755859375,-1.1127425952551673,-0.16394953490015407,-0.16394953490015407,21.251730677212947,-0.01664373374229585,10195200000.0,15.733333,Basic Materials,0.01588874196363053,23.045182858338034,0.5035167946592293,0.13779575513753023,False
ANDREWYU.NS,ANDREW YULE & CO. LTD.,24.950000762939453,-10.669529214735086,-20.414671581035027,-20.414671581035027,45.729785504705845,-0.40379903171579545,12199326720.0,,Consumer Defensive,0.010095875046386333,23.224646600359495,0.520880654412425,0.137792069887896,False
HITECHGEAR.NS,THE HI-TECH GEARS LIMITED,568.9000244140625,0.308560332305019,-14.141254848223639,-3.486298645753705,43.620164127309,-0.13580448008994195,10706723840.0,54.284355,Consumer Cyclical,0.014105782130807435,23.0941377774111,0.5082533856800054,0.13764268301810695,False
GEECEE.NS,GEECEE VENTURES LIMITED,369.6000061035156,1.4827000866256768,9.447705851111476,24.095790751906954,26.894972766851605,0.5643711663004798,7728974848.0,11.12248,Real Estate,0.024582261103110625,22.768242070957946,0.4767216273577896,0.13761710266678037,False
UGROCAP.NS,UGRO CAPITAL LIMITED,82.97000122070312,-3.9142991466652344,-11.290492565398424,-11.86530512148437,20.521678614084497,-0.49229209506617944,12591997952.0,5.718251,Financial Services,0.008771784838215856,23.256327366057914,0.5239458996049353,0.13756531352989573,False
SURAJEST.NS,SURAJ ESTATE DEVELOPERS L,208.39999389648438,16.91444257867285,2.806959199921888,-0.2632223306009651,57.44787328681108,0.07125355345885638,9682199552.0,10.3030615,Real Estate,0.017203917785344115,22.99355493897244,0.49852157979791056,0.13753333328848572,False
AGL.NS,ALLCARGO GLOBAL LIMITED,12.770000457763672,-6.446880478824168,-28.77858203896736,-38.89951822562912,58.974079788918424,-0.4980613504255279,12550127616.0,,Industrials,0.008685461523816601,23.252996671157764,0.5236236410892292,0.13742000641516974,False
ZUARIIND.NS,ZUARI INDUSTRIES LIMITED,283.95001220703125,3.0926896115252234,7.547076033666156,14.503715243373527,30.363543247385632,0.3337725861302596,8527842304.0,7.8581233,Industrials,0.021131896628638194,22.86660221275897,0.4862383781415395,0.13740851700686352,False
RMDRIP.NS,R M DRIP & SPRINK SYS LTD,23.360000610351562,10.693720663249406,20.627036880507376,-15.533115410215547,36.170731005383125,0.015490355768464933,9870668800.0,10.9241705,Industrials,0.01636955290698327,23.012833449089037,0.5003868554360119,0.13737387853924043,False
ANUHPHR.NS,ANUH PHARMA LIMITED,87.56999969482422,7.977806834074963,15.484726512998591,14.345260877716859,54.03855900829244,0.24822293572384865,8776615936.0,19.857143,Healthcare,0.019851847660652674,22.895356741709048,0.4890204978183857,0.13714401020008593,False
EXCELSOFT.NS,EXCELSOFT TECHNOLOGIES L,82.0999984741211,16.901601238519113,5.9081553526671104,-2.7135927622820244,47.63573641121532,0.07968745228402802,9448409088.0,18.616781,Technology,0.01733011121145362,22.969112213909177,0.49615664499156026,0.13703674465648027,False
PLATIND.NS,PLATINUM INDUSTRIES LTD,203.8300018310547,-11.967691223362277,-14.097267835606864,-3.912696394054671,29.552034013967344,-0.29030376684179415,11214011392.0,22.24074,Basic Materials,0.01179406429652407,23.140429850609564,0.5127323353421979,0.13702863205794252,False
BHARATWIRE.NS,BHARAT WIRE ROPES LTD.,165.27999877929688,-8.846243049307123,-20.591909645447583,-2.478166777272184,27.948018221089217,-0.3286782203709724,11368451072.0,18.34406,Basic Materials,0.011219881007595613,23.154107906141206,0.5140557438216636,0.1369288467111126,False
SUMMITSEC.NS,SUMMIT SECURITIES LTD,1314.800048828125,-8.325192191380925,-14.356429739038923,-20.55108892190355,18.676595875811476,-0.8699396789493236,14559246336.0,12.109624,Financial Services,0.0031211784626739895,23.40149211580654,0.5379911899089873,0.1368386813242523,False
SHALPAINTS.NS,SHALIM PAINTS LTD,75.16999816894531,-12.05101544945676,42.17892885867243,54.51181050623266,44.730125857102934,0.838347312944876,6545377280.0,,Basic Materials,0.028681668664670076,22.60202487880276,0.4606394261251444,0.13667110802978866,False
GANESHBE.NS,GANESH BENZOPLAST LIMITED,112.27999877929688,-8.885826729972745,17.53375925262759,35.80067533244571,56.1657271888419,0.38071794252285496,8082972672.0,11.116831,Basic Materials,0.0218343232863344,22.813025546893197,0.4810546139914202,0.13663939596260585,False
FINOPB.NS,FINO PAYMENTS BANK LTD,128.2899932861328,-7.923640565445833,-2.255243210565472,-3.9314065178593816,19.171066838080872,-0.22048873809002673,10676087808.0,51.111553,Financial Services,0.012838681721364913,23.091272293351828,0.5079761382384345,0.13662304585063229,False
UNITECH.NS,UNITECH LTD,4.0,-1.960782480441492,-13.97849638788169,-17.864474455920952,51.40475336507232,-0.2629706740181593,10883812352.0,,Real Estate,0.012203039635342337,23.110542417090343,0.5098406024597494,0.1366124303414441,False
WEL.NS,WONDER ELECTRICALS LTD,73.30000305175781,-3.5906823245700825,-29.075951491076047,-6.469311620695761,118.14734508453395,-0.1072861833112551,10114924544.0,83.86668,Consumer Cyclical,0.01453249125453668,23.037277847825,0.5027519521771224,0.1365873564851831,False
LAXMIDENTL.NS,LAXMI DENTAL LIMITED,190.52999877929688,-4.323591762951029,-11.232762150070307,0.1629679090549896,22.320905597462435,-0.18606158360214042,10486262784.0,33.781914,Healthcare,0.01335380297976335,23.073331931339673,0.5062403339673781,0.13657543572666703,False
MODIS.NS,MODIS NAVNIRMAN LTD,380.8500061035156,0.0,12.644187881768708,25.54804629657854,30.463000684229396,0.5438492315319701,7461308416.0,24.491962,Real Estate,0.024275198697867546,22.73299662680164,0.4733114847720187,0.13653427021640532,False
FAZE3Q.NS,FAZE THREE LIMITED,445.75,-9.758074909577896,-22.02396904349111,-2.7595973091005255,37.298091213329954,-0.2664641547579989,10818763776.0,35.603035,Consumer Cyclical,0.012150767926522194,23.104547850325304,0.509260603316653,0.1364282267740549,False
ALLTIME.NS,ALL TIME PLASTICS LIMITED,184.36000061035156,-10.539596771990167,-22.19455455379391,-15.415674925916534,32.361684786485725,-0.5090625933624143,12077014016.0,33.398552,Consumer Defensive,0.00852085384159907,23.214569814874896,0.5199056837139052,0.1363670613096756,False
AMBIKCO.NS,AMBIKA COTTON MILL LTD.,1532.699951171875,-4.304932749096924,-7.357047827942154,11.70331325957723,16.375636611287856,0.16998152789357063,8774707200.0,10.786825,Consumer Cyclical,0.018681149324994994,22.895139238334227,0.4889994534667318,0.13626072536042919,False
JINDALPHOT.NS,JINDAL PHOTO LIMITED,1024.800048828125,0.35253002135333666,-9.34984088207651,-9.63361362339289,30.682900343299114,-0.24610623465560857,10552843264.0,,Financial Services,0.012455376238696473,23.079661164350334,0.5068527134547581,0.1360547105427119,False
GULPOLY.NS,GULSHAN POLYOLS LIMITED,167.9199981689453,-9.725281905336447,-8.214187594008104,-1.6877664270771642,23.17484959052665,-0.22667658972548463,10441840640.0,7.0882225,Basic Materials,0.012746095099883852,23.069086710469914,0.5058295912793368,0.1360169691447471,False
VHLTD.NS,VICEROY HOTELS LIMITED,126.05000305175781,6.6322680213225516,-3.0384591909555336,-9.83547904137697,34.028102368176285,-0.1323266171254214,9980886016.0,41.663464,Consumer Cyclical,0.014157820156414562,23.023937702587656,0.5014612379170754,0.13598367459657978,False
CONTROLPR.NS,CONTROL PRINT LIMITED,622.6500244140625,4.938071969951796,-3.7542682723758047,-5.248807494498964,21.42084486943264,-0.12898976915638613,9958796288.0,25.560345,Industrials,0.01420774822483795,23.02172204672135,0.5012468640424949,0.13596752717925217,False
MICEL.NS,MIC ELECTRONICS LTD,34.599998474121094,-5.8247226635265825,-6.233070343221425,-10.269716696412933,37.25790183288217,-0.21927493449050586,10306820096.0,,Technology,0.012856843432576153,23.056071658400302,0.5045703311286694,0.1357852153565995,False
RBZJEWEL.NS,RBZ JEWELLERS LIMITED,187.02999877929688,-6.806519256532262,32.94712007153453,35.30348300664497,83.26887029828362,0.31433804228879486,8040000000.0,14.164906,Consumer Cyclical,0.02084110446678417,22.807694920261664,0.4805388538039639,0.1357655418010791,False
SAYAJIHOTL.NS,SAYAJI HOTELS LTD.,306.5,-4.023800174705605,0.3273322422258529,120.98053838773674,51.76092241611898,1.1549969753209546,5421813760.0,,Consumer Cyclical,0.033419584852660576,22.41369623866866,0.44241785079207513,0.13566915133751423,False
UNIENTER.NS,UNIPHOS ENTERPRISES LTD,86.16999816894531,-7.533001490020141,-16.532580487918793,-9.04617569070748,18.83986026280241,-0.5833091188498776,12114886656.0,29.93127,Basic Materials,0.007409929508475017,23.217700835578896,0.52020862292478,0.13560960286255125,False
GRPLTD.NS,GRP LIMITED,1853.0,-7.948335817188279,-2.201113042492242,-4.671953327503453,31.37805656196118,-0.14615238297933236,9882663936.0,174.31796,Consumer Cyclical,0.013950950143166888,23.014047941613764,0.5005043626139697,0.1355893032608676,False
TRANSPEK.NS,TRANSPEK INDUSTRIES LTD,1313.9000244140625,-7.893443784503152,32.62867689529341,13.823031985278833,43.56524461059601,0.34709848272725763,7853309952.0,20.143265,Basic Materials,0.02133128727612108,22.784200929935015,0.47826571300972986,0.1355648937095233,False
VIVIANA.NS,VIVIANA POWER TECH LTD,824.2000122070312,2.5632665077143013,7.878781245633593,10.975736736951536,47.97192142986908,0.1743552435305733,8503312896.0,14.4677,Industrials,0.018746591675265403,22.863721677097107,0.48595967439512655,0.1355498623552307,False
UYFINCORP.NS,U. Y. FINCORP LIMITED,23.979999542236328,21.5408013107246,55.81545813701369,75.03649544592663,35.1493969440298,1.6663456706757076,4253729280.0,6.858896,Financial Services,0.04107071336879233,22.171061913006433,0.418941975639498,0.13553852893646873,False
PATELRMART.NS,PATEL RETAIL LIMITED,222.89999389648438,2.097831815049389,-0.33980584511353884,22.830215681430598,31.18199591489972,0.37626624292541155,7732222464.0,17.780336,Consumer Cyclical,0.021767714089821984,22.768662169865138,0.4767622736656442,0.13551635398377754,False
REGAAL.NS,REGAAL RESOURCES LIMITED,85.94000244140625,-2.5981767781238285,5.301521059737713,9.515186768803986,55.83741664463406,0.10438187682800447,8765807616.0,14.161397,Consumer Defensive,0.01769960509602646,22.89412449220437,0.4889012725791303,0.13550002196680241,False
RIIL.NS,RELIANCE INDUSTRIAL INFRA,681.7000122070312,-9.2216524235049,-12.85394538740412,-3.6775697815392694,17.98159650124844,-0.41927862138098404,11113600000.0,89.32039,Industrials,0.009864259456122284,23.13143542060401,0.5118620870156155,0.1353637163459956,False
DWARKESH.NS,DWARIKESH SUGAR IND LTD,46.86000061035156,-0.9511746985353176,10.316136061322645,5.250094826520368,54.799911242487,0.10090624540212402,8683227136.0,60.076927,Consumer Defensive,0.0176476004601377,22.88465908649886,0.4879854554044394,0.13523206419621311,False
SUDARCOLOR.NS,SUDARSHAN COLORNT IND LTD,365.6499938964844,-4.642070085770744,1.0222355476360079,9.673065564006311,30.42831904737297,0.13851535546342242,8503334400.0,17.805702,Basic Materials,0.018210332187177127,22.863724205990618,0.4859599190760396,0.13514772890939275,False
DHARMAJ.NS,DHARMAJ CROP GUARD LTD,266.54998779296875,-1.2960563444584294,2.4601168735875367,-0.6226282231503788,33.387841278888516,0.005017086316098154,9008668672.0,14.974719,Basic Materials,0.01621284510408462,22.921453136605635,0.4915454320248404,0.13504599183427357,False
MUKKA.NS,MUKKA PROTEINS LIMITED,26.969999313354492,-13.943844345745948,18.810565669170987,20.887494213193026,58.54186671717241,0.22715619920726998,8090999808.0,11.675324,Consumer Defensive,0.019536633580773177,22.814018146165637,0.48115065207891144,0.13494013820530776,False
RAJRILTD.NS,RAJ RAYON INDUSTRIES LTD,19.6200008392334,-11.181526918482732,-12.449794855758988,-7.058264936228964,17.947088761411205,-0.5293547290208165,11492664320.0,47.465115,Consumer Cyclical,0.008217229838644485,23.164974783649903,0.5151071591933191,0.13493971217731313,False
20MICRONS.NS,20 MICRONS LTD,207.8699951171875,-6.57108634770821,8.742891544376196,31.224249119173344,39.194686945004484,0.43171093002141697,7335005184.0,10.832204,Basic Materials,0.02259731320753157,22.715923955425904,0.47165963316098275,0.13486289319589437,False
BCLIND.NS,BCL INDUSTRIES LIMITED,32.029998779296875,-11.601382124605985,-3.050090241713388,1.1927930099427497,22.84029484849658,-0.11553734353486257,9454081024.0,8.10886,Consumer Defensive,0.01440903208107733,22.969712339727103,0.4962147096480717,0.1348604514728259,False
SOFTTECH.NS,SOFTTECH ENGINEERS LTD,462.1499938964844,9.216589994691237,6.241377907237777,51.51961545511521,38.17283590003442,0.7721600557811438,6258030592.0,124.545456,Technology,0.027691332294810654,22.557131370803717,0.4562957934339732,0.1348424475796013,False
HEALTHX.NS,HEALTH X PLATFORM LIMITED,284.95001220703125,-5.111547189445775,-9.439053635966065,5.890005850619917,26.010527138331035,-0.034948257622755545,9064401920.0,,Healthcare,0.015614857888227075,22.927620702253,0.4921421695257597,0.13474668579761023,False
ZUARI.NS,ZUARI AGRO CHEMICALS LTD,218.27999877929688,-3.2275221041380586,-5.330272001787351,1.032166487405628,33.18860258361083,-0.05208121593111274,9132475392.0,0.97245735,Basic Materials,0.015358503531465048,22.93510262218716,0.49286607624339523,0.1347353967094476,False
GODAVARIB.NS,GODAVARI BIOREFINERIES L,228.57000732421875,-5.432349933721802,-12.290866473185691,-25.86116886981219,29.710841346406745,-0.595887344844627,11697293312.0,7619.0005,Basic Materials,0.0072217259900833036,23.182623311217487,0.5168147272741033,0.1346199763110883,False
LIKHITHA.NS,LIKHITHA INFRASTRUC LTD,226.66000366210938,10.673828263970787,-3.363887992748127,-4.536069302911816,39.051403826503524,-0.029254656286685964,8946884608.0,27.374397,Energy,0.015700049218404743,22.914571220256466,0.49087957813717376,0.134494931448097,False
SEJALLTD.NS,SEJAL GLASS LIMITED,651.2000122070312,-0.9581730483602668,-12.567129044040126,27.52374816223697,50.331755663758805,0.1947100916468966,8053369856.0,23.875565,Industrials,0.019051154022405623,22.80935645655814,0.4806996143169339,0.1344632690960377,False
ZSARACOM.NS,SARASWATI COMM (INDIA) L,9787.0,-13.404707131481153,-25.15295197308045,-25.15295197308045,48.85552932463826,-0.4667496866684022,10926402560.0,7.791071,Financial Services,0.009153966803356759,23.114447950557512,0.5102184789857901,0.13442009484896508,False
ARIES.NS,ARIES AGRO LTD.,499.0,0.32197553260819856,48.32526631677241,37.19172991693771,51.01472454367734,0.64996606873734,6489165312.0,13.589324,Basic Materials,0.025862987161120482,22.5933997481432,0.4598049090386363,0.13434846763049943,False
MAGADSUGAR.NS,MAGADH SUGAR & ENERGY LTD,552.4500122070312,0.07246162900242936,14.501308094321441,17.9724927602666,51.916820397021056,0.257163883147573,7784921088.0,15.2442045,Consumer Defensive,0.01998562787446046,22.77545450589327,0.4774194602865213,0.13434408597747569,False
APEX.NS,APEX FROZEN FOODS LIMITED,339.79998779296875,-8.823920295161614,-10.70433329024092,-16.082669216265234,31.34219864931801,-0.415332019284012,10618749952.0,20.656534,Consumer Defensive,0.00992331105852252,23.085887138958384,0.5074551022643496,0.1343062588599793,False
WCIL.NS,WESTERN CARRIERS (IND) L,89.2699966430664,7.064043635965689,-7.473058108417896,-4.411610208275363,32.78182190063965,-0.09257916837496197,9114796032.0,24.833334,Industrials,0.014752547084127059,22.933164867755906,0.492678590482754,0.1342340579337838,False
ARIHANTSUP.NS,ARIHANT SUPERSTRUCT LTD,220.25999450683594,-3.916791372175954,-15.204387085465177,-3.1912506371220895,36.3612614395183,-0.1908707081020581,9526243328.0,32.825634,Real Estate,0.013281845761659136,22.977316282668802,0.49695042259668043,0.13419898997041446,False
GAUDIUMIVF.NS,GAUDIUM IVF N WOMEN H L,109.27999877929688,-6.141030238888579,-3.7265468040930005,22.552429094200832,47.68964598582727,0.18725331826873778,7954150400.0,32.33136,Healthcare,0.018939580976555993,22.796959692404034,0.4795001760808827,0.13407972975263766,False
WEALTH.NS,WEALTH FRST PORT. MG. LTD,864.0,2.772117735905155,-12.605276931934883,0.7140451359170186,27.515573229899324,-0.10430954646504802,9056749568.0,28.239202,Financial Services,0.014577029612144856,22.926776125410402,0.4920604532209479,0.1339478855143456,False
SHRIRAMPPS.NS,SHRIRAM PROPERTIES LTD,67.5199966430664,-12.197665405319757,-25.54036566405642,-10.427170199976576,23.74522675412226,-0.6449813277510774,11577193472.0,12.680373,Real Estate,0.00648715019865504,23.17230291987281,0.5158161867004556,0.1338194093241052,False
GKWLIMITED.NS,GKW LIMITED,1545.4000244140625,-4.066049972519215,-11.076586529475529,-0.8087275729099841,28.830277801401174,-0.15749240333103304,9220629504.0,,Industrials,0.013781273455077916,22.94470914821458,0.49379554739325926,0.13378484193962326,False
SHREDIGCEM.NS,SHREE DIGVIJAY CEM CO LTD,65.12000274658203,-11.29836345788241,-11.059398012994393,-6.31456754582601,33.59683866506074,-0.2599880290883323,9644010496.0,54.33333,Basic Materials,0.012247667889767165,22.98960288571352,0.4981392022894952,0.13372055148969916,False
ADVANCE.NS,ADVANCE AGROLIFE LIMITED,117.76000213623047,0.2810200376369698,8.474580678459521,17.232459645476574,42.94859363365965,0.26112165928416226,7570286592.0,15.722297,Basic Materials,0.020044846670038138,22.74749676272801,0.4747144329318628,0.1337122432354943,False
VISAKAIND.NS,VISAKA INDUSTRIES LTD,81.56999969482422,-12.637895153312261,1.2214597152234274,35.13501249850064,38.49619970230298,0.40020483195469897,7085190144.0,8.249497,Industrials,0.02212589867662507,22.68127254741418,0.46830696603062527,0.13367116551512512,False
SREEL.NS,SREELEATHERS LIMITED,290.79998779296875,9.908665255033933,37.39617804124524,55.137666299157104,77.67583824848187,0.5248661685763122,6622333440.0,19.930313,Consumer Cyclical,0.023991161883805092,22.613713628322344,0.46177036101517943,0.13343596166664867,False
QMSMEDI.NS,QMS MEDICAL ALLIED S LTD,185.88999938964844,17.238048587079113,79.79289518819388,132.96665786048894,51.86701204259294,1.8097978562023977,3645108224.0,32.003395,Healthcare,0.043217137359613765,22.016651893324276,0.4040021672077283,0.13341339482164238,False
SANDESH.NS,SANDESH LTD,1013.9500122070312,-3.5527475398415054,2.8244582539083574,10.384345510287885,22.76045082413202,0.2341324767374083,7554281984.0,7.041061,Communication Services,0.01964101713827939,22.745380389769505,0.4745096650894953,0.1333581791260834,False
KALAMANDIR.NS,SAI SILKS (KALAMANDIR) L,77.36000061035156,-10.556130742191295,-21.347256532443293,-16.524291789780833,25.69770014610896,-0.6528813437395941,11398993920.0,8.3452,Consumer Cyclical,0.00636894507139701,23.156790935908518,0.5143153380553985,0.13335554331739738,False
GRMOVER.NS,GRM OVERSEAS LIMITED,79.04000091552734,-9.699529283870657,-18.11871758514999,-52.93837311596652,23.478421187333982,-1.4415240027774623,16402685952.0,17.295404,Consumer Defensive,-0.005431234321681245,23.520710935988426,0.5495261041499495,0.13330810029622644,False
SEKURITIND.NS,SAINT GOBAIN SEKUR IND L,108.72000122070312,-5.09776227509402,-10.636200930377226,-10.636200930377226,24.869038698016926,-0.38314762844843087,10027092992.0,22.553278,Consumer Cyclical,0.010404874642693998,23.028556565704694,0.5019081320388633,0.13328068899173634,False
RADHIKAJWE.NS,RADHIKA JEWELTECH LIMITED,67.81999969482422,-18.446372404712385,24.23520700724737,6.9884845367252035,79.58559836465575,0.08890465153112048,7997164544.0,10.04451,Consumer Cyclical,0.017468024882963767,22.802352883925426,0.48002198968035825,0.1331065160823124,False
PROZONER.NS,PROZONE REALTY LIMITED,50.540000915527344,1.5675293816410862,11.838907836691792,-4.749341109199767,47.99949205948048,0.031052571782588804,8200879104.0,244.27274,Real Estate,0.01660240480589593,22.82750719339709,0.48245577322312094,0.13306574691020218,False
SOLARWORLD.NS,SOLARWORLD ENERGY SOL LTD,130.38999938964844,-12.677475894752376,-35.54621976140625,-24.97698670878724,39.79467956644012,-0.6455097701749984,11215440896.0,8.998609,Technology,0.006479243302762813,23.14055731729787,0.5127446682718136,0.1330455995450255,False
VADILENT.NS,VADILAL ENTERPRISES LTD.,9860.0,-1.8417122946739695,-2.362284523565694,-2.362284523565694,44.944421882497416,-0.05024361162417129,8505906688.0,62.314354,Consumer Defensive,0.015385998950622131,22.86402666369652,0.48598918311081013,0.13303679499066912,False
UGARSUGAR.NS,THE UGAR SUGAR WORKS LTD,59.2599983215332,11.077788222016395,48.61947742177188,53.25906490644181,79.47837800349248,0.5464496686344156,6448499712.0,22.217054,Consumer Defensive,0.024314108112616566,22.587113338062245,0.4591966728469286,0.13303474929619458,False
GFSTEELS.NS,GRAND FOUNDRY LTD,39.83000183105469,165.53334554036456,192.65248226155217,222.2492147039609,48.69943679275248,4.148446767344063,1212027008.0,50.41772,Basic Materials,0.07820950858458155,20.9155600089987,0.2974669705186668,0.13302387406810284,False
SARLAPOLY.NS,SARLA PERF. FIBERS LTD,95.0999984741211,-5.08981899146711,-8.32579613482557,15.774788332786738,27.000499055313,0.16191150832192225,7681580032.0,210.04349,Consumer Cyclical,0.01856040049463464,22.762091096409307,0.4761264951143347,0.13295192414955964,False
ARMEE.NS,ARMEE INFOTECH LIMITED,271.04998779296875,-9.650004069010421,-9.650004069010421,-9.650004069010421,113.81371477714922,-0.08478770847450715,8600792064.0,18.914864,Technology,0.014869127925279514,22.875120136546272,0.4870625225194798,0.13291747657382957,False
RUPA.NS,RUPA & COMPANY LTD,128.39999389648438,-9.196167835361347,-22.406720577693495,-2.5314106846829665,20.72128716227918,-0.4742444330454744,10300212224.0,13.702646,Consumer Cyclical,0.009041825581040722,23.055430336338667,0.5045082805650879,0.1329084393270525,False
PARIN.NS,PARIN ENTERPRISES LIMITED,700.0499877929688,-2.268602579495882,-3.2612500276224865,9.64836313073205,24.292274093009766,0.1396364139500862,7738127872.0,124.06417,Consumer Cyclical,0.018227106186276924,22.769425618417735,0.476836140472648,0.13287936475786968,False
BOROSCI.NS,BOROSIL SCIENTIFIC LTD,113.2699966430664,-14.29328578662773,-27.316478885513064,-0.7448353339100211,25.726581773250306,-0.4441327880321341,10075539456.0,23.35464,Consumer Cyclical,0.009492375407259349,23.033376487464828,0.5023744794164542,0.13271290140955805,False
JPOLYINVST.NS,JIND POL INV & FIN CO LTD,923.9000244140625,-7.373801884089071,-13.863504993149334,-15.90970551799612,37.08885662991143,-0.3663813303545007,9711971328.0,1.2276926,Financial Services,0.010655742793178744,22.99662511913811,0.4988186324349125,0.13269646520361217,False
SATIA.NS,SATIA INDUSTRIES LIMITED,68.51000213623047,8.773598898714518,23.59928103901796,7.60179939802379,35.847505477951024,0.3524765146595613,6940000256.0,,Basic Materials,0.021411756853635833,22.660567648496823,0.46630368137292477,0.13263473798345807,False
SULA.NS,SULA VINEYARDS LIMITED,132.3300018310547,-11.187918234191486,-12.428031701040432,-18.39396902079865,21.77382733509995,-0.6963855014322756,11265260544.0,45.374146,Consumer Defensive,0.005718007844967113,23.14498953928042,0.5131735040914236,0.13258188190658124,False
ELECTHERM.NS,ELECTROTHERM (I) LTD.,735.25,-25.043329421956205,-33.81492629025702,9.087537091988128,35.34029934620714,-0.30020615052635985,9369153536.0,,Basic Materials,0.011645898454164591,22.960688591549356,0.49534162466699616,0.1325698300073725,False
SICALLOG.NS,SICAL LOGISTICS LIMITED,88.68000030517578,-17.376317159889165,-5.599320842589206,37.61638259683553,48.48051495225122,0.2816210105612246,7148724224.0,10.124293,Industrials,0.02035157116653719,22.690199747661858,0.4691707095999018,0.13255635577487834,False
JARO.NS,JARO INS OF TEC MG N RE L,413.8500061035156,-7.13564192269579,-19.149531225360306,-3.7271839869942203,33.85660532128381,-0.26687790047566595,9216600064.0,15.753712,Consumer Defensive,0.012144577196619825,22.94427204999992,0.49375325633205513,0.13254674698047866,False
UNIECOM.NS,UNICOMMERCE ESOLUTIONS L,81.54000091552734,-6.939056882524309,-7.35143854523288,-12.698073251171671,35.81240602514401,-0.27762110030815673,9254424576.0,45.49724,Technology,0.011983830521523985,22.9483676067548,0.4941495183975953,0.1325252524905418,False
MAWANASUG.NS,MAWANA SUGARS LIMITED,147.88999938964844,1.6915401483595494,36.39214144924159,61.39892112840306,57.12157777683225,0.7344932101110131,5784992768.0,19.958164,Consumer Defensive,0.027127736690407023,22.478532947634484,0.4486910707119334,0.1325185701957886,False
JYOTISTRUC.NS,JYOTI STRUCTURES LTD,8.9399995803833,-10.778451377650066,-20.95491380462494,-22.597407508661714,33.61922590445867,-0.587189848652734,10671319040.0,16.555553,Industrials,0.007351863529764661,23.090825516081612,0.5079329106885485,0.13249712531946062,False
PASUPTAC.NS,PASUPATI ACRYLON LIMITED,67.51000213623047,-0.19218990921200385,9.398805927412823,42.39612392640733,45.65209529553749,0.5252610116540222,6308841984.0,6.6026115,Consumer Cyclical,0.0239970697802341,22.565217976055347,0.4570782059585709,0.1322673538248183,False
GREENPOWER.NS,ORIENT GREEN POWER CO LTD,8.739999771118164,-5.8189652736135855,-13.806711289970497,-10.907243656777975,19.819076629264448,-0.5428824193389926,10252296192.0,15.890908,Utilities,0.008014819823539252,23.050767536271625,0.5040571353615536,0.13202539870804283,False
IFBAGRO.NS,IFB AGRO INDUSTRIES LTD,874.1500244140625,-3.2270523384073435,-5.045617250023371,0.12026673433593871,30.599031402511773,-0.06859570970862881,8188260352.0,13.72723,Consumer Defensive,0.0151114030393381,22.825967301137844,0.4823067822741784,0.13191024784804817,False
ARYAMAN.NS,ARYAMAN FINANCIAL SERV L,620.9000244140625,0.11286878317531279,3.500583288108916,3.500583288108916,31.226601499610567,0.0904049832981984,7604162560.0,19.494507,Financial Services,0.01749047381315764,22.75196163969758,0.47514642825660997,0.1319044624240207,False
PRECAM.NS,PRECISION CAMSHAFTS LTD.,108.91000366210938,-12.183513457466121,-25.65368273075971,-16.553405742694782,27.996912895070125,-0.6575550115260257,10698254336.0,26.13225,Consumer Cyclical,0.006299014643881427,23.093346419029736,0.5081768184815634,0.1317684656033019,False
ECORECO.NS,ECO RECYCLING LTD.,438.70001220703125,-4.275853563914933,-5.994899577336376,-5.994899577336376,36.88548769570122,-0.1532063347276138,8465484288.0,35.579887,Industrials,0.013845404373982415,22.859263061645184,0.4855282848981251,0.1317661245050181,False
AWHCL.NS,ANTONY WASTE HDG CELL LTD,355.20001220703125,-4.207113295442588,-21.167353926334055,-30.35278875016725,42.22419765660138,-0.529744185868398,10077621248.0,17.251093,Industrials,0.008211402534459683,23.03358308453789,0.5023944685382773,0.1317571690354141,False
CHEVIOT.NS,CHEVIOT COMPANY LIMITED,1152.9000244140625,-0.5606347993036276,5.852725446059304,12.471675338526445,23.50562299315127,0.3352188684886545,6735097856.0,9.865651,Consumer Cyclical,0.02115353683676861,22.630598176324565,0.4634040109112771,0.13171615535539571,False
HEXATRADEX.NS,HEXA TRADEX LIMITED,155.85000610351562,-1.1417620441841914,-1.5787811200750568,-5.01005720348362,16.259578942873755,-0.19723852368326528,8609887232.0,,Financial Services,0.013186566403715254,22.876177058087737,0.48716478405269775,0.13168112081596087,False
MADRASFERT.NS,MADRAS FERTILISERS LTD,58.97999954223633,-9.428751451746486,-11.891249789148794,-11.481311761256618,27.310203537037086,-0.4098754186189707,9501754368.0,13.37415,Basic Materials,0.010004956232019007,22.974742288924475,0.49670137804941605,0.13167906168636828,False
SALZERELEC.NS,SALZER ELECTRONICS LTD,524.9500122070312,-4.502455785043447,-11.73905579011565,-7.497078893954812,22.85669578593814,-0.35747718818089647,9248954368.0,21.158981,Industrials,0.010788972303129661,22.94777634089192,0.4940923109784015,0.13161480697194763,False
SHIVALIK.NS,SHIVALIK RASAYAN LIMITED,375.29998779296875,14.784660980618792,70.5336328783627,37.65750433501764,80.69479463359156,0.5322000560458922,6108331008.0,43.944637,Basic Materials,0.024100896231545384,22.532919415532525,0.45395318656004907,0.1315639688136713,False
KANPRPLA.NS,KANPUR PLASTIPACK LIMITED,250.89999389648438,0.2797749627418966,34.34947062099951,34.88082929775924,54.27598762629346,0.5122193449271777,6141770240.0,13.33865,Consumer Cyclical,0.023801931963127864,22.538378850417743,0.4544814094791237,0.13147180134212683,False
MAZDA.NS,MAZDA LIMITED,283.3999938964844,4.962960702401631,20.52821136241856,50.14433269048941,47.54698455248227,0.6777132597800174,5675084800.0,18.956522,Industrials,0.026278158504193728,22.459351343109724,0.446835171090887,0.13141741165086704,False
DIGITIDE.NS,DIGITIDE SOLUTIONS LTD,74.01000213623047,-23.708895468017065,-27.162679173637695,-16.495538271748835,27.73171707558782,-0.7622446141070344,11040798720.0,,Industrials,0.004732581384294523,23.124863223095044,0.5112261997075134,0.13135598596509923,False
KOTHARIPET.NS,KOTHARI PETROCHEM LTD,127.52999877929688,-2.3207711672459608,-2.2084232819090777,7.799093321253925,40.32064030981411,0.06877037222698462,7504681472.0,10.427637,Basic Materials,0.01716676282844975,22.738792859159133,0.47387229424037586,0.13134314568143127,False
IL&FSENGG.NS,IL&FS ENG AND CONS CO LTD,39.540000915527344,7.591839225924746,38.98066732931107,48.08988683779465,43.4489168619699,0.857501501829818,5184527872.0,48.814816,Industrials,0.028968265975100844,22.368944618165727,0.4380879463033554,0.13124818605716448,False
SRM.NS,SRM CONTRACTORS LIMITED,398.6499938964844,-13.777443790661358,-18.501482393793488,-7.419881967988296,25.26143315102723,-0.47566083792439906,9614285824.0,8.147609,Industrials,0.009020632419000855,22.986515936057383,0.4978405271348898,0.1312256060979731,False
DCMSIL.NS,DCM SHRIRAM INTERNATNL L,78.87000274658203,14.703316312179805,6.812035019170604,15.345770673262592,56.244347383993606,0.22503877622012305,6861073920.0,,Industrials,0.019504951334304486,22.649129814682535,0.4651970236157946,0.13092796940467702,False
DOLATALGO.NS,DOLAT ALGOTECH LIMITED,62.459999084472656,-11.916519730983966,-11.44193936551302,-21.02667596843829,19.982295007658184,-0.8171845993162701,10992959488.0,7.6356964,Financial Services,0.003910533941270118,23.120520858373062,0.5108060579497387,0.13063441494338726,False
ICEMAKE.NS,ICE MAKE REFRIGERAT LTD,631.2000122070312,-14.266273777730909,-15.371961517968725,-17.462292858235706,26.75963050063224,-0.6052396590104917,9960169472.0,83.27177,Industrials,0.0070817906421371665,23.021859923759603,0.5012602042165514,0.13062639403574072,False
PROSTARM.NS,PROSTARM INFO SYSTEMS LTD,132.0,-2.0262716648932866,-2.3307392073558364,-5.882352941176472,40.5320634470217,-0.09981363448129868,7839740928.0,21.136507,Industrials,0.014644300342856348,22.78247162599233,0.4780983956965322,0.1305078241812753,False
STANLEY.NS,STANLEY LIFESTYLES LTD,135.11000061035156,-0.2730994455680258,-12.713995432122239,1.9467304420270892,30.795776923283256,-0.09402111545539847,7810221056.0,168.79013,Consumer Cyclical,0.01473097174321761,22.77869910475084,0.4777333886537984,0.1304815759708628,False
PLASTIBLEN.NS,PLASTIBLENDS INDIA LTD,197.7899932861328,5.257830573932165,13.788970330111283,40.991912500024476,33.500539109125825,0.7666806011509464,5222269952.0,12.230067,Basic Materials,0.027609345165568313,22.37619800121465,0.4387897411315422,0.1304044441570618,False
ELDEHSG.NS,ELDECO HSG & IND LTD.,785.2000122070312,0.6668651617297794,-2.0454785474879,-2.7351272198086307,23.810239194928858,-0.07760670216705245,7720871936.0,20.73409,Real Estate,0.01497657476660835,22.76719313981252,0.4766201389284568,0.13038746580707045,False
GULFPETRO.NS,GP PETROLEUMS LIMITED,62.52000045776367,-5.143381908647293,65.89017907047409,94.15182710757159,36.12516498624502,1.821840562290473,3187543808.0,7.8444166,Energy,0.043397328084258016,21.882516491336506,0.3910240119446131,0.1303039990493468,False
ABINFRA.NS,A B INFRABUILD LIMITED,12.25,7.9855127704817175,20.39641318669123,-25.402583283630975,41.50682209228819,-0.12010712649855966,7825169920.0,40.833332,Industrials,0.014340656045186948,22.780611288280628,0.47791840032389754,0.1302350921148646,False
GFLLIMITED.NS,GFL LIMITED,55.86000061035156,-11.06511799233113,23.175308687668394,25.38720890455679,43.68830370892615,0.3990352561148261,6133428224.0,10.119565,Financial Services,0.022108398729638754,22.53701968424095,0.45434990452659507,0.13016877517887784,False
ATL.NS,ALLCARGO TERMINALS LTD,24.709999084472656,-2.370606061359659,6.877154790328199,0.8159887952801759,45.70008182262863,0.04369838177038193,7211843584.0,16.924656,Industrials,0.016791619559519314,22.698990453893664,0.4700212468082611,0.13009902637170476,False
STERTOOLS.NS,STERLING TOOLS LIMITED,218.77999877929688,-1.1431922675011696,-7.176939636252899,-8.310334123869211,33.19143079223175,-0.19694503219920495,8054650880.0,30.866295,Industrials,0.013190957812324162,22.80951551073662,0.4807150034669491,0.1300719692259804,False
VASCONEQ.NS,VASCON ENGINEERS LTD,32.310001373291016,6.0387335129675535,1.3806103623190236,-7.235143052782789,34.975349644915525,-0.05705852079552351,7472541696.0,25.735998,Industrials,0.015284029890430033,22.73450103216702,0.473457042217117,0.12982728297210178,False
UNIVASTU.NS,UNIVASTU INDIA LIMITED,127.7699966430664,-24.100035985145475,31.626658127906747,92.16423634852966,51.58419744575029,0.9838305319763179,4606306304.0,32.569973,Industrials,0.030858482286885102,22.250692137436438,0.42664652940363806,0.12980549406607333,False
MERCURYEV.NS,MERCURY EV-TECH LIMITED,36.970001220703125,0.6260194113467676,5.870570330043434,2.324938078480132,45.2336559352147,0.06740211370095121,7023304192.0,154.04167,Consumer Cyclical,0.017146290063150698,22.672499627011277,0.46745814967481913,0.12972425496606782,False
SUTLEJTEX.NS,SUTLEJ TEXT & INDUS LTD,36.970001220703125,-9.586691678791482,-1.9103142272221652,25.0676653878096,28.606566069461685,0.3510872316950471,6142657024.0,,Consumer Cyclical,0.021390969507147355,22.538523225728426,0.45449537838793097,0.12966707172734326,False
CHEMBONDCH.NS,CHEMBOND CHEMICAL LIMITED,222.94000244140625,-12.383570400767352,-5.495567560700776,45.44334918976129,46.24239795752473,0.4021480517337389,5996322816.0,15.6889515,Basic Materials,0.022154974382497774,22.514412254463327,0.45216254213451973,0.12965686632050327,False
ISTLTD.NS,I S T LTD.,637.2000122070312,-2.650672356505368,-2.299907960633163,-2.299907960633163,37.532622865165116,-0.06314668836917776,7432372224.0,4.5153065,Consumer Cyclical,0.015192934806083608,22.729110921299583,0.4729355266836608,0.1296285827754779,False
JAYAGROGN.NS,JAYANT AGRO ORGANICS LTD,219.16000366210938,-4.960972306423472,8.110205513617696,17.396825459100683,50.830040058394474,0.19947416745104454,6574799872.0,12.101601,Basic Materials,0.019122437192909934,22.60650997698047,0.4610733779354647,0.12961017237854863,False
3IINFOLTD.NS,3I INFOTECH LIMITED,22.809999465942383,1.9669137693428151,26.1615020032963,48.40598331671797,35.85604504020303,0.9048634609849838,4733120512.0,12.814607,Technology,0.029676926111645355,22.27785054983244,0.42927421819833195,0.129576249133317,False
PRIMO.NS,PRIMO CHEMICALS LIMITED,26.079999923706055,22.61400734566841,8.081230131619698,17.108214582968984,67.7524260978142,0.22879295536216063,6448753152.0,40.938465,Basic Materials,0.019561123780522195,22.587152639454978,0.4592004754193247,0.12947096169022282,False
MEIL.NS,MANGAL ELECTRICAL IND L,263.45001220703125,-7.59382442405967,-11.549435350533077,5.215868385006561,38.482225704769,-0.06173398897539425,7279156736.0,15.299072,Industrials,0.015214072524268261,22.708280859616195,0.4709201320103596,0.1291405873957911,False
ASALCBR.NS,ASSO ALCOHOLS & BREW LTD,598.7000122070312,-14.99610471429228,-26.732764600002657,-26.260362364680812,20.95185527725092,-1.1526058759229678,12021416960.0,14.030936,Consumer Defensive,-0.0011082552287743888,23.209955642716395,0.5194592434617694,0.12903361944386157,False
ASAHISONG.NS,ASAHI SONGWON COLOR LTD,369.95001220703125,-0.3217408557440127,41.88351679939926,59.812004209616546,41.065835686442064,1.032651795917238,4360697856.0,12.5152235,Basic Materials,0.03158897748150533,22.19589794044424,0.4213449640782715,0.1290279741306969,False
BESTAGRO.NS,BEST AGROLIFE LIMITED,17.889999389648438,-6.754710175976342,18.804598889169878,9.343567553301057,46.962472371203496,0.19083793836865479,6345065984.0,15.290598,Basic Materials,0.018993216371180295,22.570943337585874,0.45763215838111937,0.12865295187366507,False
PRIORITY.NS,PRIORITY JEWELS LIMITED,311.8500061035156,29.130437309944355,29.130437309944355,29.130437309944355,89.28060471836122,0.32627956991903284,5943600128.0,33.25277,Consumer Cyclical,0.021019781294177857,22.505580869050483,0.45130806904704396,0.1285918532323944,False
LOTUSCHO.NS,LOTUS CHOCOLATE CO. LTD.,579.6500244140625,-8.050443850659839,-6.023016231215584,-6.023016231215584,39.609699670531306,-0.16229614989292118,7443314176.0,,Consumer Defensive,0.01370939670514618,22.730582040504128,0.47307786355494313,0.1285515134175954,False
PRECOT.NS,PRECOT LIMITED,605.0999755859375,-13.315667048560831,-22.167538811587338,10.59172961334227,38.02641044257192,-0.10565105145748424,7237199872.0,14.150633,Consumer Cyclical,0.014556957150446206,22.702500210660993,0.4703608303006661,0.12850792543800119,False
TREL.NS,TRANSINDIA REAL ESTATE L,26.989999771118164,-1.6399444394358809,5.224172212540057,6.0927641687172684,53.48721342385385,0.08012466131283012,6631322112.0,16.259037,Real Estate,0.017336653014528833,22.615070034989397,0.46190159897372035,0.1284778895043267,False
DICIND.NS,DIC INDIA LIMITED,619.2000122070312,0.09699913429925822,24.250026010517,20.20967609301043,42.6719360128689,0.4077444639696029,5683622912.0,19.64467,Basic Materials,0.022238711506763126,22.460854703143813,0.4469806273958567,0.12842419047903653,False
SWASTIKAIN.NS,SWASTIKA INFRA LIMITED,200.1300048828125,-4.699997674851186,-4.699997674851186,-4.699997674851186,49.12028507819495,-0.09568343643107001,7169675264.0,18.021442,Industrials,0.01470609902615494,22.693126199737303,0.46945385594935446,0.1283930382569548,False
ROHLTD.NS,ROYAL ORCHID HOTELS LTD,295.1000061035156,-1.1555792431803824,-10.496668559504286,-11.177951773131989,22.765334700815806,-0.3939802520161482,8224822272.0,29.722496,Consumer Cyclical,0.010242789952077974,22.83042252521849,0.4827378436419736,0.12836655337455188,False
TVSELECT.NS,TVS ELECTRONICS LTD,391.70001220703125,-6.926456807348702,-20.450849499933778,-1.6693846603723417,38.75968278712646,-0.2155651940525057,7506382848.0,,Technology,0.012912350958283123,22.73901954208724,0.4738942267518001,0.12815781990666236,False
PPL.NS,PRAKASH PIPES LIMITED,253.10000610351562,-2.5540151090030827,-8.736917407799439,24.364795037393037,33.22750312958246,0.27238036029935725,5978164736.0,12.101695,Industrials,0.020213306605840257,22.511379457638235,0.4518691064904299,0.12812725657698767,False
BSHSL.NS,BOMBAY SUPER HYBRID SEEDS,80.0999984741211,-12.439882449949613,-9.29679460020969,-17.43970187011392,30.221722760867646,-0.46313924310001214,8405475840.0,29.340658,Basic Materials,0.009207988585348067,22.85214921624374,0.4848399909148099,0.12811598916771352,False
CIFL.NS,CAPITAL INDIA FINANCE LTD,20.68000030517578,3.503507402288464,-7.513417975480852,-18.87014322923779,28.48945714675776,-0.3857004178709067,8087044096.0,20.88889,Financial Services,0.01036667816322037,22.81352912387075,0.4811033371480572,0.12805084290942959,False
HTEL.NS,HY-TECH ENGINEERS LIMITED,73.80999755859375,0.21723832912430296,-6.273018973214284,-6.273018973214284,66.25083015602216,-0.07509290828439909,7001069568.0,30.374483,Industrials,0.015014187769699911,22.6693287699011,0.4671513561267834,0.12804847985897078,False
MAFATIND.NS,MAFATLAL INDUSTRIES LTD.,115.63999938964844,-4.948219703478318,-13.969835681177534,-16.259445363712455,29.164346844106515,-0.4563900366977871,8346770944.0,14.455,Consumer Cyclical,0.009308974558392347,22.8451405878427,0.48416187711172565,0.12802220019672567,False
COFFEEDAY.NS,COFFEE DAY ENTERPRISE LTD,30.030000686645508,-8.6122941909336,-5.655040029453351,18.321519620327887,47.3040618686415,0.12138046366851528,6343888896.0,3.6093752,Consumer Cyclical,0.01795394890034407,22.570757808042373,0.4576142076299697,0.12786901358275046,False
QUICKHEAL.NS,QUICK HEAL TECH LTD,137.91000366210938,-2.149850097069883,-18.713897981066008,-13.149436681692272,41.60600802153978,-0.30329412395786043,7720958976.0,,Technology,0.011599694206860469,22.767204413087107,0.4766212296644277,0.1278550780712523,False
DECCANCE.NS,DECCAN CEMENTS LIMITED,556.8499755859375,-2.177921000841143,-1.3205848234686512,-14.241991996108505,23.497870173390606,-0.33844580748132946,7800076288.0,132.58333,Basic Materials,0.01107373207839573,22.777399351235154,0.477607632122112,0.1277072070893248,False
KUANTUM.NS,KUANTUM PAPERS LIMITED,75.30999755859375,1.5233179411825004,3.7492226190860345,-0.8024613692612648,34.172073013607964,0.030088888341428414,6571824128.0,18.19082,Basic Materials,0.016587985553584997,22.60605727611211,0.4610295772529437,0.12769838347842466,False
VLSFINANCE.NS,VLS FINANCE LTD,231.16000366210938,-5.609537826181576,-8.382880924491376,0.6036897953805909,17.344766788643472,-0.1922728039724761,7248784896.0,14.761023,Financial Services,0.013260866700220319,22.70409969135268,0.4705155866770549,0.12757454669442897,False
RAMASTEEL.NS,RAMA STEEL TUBES LIMITED,4.389999866485596,9.203977296383115,-5.387931189518625,-11.313130593083343,40.21522633182194,-0.13507692706150828,7051336192.0,43.1,Basic Materials,0.014116668247802385,22.676482966733857,0.46784355427807295,0.12754838975537003,False
HALEOSLABS.NS,HALEOS LABS LIMITED,1587.800048828125,9.51487480888742,2.7533837360269153,25.326406329113315,22.479417687172152,0.6847238420789266,4800375296.0,30.37689,Healthcare,0.02638305535174442,22.291959938678822,0.43063935996107633,0.12744713150407738,False
UNIVPHOTO.NS,UNIVERSUS IMAGINGS LTD,488.20001220703125,-0.44860964862032393,40.267211414881075,31.289499581486126,52.17817422290629,0.5296312432645794,5132315136.0,,Healthcare,0.024062460000256927,22.35882268808887,0.43710860767870346,0.12732399691986857,False
BUTTERFLY.NS,BTRFLY GANDHI APPL LTD,543.25,-13.059130795263163,-24.28571428571429,-12.364901015532803,18.837119464281646,-0.8536332204172757,9713067008.0,20.195168,Consumer Cyclical,0.0033651661974722874,22.996737930241192,0.4988295473760057,0.12723126149210565,False
DHUNINV.NS,DHUNSERI INVESTMENTS LTD,966.9000244140625,-5.1268212479354975,0.49662493604649693,24.881595866986284,54.79410628374538,0.21105228187542344,5895361536.0,6.428002,Financial Services,0.019295676397859785,22.497431698486896,0.45051960306958716,0.12710165806579163,False
SEPC.NS,SEPC LIMITED,5.110000133514404,-5.018586899315924,-23.50299004745172,-27.207975108285165,24.0765453041648,-0.899572661846763,9833212928.0,38.923077,Industrials,0.002677790687317781,23.009031567040637,0.5000190076136997,0.12701309491891324,False
DENTA.NS,DENTA WATER N INFRA SOL L,263.20001220703125,-3.5397711449352,-18.713625344083628,2.85529059607208,26.73203461928926,-0.18309105923652017,7027440128.0,13.133733,Industrials,0.013398249878500218,22.673088341178254,0.46751511020687403,0.12692746496059368,False
MGEL.NS,MANGALAM GLOBAL ENT LTD,15.779999732971191,10.814606647511926,-5.732350647580842,32.46503170260957,36.56245673669778,0.4560889358766578,5200387072.0,10.958333,Consumer Defensive,0.022962072631892785,22.37199889687887,0.43838346040901727,0.1268174195761739,False
SCODATUBES.NS,SCODA TUBES LIMITED,124.62000274658203,-7.702563469700707,-17.30590227590868,-9.976154489543166,39.66021205266955,-0.29551936347753105,7365798912.0,19.735151,Basic Materials,0.011716025180533675,22.720113355248294,0.4720649749316751,0.12680326261831903,False
XCHANGING.NS,XCHANGING SOLUTIONS LTD,58.130001068115234,-5.325733512214049,-4.789624949336179,-3.765693838058881,28.37092606781555,-0.15455544509323688,6878065152.0,11.307693,Technology,0.013825218115791873,22.651603221578092,0.4654363359691608,0.1267279975791341,False
BBTCL.NS,B&B TRIPLEWALL CONT LTD,233.1199951171875,1.7006274480722894,10.99610926094412,31.922020541415797,31.735445530139287,0.6176049590787631,4781580288.0,4.0423098,Consumer Cyclical,0.025378779396102856,22.28803693320549,0.43025979294613126,0.12659903278360995,False
EIFFL.NS,EURO (I) FRESH FOODS LTD,259.5,-4.962456838944296,-14.918032786885249,8.6865496608856,35.042297229839306,-0.032093397473436626,6435599872.0,119.58525,Consumer Defensive,0.015657574144465624,22.585110894007173,0.4590029280974641,0.12649391263271526,False
GEMAROMA.NS,GEM AROMATICS LIMITED,152.22999572753906,-5.739940725982007,-25.238189088489293,-7.340676883216901,24.96241929370259,-0.49633744097796406,7952058880.0,,Basic Materials,0.008711255767262035,22.796696710825586,0.47947473152481573,0.12640212470665046,False
HIMATSEIDE.NS,HIMATSINGKA SEIDE LTD,65.36000061035156,-8.245984293291853,-20.149331567587193,-24.651705482155705,35.28254892509781,-0.5674150445293961,8218515968.0,14.990826,Consumer Cyclical,0.007647746885102109,22.82965549066427,0.48266362987447187,0.12640171763244454,False
CENTRUM.NS,CENTRUM CAPITAL LIMITED,19.799999237060547,-12.195122363819955,-17.842328117618667,-30.257133981200358,26.45542663147871,-0.8663738527849355,9395247104.0,,Financial Services,0.0031745326503305957,22.963469771222208,0.49561071531028644,0.12628357831531956,False
SUYOG.NS,SUYOG TELEMATICS LIMITED,664.25,-9.020267705861285,-26.198828791366836,-13.497977791152138,35.46076541754665,-0.46284085750653964,7784855040.0,13.46302,Communication Services,0.009212453222774072,22.775446021763575,0.47741863941186174,0.126263999770046,False
PVSL.NS,POPULAR VEHICLES N SER L,91.08000183105469,-11.254015133454198,-2.410800338430219,-4.458197753454273,29.750599630095863,-0.17489200451303252,6790172672.0,,Consumer Cyclical,0.013520929415908012,22.638742208679677,0.46419197974579934,0.12618869199838084,False
KAVDEFENCE.NS,KAVVERI DFS & WIR TEC LTD,85.55000305175781,27.420321461825647,38.36325492196497,39.696278097652126,86.97740026456671,0.42357186700561406,5143630848.0,,Technology,0.022475531304692056,22.361025057892927,0.43732169607177696,0.12618707249646327,False
HERANBA.NS,HERANBA INDUSTRIES LTD,169.0,-2.778577794498882,-5.964834825222676,-10.458834862055266,44.048369673980645,-0.17196058545151005,6762275840.0,,Basic Materials,0.013564791195899036,22.634625333212878,0.4637936550066533,0.1261220071485876,False
KOKUYOCMLN.NS,KOKUYO CAMLIN LIMITED,74.56999969482422,-7.492867968979667,-12.340072167133286,-7.382084616845363,22.413748355193384,-0.3967046212465242,7479654912.0,33.895454,Industrials,0.010202026185011861,22.735452493242892,0.47354910001383943,0.12603879464221876,False
GICHSGFIN.NS,GIC HOUSING FINANCE LTD,134.47999572753906,-4.250623959004541,-10.999344609285144,-5.232060069753775,20.60906883452071,-0.32830004419228725,7241890816.0,4.5991793,Financial Services,0.011225539523147025,22.70314817181609,0.4704235232240158,0.12602503544836421,False
ALBERTDAVD.NS,ALBERT DAVID LIMITED,839.0999755859375,-2.458590457897414,21.660455834657057,16.455776193162652,26.497818151221587,0.5371878799087294,4788879360.0,21.226915,Healthcare,0.024175527264609663,22.289562267135548,0.43040737531647516,0.12573348927757605,False
PYRAMID.NS,PYRAMID TECHNOPLAST LTD,157.8800048828125,2.965808043073026,-2.4317418413320913,5.181157217754007,20.681982243035122,0.11866452819336507,5775394816.0,18.167055,Consumer Cyclical,0.017913311324555443,22.476872457597466,0.4485304114288961,0.1255675863506406,False
LAXMIINDIA.NS,LAXMI INDIA FINANCE LTD,111.58999633789062,-15.844652185930752,0.8404054265359617,12.467239432573596,41.01645529781441,0.080865371785487,5846543360.0,10.135331,Financial Services,0.017347736001678358,22.489116445091163,0.44971506789078475,0.12543956897395495,False
MANCREDIT.NS,MANGAL CREDIT N FINCORP L,231.89999389648438,1.9132150298172945,2.0741517651513774,32.12493944845147,38.083779208577155,0.448152956822168,4896333312.0,27.154566,Financial Services,0.022843329402079504,22.31175245847481,0.43255436816289344,0.125271089092283,False
SHRJAGP.NS,SHRI JAGDAMBA POLYMERS L,685.0,9.658234519464525,-2.100910633619346,-2.100910633619346,33.43876023224936,0.007503818779379599,5999229952.0,13.672655,Consumer Cyclical,0.016250053196790525,22.514896956771366,0.45220943908876826,0.12523989966978497,False
INDOFARM.NS,INDO FARM EQUIPMENT LTD,134.32000732421875,0.21637584687248523,-12.306581621771107,-5.461707775076774,42.299823621876946,-0.15081748949054669,6454291456.0,25.88054,Industrials,0.01388114781496503,22.588011088682663,0.45928353393480453,0.1252317443449249,False
ZFSTEERING.NS,Z F STEERING GEAR (I) LTD,703.6500244140625,5.415733994616101,4.569772460147559,-16.207201617855016,40.51560050971628,-0.13944066484873488,6406657024.0,32.68981,Consumer Cyclical,0.014051375192546602,22.580603446876548,0.45856681393345794,0.12518023487777444,False
TUTIALKA.NS,TUTICORIN ALKAL CH & FE L,52.27000045776367,-13.402915955571547,-7.207529276259916,-7.207529276259916,37.26674355877459,-0.22665266146944588,6579134976.0,19.708029,Basic Materials,0.012746453129861796,22.607169111179683,0.46113715189707266,0.12484412782166451,False
BORANA.NS,BORANA WEAVES LIMITED,269.6000061035156,-12.353705866706644,-9.877983752590014,-19.594388333237767,35.81167718178653,-0.4253174289490806,7183571968.0,10.385209,Consumer Cyclical,0.009773902927969529,22.69506258501872,0.4696412092390829,0.12474072950574788,False
HINDCOMPOS.NS,HINDUSTAN COMPOSITES LTD.,401.45001220703125,2.2105383959068803,-7.806211802785523,2.993064669698242,25.472679925497193,-0.01582964682038494,5929015296.0,23.165033,Consumer Cyclical,0.015900922856472197,22.50312398169867,0.4510703550279015,0.12469328089932952,False
JITFINFRA.NS,JITF INFRALOGISTICS LTD,275.1000061035156,-9.655170409354474,-6.01298441049154,-15.184214297280441,28.118171723182,-0.4028368794659994,7071089664.0,,Industrials,0.010110271388025904,22.679280430155632,0.468114220441462,0.12461125865138493,False
JKIPL.NS,JINKUSHAL INDUSTRIES LTD,95.5199966430664,-5.011934206333546,-0.9128681212481671,73.64115534916478,35.59547338210231,0.9985632165750223,3666630656.0,43.027023,Industrials,0.03107892220249713,22.022539000210266,0.4045717691628027,0.12445213394257351,False
CORDSCABLE.NS,CORDS CABLE INDUS LTD.,314.3500061035156,-0.5081024986801186,55.42545870945348,99.31073601888036,85.55290839527028,0.773572592248955,4063847680.0,16.614695,Industrials,0.02771246757519198,22.125396066451298,0.41452361599669335,0.12441525468056733,False
SOUTHWEST.NS,SOUTH WEST PINNACLE LTD,195.5800018310547,-8.143902163728123,-10.48560716102237,-12.075166478847187,48.218094648238434,-0.22423212487195818,6392168960.0,14.955691,Energy,0.012782670757389975,22.57833947825878,0.4583477656002305,0.12417394446810011,False
AAREYDRUGS.NS,AAREY DRUGS & PHARM LTD,107.8499984741211,12.59003804502401,25.057979064990434,65.26202105998075,38.50685920283305,1.108021083533222,3437643520.0,73.36735,Healthcare,0.032716701304715885,21.958052050631164,0.3983323899110927,0.12412062345631009,False
AGASTYAEN.NS,AGASTYA ENE AND INFRA LTD,66.80000305175781,12.268912692029943,37.335534313296435,216.58768646479447,47.31664015655306,2.577281177588553,1730223616.0,,Basic Materials,0.0547007171149885,21.271516495484455,0.3319072337158972,0.12400234626521567,False
DCI.NS,DC INFOTECH AND COMUN LTD,343.04998779296875,-2.1038456403619454,21.844477400526753,-6.2107169329730265,85.53966541004063,0.035389612655749296,5626019840.0,25.71589,Technology,0.016667298404729202,22.450668073669785,0.44599502883676934,0.12399923101273924,False
GLOTTIS.NS,GLOTTIS LIMITED,58.34000015258789,-6.054747848504549,-11.952915376246242,21.389926103934553,48.00928551118564,0.12285412720619301,5390791168.0,14.807106,Industrials,0.017975998803313877,22.407957995696623,0.44186265203675057,0.12394766211167305,False
INTLCONV.NS,INTL CONVEYORS LIMITED,80.0199966430664,-0.7708147368152174,2.7477661401590137,10.43906039653637,28.56452687719267,0.2061892051658409,5103755264.0,3.7568076,Industrials,0.019222911912046423,22.353242432191944,0.436568694826727,0.12355935764071657,False
PRAVEG.NS,PRAVEG LTD.,232.4199981689453,-12.499721389326302,-7.933592941099388,-7.933592941099388,31.329168619810794,-0.2823828087435477,6388524544.0,,Communication Services,0.01191258277311573,22.57776917804822,0.45829258669466544,0.12350758375350315,False
ASAL.NS,AUTOMOTIVE STAMPINGS & AS,426.20001220703125,-10.036936737302115,-13.864182958436267,-3.4654558987471717,19.501908602602583,-0.4050562611551589,6761405952.0,22.670214,Consumer Cyclical,0.010077063569790778,22.63449668658921,0.46378120791340793,0.12350309965569507,False
AARTISURF.NS,AARTI SURFACTANTS LIMITED,505.45001220703125,-7.674033195367702,37.42413293808491,26.223309957723306,39.36219508254548,0.5793398506565084,4281618944.0,23.27118,Basic Materials,0.024806232199088354,22.177597033196097,0.4195742755635129,0.1234982430401945,False
ADSL.NS,ALLIED DIGITAL SERV. LTD,103.81999969482422,-0.2977024553638685,-9.870967053967961,-6.807641969291344,60.54657375758209,-0.10611090261731253,5881465856.0,13.861149,Technology,0.014550076561223823,22.495071863196173,0.45029127923900614,0.12348537723066941,False
CYBERTECH.NS,CYBERTECH SYSTEMS & SOFTW,143.10000610351562,10.39541495739722,5.46083751509121,16.09757631412867,21.753792465448075,0.540876834290784,4333152768.0,14.056974,Technology,0.024230723775960233,22.189561236179365,0.42073186171612637,0.12335600826100176,False
MANOMAY.NS,MANOMAY TEX INDIA LTD,240.13999938964844,2.200280096219265,39.90911223699947,6.6293646954817875,29.152820094056857,0.5394837270220499,4334223360.0,21.517921,Consumer Cyclical,0.024209879207768955,22.189808275649995,0.42075576380728524,0.12334635035764803,False
KELLTONTEC.NS,KELLTON TECH SOL LTD,12.40999984741211,-10.526316151358229,-17.486702932922647,-15.63562328191942,39.964084760690724,-0.37956795061272425,6595426816.0,7.4759035,Technology,0.010458436087978099,22.60964233929297,0.46137644695251434,0.12318793880411216,False
HMVL.NS,HINDUSTAN MEDIA VENT LTD,74.91000366210938,-11.117697262578996,-14.427686910359316,12.986425662198053,40.491874876020205,-0.0014480113529601573,5518736384.0,4.295298,Communication Services,0.016116110148887378,22.431414755269333,0.4441321906014611,0.12312013026203081,False
ECOSMOBLTY.NS,ECOS (INDIA) MOB & HOSP L,110.41999816894531,-2.747932641733275,-11.13066067334153,-11.28454580081969,22.973749052220537,-0.4148673169833751,6625200128.0,11.267346,Industrials,0.00993026423363808,22.614146416513382,0.4618122350637609,0.12290075694116878,False
INNOVISION.NS,INNOVISION LIMITED,256.5,0.627699545636462,-9.698992774838178,-18.764845605700707,50.43516257848925,-0.2412321107719075,6108109824.0,15.27695,Industrials,0.012528306019443975,22.532883204658503,0.4539496830081284,0.12288365026661507,False
GTPL.NS,GTPL HATHWAY LIMITED,54.68000030517578,-3.4092140410082017,-4.916420976074997,-13.441557096582846,33.6860285811764,-0.2635379717635447,6149478912.0,81.61194,Communication Services,0.012194551361105432,22.539633185581586,0.454602771597305,0.12279660642015533,False
WANBURY.NS,WANBURY LIMITED,190.4600067138672,-22.640126289722506,-31.698044631505585,-18.665922960610402,39.85558767282837,-0.5863770048747222,7141645312.0,12.545454,Healthcare,0.007364025821886658,22.689209022746006,0.4690748528641675,0.12279173258245688,False
GOODYEAR.NS,GOODYEAR INDIA LIMITED,685.9500122070312,-7.491569493320127,-7.876050693806491,-44.45584734572253,11.334218268964538,-2.3017955149851606,15822471168.0,29.351732,Consumer Cyclical,-0.018303170748744484,23.484696992460076,0.5460416060694905,0.12278302345581425,False
BAJAJINDEF.NS,INDEF MANUFACTURING LTD,207.2100067138672,-6.951365376904217,-12.730188598004833,-17.909272124686225,33.037222089779455,-0.4287275025183945,6630720000.0,27.372524,Industrials,0.009722879210953524,22.614979232683805,0.46189281347486794,0.12276536277693213,False
SAHYADRI.NS,SAHYADRI INDUSTRIES LTD,354.04998779296875,-9.71567173186616,31.03155167923315,49.50257880933731,43.91327871893491,0.7313874412999642,3851455744.0,8.785269,Industrials,0.027081266177172915,22.071717029362837,0.40932994700711456,0.12264343638465833,False
MAJESAUT.NS,MAJESTIC AUTO LTD.,369.1499938964844,4.000558163432522,13.582192461905729,23.07133113080311,22.218971225122903,0.7385776222332917,3838228992.0,3.971063,Real Estate,0.027188850295163013,22.068276897421153,0.40899710000473377,0.1226409127225557,False
ADVENTHTL.NS,ADVENT HOTELS INTERNATI L,122.20999908447266,-9.184816502214488,-13.036362238639077,-19.69906227478774,35.22056588257435,-0.4428493046076406,6592360448.0,63.651043,Consumer Cyclical,0.009511579712889408,22.609177307822048,0.46133145323316477,0.12246654809295825,False
SHREERAMA.NS,SHREE RAMA MULTI TECH LTD,43.09000015258789,-2.334539447489681,-3.124998659967504,-15.310536069168979,47.82473677071506,-0.1894349270612365,5853906944.0,24.0989,Consumer Cyclical,0.013303328842312601,22.490375129121194,0.4498368507797676,0.12243670932667636,False
SUMEETINDS.NS,SUMEET IND LIMITED,10.890000343322754,-5.304344840671704,-65.02889994614833,-63.17213237838185,54.38227692628732,-0.9590551938622439,8336994304.0,40.0,Consumer Cyclical,0.0017877747333323497,22.843968593275218,0.4840484817870097,0.12235295149675168,False
KAYA.NS,KAYA LIMITED,305.54998779296875,-11.460451350639367,27.904051477095358,18.310995213800286,50.171983215885085,0.30364800837240485,4640573952.0,,Consumer Defensive,0.020681153294366757,22.258103892302003,0.4273636473605084,0.12235177681090217,False
BIRLAMONEY.NS,ADITYA BIRLA MONEY LTD,116.44999694824219,-7.849968808050967,-16.120438368968138,-8.075468370926131,22.792812995209115,-0.45820844752689,6580496384.0,12.130207,Financial Services,0.009281766324412324,22.60737601788815,0.46115717097740244,0.12225061748765985,False
APTECHT.NS,APTECH LIMITED,88.19000244140625,-1.0546335027242115,-10.19347741131994,10.747867436434122,24.89883667188905,0.08454064830138085,5115268608.0,20.898106,Consumer Defensive,0.017402727855986143,22.355495748949686,0.436786712548414,0.1222487240290931,False
MEDICAMEQ.NS,MEDICAMEN BIOTECH LIMITED,311.95001220703125,15.76445246761602,24.494004526588363,32.03352408399609,58.26641082877322,0.4551139072384317,4230920192.0,42.09852,Healthcare,0.022947483625436436,22.165685346062578,0.41842177053670004,0.12181605535325234,False
INNOVANA.NS,INNOVANA THINKLABS LTD,294.8500061035156,-3.391220737073475,-4.316075955346788,-21.561582630748422,38.4585376579722,-0.3316261882468515,6091600896.0,20.970839,Technology,0.011175771613585853,22.530176757193754,0.453687823015252,0.12180378446400239,False
GLOSTERLTD.NS,GLOSTER LIMITED,551.5999755859375,-7.527246339323135,-14.074310289436609,-2.06951434794147,21.321626619308358,-0.31716621105376736,6036301824.0,47.145298,Consumer Cyclical,0.011392131105356662,22.521057380743663,0.4528054856030686,0.12174546972978464,False
SIGMA.NS,SIGMA SOLVE LIMITED,43.83000183105469,-5.007321360821515,17.258161978067086,5.607773768769531,27.171351154333166,0.2568834786955593,4623846400.0,18.288618,Technology,0.01998143228245379,22.25449274998795,0.4270142543968726,0.12173963781105848,False
TPLPLASTEH.NS,TPL PLASTECH LIMITED,67.86000061035156,-3.5779762808143434,-15.621909180444382,5.607880661634201,41.05004325567151,-0.06329415204834929,5347885568.0,17.761658,Consumer Cyclical,0.015190728359541255,22.39996709898636,0.4410894997096208,0.12166542119706114,False
WAAREEINDO.NS,INDOSOLAR LIMITED,208.0500030517578,-23.511028289794922,-44.67490764384813,-49.46563107043682,39.92539839338083,-1.0729384103618829,8541238272.0,5.1325,Technology,8.378070110997951e-05,22.86817183107427,0.4863902452094271,0.12166039682818926,False
STCINDIA.NS,THE STATE TRADING CORPN,105.86000061035156,-8.171407242100914,-10.749515162625556,-5.456819276359736,17.910005030208794,-0.4236484368466766,6312000000.0,0.9587168,Industrials,0.009798875462726937,22.565718420648412,0.4571266260440453,0.12163081310805653,False
BIRLAPREC.NS,BIRLA PRECISION TECH L,57.790000915527344,-0.22444277888059583,58.55605816711218,58.55605816711218,80.03128362439499,0.5847708028396957,3952121856.0,28.608912,Industrials,0.024887493603480332,22.0975184506178,0.4118263412929907,0.12162220552585792,False
SICAGEN.NS,SICAGEN INDIA LIMITED,52.369998931884766,-8.517515236717632,1.90364905161593,118.95683832171828,30.103429569730565,1.9381848400997461,2085427840.0,10.193423,Basic Materials,0.04513814610085181,21.45823987066702,0.34997349302149916,0.12134698283101364,False
AGARIND.NS,AGARWAL INDS CORP LTD.,396.5,-11.330876420026936,-21.050679735245815,-0.15726608907400408,26.584052488022724,-0.32575967312327897,5930763264.0,14.502561,Basic Materials,0.01126355019121798,22.503418754152225,0.4510988754827018,0.12122238151408893,False
SOLEX.NS,SOLEX ENERGY LIMITED,682.2000122070312,-5.868253376990773,-32.13344418991741,-38.22218372872504,37.920208747465104,-0.789151135618344,7346232320.0,9.2023,Technology,0.004329988680186277,22.71745340935429,0.47180761415821576,0.12119939504969365,False
MUNJALSHOW.NS,MUNJAL SHOWA LTD,124.81999969482422,-3.3975751032693235,-1.4021459325238572,4.161863254028608,22.839667783366956,0.04294164152749152,4992176128.0,20.099838,Consumer Cyclical,0.016780296724623514,22.331137749642735,0.43442997530962546,0.121192716370874,False
SILINV.NS,SIL INVESTMENTS LIMITED,445.75,-6.902670976520453,6.653488261376372,5.01747063410658,34.997104782209085,0.0892716017372118,4878333952.0,9.731558,Financial Services,0.017473515428283095,22.3080695954464,0.4321980359233268,0.12115464555204401,False
SALASAR.NS,SALASAR TECHNO ENGG. LTD.,4.039999961853027,-22.307690191551,-33.87888913957742,-43.417366422983285,45.87882075023964,-0.7919533980326496,7306432000.0,52.25,Basic Materials,0.004288059425134784,22.712020893190907,0.47128199573688195,0.12103654350307158,False
BLAL.NS,BEML LAND ASSETS LIMITED,157.52999877929688,-2.0823010951272813,-13.311689565766038,-7.552814306440547,14.392157576475512,-0.5688079912901767,6560258048.0,,Financial Services,0.00762690471853421,22.604295775866543,0.4608591448141974,0.12093496474245,False
HTMEDIA.NS,HT MEDIA LIMITED,22.989999771118164,-11.983158374994519,-4.486912909842234,-0.9478643775633344,36.134954619053325,-0.11669138043951469,5318047744.0,32.842857,Communication Services,0.014391764637647702,22.394372107726184,0.4405481611502676,0.12093086376580268,False
ROLLT.NS,ROLLATAINERS LIMITED,4.96999979019165,13.729975293942287,84.07406305252954,297.59998321533203,63.21293950678511,2.7963927474127845,1368211072.0,8.044117,Real Estate,0.057979205542407916,21.036769937373464,0.30919453271751257,0.12078303733618408,False
VARDHACRLC.NS,VARDHAMAN ACRYLICS LTD,44.470001220703125,2.018814097349786,3.4463591278433237,33.040931601413035,23.519695951723115,0.7635360760881892,3511895552.0,4.318182,Consumer Cyclical,0.02756229475633502,21.97942177224287,0.4003999989158471,0.12077172079621304,False
VISACHROME.NS,VISA CHROME LIMITED,34.119998931884766,-11.006784569400374,-17.083845281446774,2.7401381285721893,60.28212813316696,-0.09880940866538511,5223638016.0,0.42317235,Basic Materials,0.01465932621628982,22.37645993421497,0.4388150842333357,0.12069826572055128,False
FABTECH.NS,FABTECH TECHNOLOGIES LTD,141.0399932861328,-6.098537848350183,-9.690069529250344,-6.678743752843975,15.103299781760493,-0.49433570228071827,6269339648.0,11.4387665,Healthcare,0.008741207070878282,22.558936866906034,0.45647048265393736,0.12067352596664305,False
KNAGRI.NS,KN AGRI RESOURCES LIMITED,205.0,2.808428422732434,-0.5192445703829485,-7.016828201137793,51.237512743215504,-0.06055137380741717,5124776448.0,16.179953,Consumer Defensive,0.015231767574079704,22.357352741312198,0.4369663842446699,0.12066542174172724,False
SAURASHCEM.NS,SAURASHTRA CEMENT LIMITED,51.400001525878906,-10.779376876723767,-9.459219462011436,-12.30165331750439,35.42704925152123,-0.3145751087894305,5760967680.0,86.26666,Basic Materials,0.011430900846245758,22.474371297717372,0.4482884138594201,0.12064527909953934,False
VIRAT.NS,VIRAT INDUSTRIES LTD.,345.0,-18.507146562874468,0.5830903790087438,0.5830903790087438,92.54166978122981,-0.034956760743354194,5048312832.0,81.78824,Consumer Cyclical,0.015614730659060206,22.34231993193711,0.4355118977241873,0.12058902242534197,False
TVTODAY.NS,TV TODAY NETWORK LTD,101.48999786376953,-8.526362636031182,-19.656429616087202,-6.201478071836187,23.91107950607441,-0.44761427206930926,6083811840.0,39.215385,Communication Services,0.009440283200830997,22.528897284007883,0.4535640286894055,0.12047121957297462,False
AKSHARCHEM.NS,AKSHARCHEM INDIA LIMITED,374.20001220703125,-15.78230244983544,60.71486991069435,106.19869799275637,63.92184017733131,1.0662607535933215,3005985792.0,21.370646,Basic Materials,0.03209185635224255,21.823871402051786,0.385349856852986,0.12040635647742842,False
PTL.NS,PTL ENTERPRISES LTD,38.22999954223633,-1.3164742233709004,-4.483172460619588,2.138528449131427,9.275123405156107,-0.05811053230155496,5056801280.0,11.072464,Real Estate,0.015268289016724444,22.34399996244459,0.4356744476286105,0.12036982866969596,False
ALMONDZ.NS,ALMONDZ GLOBAL SEC LTD,19.850000381469727,10.955847169874078,47.80342464936316,45.95588106391342,71.26096503252384,0.5544429175517537,3795683072.0,10.447369,Financial Services,0.024433708251002675,22.057130224482606,0.4079186132673039,0.12030493450507798,False
MOMSBELIEF.NS,RAYS OF BELIEF LIMITED,232.63999938964844,1.231452878951944,1.231452878951944,1.231452878951944,77.98214701366571,0.015791471844451153,4862567424.0,58.747475,Healthcare,0.016374058399647225,22.304832412118746,0.4318848250392582,0.12025175005954997,False
SNOWMAN.NS,SNOWMAN LOGISTICS LTD.,34.2400016784668,-7.082759575925735,-4.730097421258184,-6.652122700131724,18.858545128400394,-0.32672947193696766,5663498752.0,109.25806,Industrials,0.011249039436764648,22.45730769242315,0.44663743942929074,0.12009613943489617,False
MAANALU.NS,MAAN ALUMINIUM LIMITED,105.02999877929688,-10.916032722660384,-12.328884721379996,-22.85147697210659,31.070999471024358,-0.5570342358179614,6300210176.0,43.762497,Basic Materials,0.007803071230845213,22.56384883121599,0.45694573552914236,0.1200887373054195,False
KSOLVES.NS,KSOLVES INDIA LIMITED,248.9600067138672,-8.487403828399776,-11.150999882157953,-17.519971116546472,32.080839215806925,-0.4302495391507528,5905431040.0,15.907988,Technology,0.009700105518586214,22.49913827986731,0.45068472188084757,0.11994625960915155,False
IVP.NS,IVP LIMITED,228.9199981689453,12.579916539660175,42.14459873300163,72.61098474258212,33.49168954366476,1.5366455380069637,2363888128.0,7.5055737,Basic Materials,0.03913005644989779,21.58357361261247,0.36210005124975553,0.11987255514986223,False
SUPREMEINF.NS,SUPREME INFRA. LTD.,61.59000015258789,-26.168782660659485,-23.90659958631226,-11.495899707278568,50.04719816130952,-0.36273132019878745,5690260992.0,0.059523687,Industrials,0.010710356595932604,22.46202195274976,0.4470935636259073,0.11980615835342628,False
SCHAND.NS,S CHAND AND COMPANY LTD,140.5,2.9983111414773056,-6.214536886934008,-6.34151739873805,31.837714012065387,-0.13931457312964013,5121875456.0,7.177954,Communication Services,0.014053261858057588,22.3567865091216,0.43691159893687165,0.1197678461277611,False
UNIDT.NS,UNITED DRILLING TOOLS LTD,226.1300048828125,0.5759156760636541,-1.8335169084762404,12.067923510127487,66.32066454788144,0.08442451317125765,4615712768.0,22.917337,Energy,0.017400990167371934,22.252732139129492,0.4268439080100099,0.11976171962803142,False
SONA.NS,SONASELECTION INDIA LTD,92.5999984741211,-13.796313486727108,-13.796313486727108,-13.796313486727108,43.974961596671214,-0.3137311093742427,5521474560.0,16.22037,Consumer Cyclical,0.011443529309077098,22.43191079217833,0.44418018422526045,0.11962769303812294,False
MALLCOM.NS,MALLCOM (INDIA) LIMITED,903.2999877929688,-11.004397503953934,-8.325706025639157,-16.541511832649782,35.978058062058466,-0.3604793566700057,5636592128.0,21.065763,Industrials,0.010744051924636625,22.452545487387578,0.44617667638366254,0.1196022080393931,False
KDGREEN.NS,KD GREEN INDUSTRIES LTD,49.189998626708984,-2.4781919786534212,-7.3634650843119935,-7.3634650843119935,56.508476061085744,-0.11301685885429902,4993300992.0,102.479164,Consumer Cyclical,0.014446745196196464,22.331363049644132,0.434451774017167,0.1194480024014391,False
CEWATER.NS,CONCORD ENVIRO SYSTEMS L,260.6499938964844,-0.7236693905248281,-15.455723575468493,-16.525222130829665,43.48303648295684,-0.2999804767767997,5394472960.0,,Utilities,0.011649275130151616,22.408640740615738,0.441928710433222,0.11921913395591921,False
CSM.NS,CSM TECHNOLOGIES LIMITED,92.86000061035156,-1.13273756893848,-7.13602472762086,-13.096277818967794,60.73419557719203,-0.14679528981460913,4791898624.0,35.715385,Technology,0.01394133055703068,22.290192542485705,0.43046835706500425,0.11807308718402407,False
UCAL.NS,UCAL LIMITED,137.42999267578125,-5.8827635565956164,18.956110211964173,42.68064068854651,36.064771951861054,0.7167825913423704,3206475520.0,,Consumer Cyclical,0.02686273900579361,21.88843820234348,0.3915969619916022,0.11804629475224576,False
AUTOIND.NS,AUTOLINE INDUSTRIES LTD,85.81999969482422,-0.7287417879206504,-6.747798725245291,33.67601834001954,50.100825252588734,0.29276805562801356,3894116864.0,9.763368,Consumer Cyclical,0.020518360434126783,22.082732755002322,0.41039576405143335,0.11798771133845343,False
VTMLTD.NS,V T M LTD.,35.91999816894531,-35.9942999775482,56.51414803850601,56.51414803850601,79.75455158575878,0.4766180447261918,3561148160.0,41.65882,Consumer Cyclical,0.023269242380356648,21.99334884694771,0.40174750103088847,0.1178888070429896,False
CHEMFAB.NS,CHEMFAB ALKALIS LIMITED,338.5,-5.9983353894491165,-8.703040307822763,-7.610410334403472,37.31323570010014,-0.2041040985682688,4865498112.0,,Basic Materials,0.01308383925048404,22.305434934393542,0.43194312156288966,0.11779865982858545,False
DPSCLTD.NS,DPSC LIMITED,6.559999942779541,-7.475320146712505,-11.709285405913894,-26.703909691835324,23.03210537253592,-0.7971396535086149,6388060160.0,82.0,Utilities,0.004210459330474185,22.57769648506948,0.45828555334813165,0.11772923283488855,False
LINC.NS,LINC LIMITED,88.25,-5.732261492622948,-12.454494456686893,-10.18205770923677,25.971438365407877,-0.3840306936195513,5251369472.0,16.619585,Industrials,0.010391661652861935,22.381754731533977,0.43932737778652503,0.1176255906862777,False
DPWIRES.NS,D P WIRES LIMITED,221.5399932861328,43.280300273083185,21.94638383829899,44.92999633753128,71.49659723008793,0.5273673829959171,3433968384.0,18.339403,Industrials,0.02402858666486867,21.95698239291455,0.3982288961002205,0.11757866402370662,False
PENINLAND.NS,PENINSULA LAND LIMITED,14.5,-12.386702909749792,-11.74680626492619,-15.94202898550725,54.907904717333956,-0.25446968020100036,4876404736.0,,Real Estate,0.01233023697993476,22.30767405106813,0.43215976536776435,0.11728761907689216,False
HAZOOR.NS,HAZOOR MULTI PROJECTS LTD,18.0,-5.906948302873416,-14.772730659354682,-14.772730659354682,33.33970171506688,-0.38991273223640593,5187096064.0,16.216215,Real Estate,0.010303650802725349,22.369439852483485,0.43813586227313095,0.11726170367032675,False
RUSHIL.NS,RUSHIL DECOR LIMITED,15.460000038146973,-3.133399313346563,-4.151161403302561,-4.798392159575682,41.11720445407395,-0.10387925006221684,4539158528.0,19.58228,Consumer Cyclical,0.014583467984058185,22.236007485785727,0.42522572858384355,0.11724403313400453,False
MCLEODRUSS.NS,MCLEOD RUSSEL INDIA LTD.,42.599998474121094,-7.991362470645158,-17.792360623313584,8.452137978614394,43.744692101497535,-0.061948354453298174,4449814016.0,,Consumer Defensive,0.015210865049924895,22.216128138318584,0.423302319445505,0.11723372864881992,False
GOACARBON.NS,GOA CARBON LIMITED,414.6499938964844,9.565327129557577,8.249577629694338,27.15424291186914,66.98455962166253,0.26819703334552286,3794483712.0,,Basic Materials,0.020150712973668026,22.05681419453391,0.40788803606187424,0.11708504374571958,False
MARKOLINES.NS,MARKOLINES PAVEMENT TEC L,170.41000366210938,-0.8610132833755668,3.59900174554455,12.133975319659429,24.417594786098682,0.28563360100082485,3755993344.0,14.037067,Industrials,0.020411610129019892,22.04661862645912,0.4069015726561707,0.1170341007608076,False
DEVX.NS,DEV ACCELERATOR LIMITED,39.619998931884766,19.01471265326684,14.409464943285698,9.266411378613348,45.91142451833446,0.277904417833357,3749317888.0,31.696,Real Estate,0.020295961112455973,22.044839764116933,0.4067294603627231,0.11690433592502275,False
GANESHCP.NS,GANESH CONSUMER PRODUCT L,145.47000122070312,-16.6169920769926,-22.610675570267535,-24.458550870572882,32.16926387834408,-0.6943235196658358,5878871040.0,12.896277,Consumer Defensive,0.005748860544184438,22.494630580592688,0.4502485833208661,0.11687379123835485,False
THOMASCOTT.NS,THOMAS SCOTT (INDIA) LTD,278.8500061035156,6.127499944249526,-14.54182760177094,9.468853602060868,56.19300814495381,0.02842664171314838,4203548928.0,19.490358,Consumer Cyclical,0.016563113948955883,22.159194988533734,0.4177938015853703,0.11687078585805948,False
RAMANEWS.NS,SHREE RAMA NEWSPRINT LTD,29.360000610351562,-7.527557132750983,2.2284168255515047,-3.421049411937427,32.77183573236834,-0.07773476913469266,4408078336.0,,Consumer Defensive,0.014974658546156457,22.206704680190835,0.4223905608725628,0.11682863412775805,False
CPCAP.NS,CP CAPITAL LIMITED,154.52999877929688,20.416112034919355,37.15274810565252,83.9642842610677,65.03182670478893,0.8797413799868045,2812292352.0,6.2310486,Financial Services,0.029301033355770827,21.757265771706933,0.37890548646900657,0.11670214663407977,False
SARVESHWAR.NS,SARVESHWAR FOODS LIMITED,3.4600000381469727,2.976194826586309,-4.155120811848967,-12.405063382824,49.67428261255124,-0.1379753991209063,4507752960.0,13.071429,Consumer Defensive,0.014073299442076801,22.229064631489262,0.42455397869758366,0.11669346925595352,False
SPELS.NS,SPEL SEMICONDUCTOR LTD,118.6500015258789,-20.571697919705557,-20.2995866074423,-20.2995866074423,35.83140312198326,-0.5680494509253345,5471834624.0,,Technology,0.007638254488014025,22.42287979477049,0.44330639785117265,0.11655529032880368,False
KHAICHEM.NS,KHAITAN CHEM & FERT LTD,48.72999954223633,-11.173899015521627,-5.835957912961998,-7.514276730484104,30.542179148369552,-0.25350861522907414,4726283776.0,8.108152,Basic Materials,0.012344617053022575,22.27640505982465,0.4291343610579024,0.11654205305424253,False
GEEKAYWIRE.NS,GEEKAY WIRES LIMITED,32.720001220703125,10.503210220348036,41.29039436884439,34.90212015845984,72.00629831503578,0.4435559274797504,3419894528.0,11.9416065,Industrials,0.022774545688322566,21.952875548071695,0.39783154186545283,0.11653879473260513,False
CCCL.NS,CONS. CONST. CONSORT LTD,13.100000381469727,-8.19901919244439,-15.374672035828585,-19.13580392268598,22.116916276726215,-0.7152944475588018,5852549120.0,,Industrials,0.005435080014637374,22.49014315045943,0.44981440588419586,0.11652991148202699,False
VRAJ.NS,VRAJ IRON AND STEEL LTD,122.18000030517578,0.3861648379250404,7.7045113502037355,1.2177957351109159,23.853000092791785,0.12566487353436692,3961212672.0,11.028466,Basic Materials,0.018018055000148768,22.099816045889348,0.41204864314413553,0.11652570203614546,False
CALSOFT.NS,CALIFORNIA SOFTWARE CO LT,33.439998626708984,-18.399221570893843,64.08243377695568,187.77968120522112,72.12736356199335,1.517242846758738,2067542400.0,14.109705,Technology,0.03883974088705861,21.449626492995236,0.34914011308519843,0.11641483393659358,False
SIKKO.NS,SIKKO INDUSTRIES LIMITED,6.210000038146973,14.78743462659331,64.28571653834638,25.708501340404677,35.72706565637444,0.9823771393265944,2642640128.0,43.214287,Basic Materials,0.030836735689996415,21.69504430325254,0.37288530189183017,0.11634887724045485,False
TRACXN.NS,TRACXN TECHNOLOGIES LTD,34.34000015258789,14.619496668760767,15.467385396340827,8.055378888075793,46.71480051095705,0.24813986722955778,3698506752.0,,Technology,0.01985060473634049,22.031194994865885,0.4054092724686605,0.11624027166942048,False
THEINVEST.NS,THE INVEST TRUST OF IND L,90.0999984741211,-5.1578963430304325,-5.53575060949969,-12.234565302888289,26.62104133155957,-0.3309257137182436,4827181056.0,14.4827585,Financial Services,0.011186252564626391,22.297528502140292,0.4311781415215331,0.11618422480385307,False
REMSONSIND.NS,REMSONS INDUSTRIES LTD,108.66999816894531,9.492907472396727,29.1631478438779,15.286107741354193,66.26108531848722,0.27603803393996923,3640069376.0,21.183674,Consumer Cyclical,0.020268035074590872,22.015268578028813,0.40386832572802706,0.11616810773794992,False
ZEEMEDIA.NS,ZEE MEDIA CORPORATION LTD,7.21999979019165,-12.165455527395219,-11.843709888764774,-6.111836977003737,31.737477273359982,-0.28490363246089756,4719086080.0,,Communication Services,0.011874864585109841,22.274880990888985,0.4289869010810011,0.11615287370908266,False
DSKULKARNI.NS,DS KULKARNI DEVELOPERS L,27.1200008392334,39.64984929294035,100.14760485226671,100.14760485226671,15.003902946188678,5.868343327087385,271200000.0,,Real Estate,0.1039437086179262,19.418367117717832,0.15260736213841913,0.11610962199804943,False
CSLFINANCE.NS,CSL FINANCE LIMITED,207.47999572753906,-14.024601869119879,1.1165769086044275,-10.450000075736854,29.025063194408034,-0.26511388751527226,4665702912.0,5.470076,Financial Services,0.01217097149465305,22.263504337922793,0.4278861628241219,0.11609976932702026,False
PONNIERODE.NS,PONNIE SUGARS (ERODE) LTD,374.54998779296875,-2.065635811716482,19.359465380247286,36.01308925733824,44.50814653775083,0.5257746929548235,3199471360.0,6.361771,Consumer Defensive,0.024004755810695246,21.88625143341762,0.39138538304805864,0.11584991262003609,False
IRIS.NS,IRIS REGTECH SOLUTION LTD,221.57000732421875,-16.67794970819977,-12.921984680043664,-5.982938411455607,37.78263192582036,-0.2700620372647385,4557306880.0,35.91086,Technology,0.012096934091225305,22.2399976897301,0.42561179732896337,0.11547564990065982,False
GUJAPOLLO.NS,GUJ. APOLLO IND. LTD.,346.70001220703125,-2.0390632551700927,0.5890578447915074,-19.78561137079624,41.013840244134855,-0.24684108882478045,4496699392.0,77.04445,Industrials,0.012444380877331466,22.226609496381045,0.42431643421526066,0.11541239421181376,False
AZADIND.NS,AZAD INDIA MOBILITY LTD.,80.94000244140625,-9.655089016703089,-10.986470724998886,-10.986470724998886,52.617671339506224,-0.20373752981134097,4406628864.0,144.53572,Basic Materials,0.013089324088315313,22.20637580437458,0.4223587407762841,0.11540667826030751,False
KALYANIFRG.NS,KALYANI FORGE LIMITED,905.0,-16.285096977606727,45.00500365604771,58.25258220051212,93.46317526075488,0.42124368973434123,3292389888.0,26.570757,Consumer Cyclical,0.02244069561688711,21.91487954804602,0.3941552716161155,0.11536933961669421,False
MANAKSIA.NS,MANAKSIA LTD.,59.04999923706055,-6.344171369392837,4.772886085127048,6.473134172108197,49.26765194794548,0.06900265190710818,3869785600.0,5.9949236,Industrials,0.017170238346624442,22.076464942195052,0.40978932722291955,0.11532501056569822,False
DHABRIYA.NS,DHABRIYA POLYWOOD LTD.,454.3500061035156,-9.627499833982778,-18.46960776410822,-18.46960776410822,35.968485356042336,-0.4643283144202005,4917996032.0,15.155104,Industrials,0.009190196934429126,22.316166974111376,0.4329814908202514,0.1151380204058847,False
LORDSCHLO.NS,LORDS CHLORO ALKALI LTD,139.2100067138672,-5.040927068195544,3.9346006991200166,-1.7641661714460688,46.14405532361114,-0.015384176458533244,3988903936.0,11.757602,Basic Materials,0.015907588270933245,22.10678232760427,0.4127226597300859,0.1151113561357214,False
VAKRANGEE.NS,VAKRANGEE LIMITED,5.210000038146973,-10.01726990548083,-14.168041337616955,-18.59375061700119,20.581399818653885,-0.7555725959918388,5613070336.0,64.75,Technology,0.004832412416474834,22.448363703916506,0.44577207152648063,0.11506732719397628,False
RKSWAMY.NS,R K SWAMY LIMITED,86.06999969482422,-8.679045416632125,-17.433930630363857,-0.28271022440654603,28.97938919970332,-0.24525511339853787,4416758272.0,19.444445,Communication Services,0.012468111263112916,22.208671841552043,0.422580891875378,0.1149963064161792,False
AVONMORE.NS,AVONMORE CAP&MGT SERV LTD,12.550000190734863,-3.6098329531820683,24.75148774609133,5.5508816514269865,52.0585183836359,0.18208202716929425,3541418496.0,23.24074,Financial Services,0.018862204788534783,21.98779318919837,0.4012099681514906,0.11444914562927375,False
MBLINFRA.NS,MBL INFRASTRUCTURE LTD,25.049999237060547,3.0864198499897633,-2.7562150058727197,-2.148441938334078,42.02656429364701,-0.030547381697209594,3904775424.0,,Industrials,0.015680706628227365,22.085466108981247,0.4106602273609091,0.1144255868113978,False
MUFTI.NS,CREDO BRANDS MARKETING L,69.61000061035156,-7.470427350531361,-15.199984385659349,-7.455936467409529,26.956358915812835,-0.3628846555165773,4552083456.0,10.483434,Consumer Cyclical,0.01070806229415159,22.238850867741213,0.4255008375554035,0.11440625610946457,False
QUINT.NS,QUINT DIGITAL LTD.,65.30999755859375,60.54571550798207,74.81262444224348,74.81262444224348,105.65722260821389,0.6810631670826822,2782912000.0,8.643695,Communication Services,0.026328281974777802,21.7467636987962,0.37788936745195195,0.11421855334407134,False
MUTHOOTCAP.NS,MUTHOOT CAP SERV LTD,216.4199981689453,-10.466656844278921,-0.642736712973091,11.619990123379065,24.67939386435606,0.14278481465820964,3559575040.0,14.853809,Financial Services,0.018274214585412316,21.992907004179507,0.4017047509144937,0.11413184866768267,False
SMARTLINK.NS,SMARTLINK HOLDINGS LTD,221.89999389648438,3.783731551502223,27.04204412896396,81.27018809113669,45.50464866400061,1.0878988201623843,2293452032.0,13.884058,Technology,0.032415619040334784,21.553323957459707,0.3591732719252038,0.11410503226155204,False
BIGBLOC.NS,BIGBLOC CONSTRUCTION LTD,37.220001220703125,-11.211825270841702,-20.52103402647919,-22.101293069035,27.415394496654223,-0.7094306740066704,5269449216.0,310.1667,Industrials,0.0055228175711118785,22.385191681134604,0.4396599168842384,0.1140570923993935,False
REPRO.NS,REPRO INDIA LIMITED,294.25,-7.88856197967508,-21.11260053619303,-19.106529209621993,60.337702926056735,-0.289450149978652,4325119488.0,4.4351277,Industrials,0.011806836661805861,22.187705604463073,0.4205523216680233,0.11399320791336022,False
SBGLP.NS,SURATWWALA BUS GROUP LTD,23.110000610351562,-3.0290127928786825,-6.38900306260256,-11.522283411242352,82.95588304256843,-0.09985603044725723,3953894912.0,9.620254,Real Estate,0.01464366598710838,22.097966983951668,0.4118697387493023,0.11395018417765687,False
SINCLAIR.NS,SINCLAIRS HOTELS LIMITED,75.87000274658203,-8.268745744100503,1.6126317884709973,-1.712309710557136,33.71903378736742,-0.060088153185941816,3857315072.0,35.833336,Consumer Cyclical,0.01523869857935737,22.073237201454265,0.4094770299482088,0.11379828142157022,False
GVKPIL.NS,GVK POW. & INFRA LTD.,2.4200000762939453,16.346161781683776,-5.468744906829559,-6.2015446567252885,26.785633346359067,-0.05496093465416993,3821689088.0,,Utilities,0.015315415325235959,22.063958331731882,0.4085792609018664,0.11363137671939358,False
URJA.NS,URJA GLOBAL LIMITED,8.600000381469727,-6.318081747546833,-8.413204823946552,-12.690354838478557,18.86501355383134,-0.53711889400353,4769683968.0,428.00003,Technology,0.00810105740163068,22.28554588577337,0.4300187737978472,0.11358048650068481,False
PANSARI.NS,PANSARI DEVELOPERS LTD,254.3000030517578,-15.247454291775519,-28.3762817082418,-9.646476453268804,38.12041664840336,-0.4298382609025997,4536167936.0,22.988504,Real Estate,0.009706259328620532,22.23534842583467,0.425161961806052,0.1135701849479784,False
MODINATUR.NS,MODI NATURALS LIMITED,317.5,-6.877844659759669,-24.557444363703972,-8.554150680536699,46.528841881543684,-0.27982380507553894,4224781056.0,8.021728,Consumer Defensive,0.011950872234133332,22.1642332755844,0.4182812767085272,0.1135334733527318,False
VERANDA.NS,VERANDA LEARNING SOL LTD,212.75999450683594,-12.310930130180486,-16.78660802504428,46.38778028603039,34.9094188211886,0.44961280476802257,3011006208.0,1.956113,Consumer Defensive,0.022865172587266464,21.825540148549493,0.38551131498276436,0.11352670818614094,False
OSWALGREEN.NS,OSWAL GREENTECH LIMITED,19.270000457763672,-5.492883596913522,-10.621516998625847,-29.180444299389674,30.590179565105043,-0.6170363899916338,4935871488.0,,Financial Services,0.006905280355464129,22.31979508775676,0.43333252583042947,0.11351209172420547,False
RAMAPHO.NS,RAMA PHOSPHATES LIMITED,119.06999969482422,-3.571431440086481,-4.55441399224632,-7.927938015550384,25.156281682253024,-0.24028111823419304,4129595648.0,7.6877465,Basic Materials,0.01254253538228392,22.14144533331513,0.41607644898583196,0.11342601378317094,False
KOTHARIPRO.NS,KOTHARI PRODUCTS LTD,64.63999938964844,-4.080724180007067,-4.137625541895762,-2.9575156923162926,34.454726777365074,-0.10263295272881817,3858214656.0,18.95601,Industrials,0.01460211588744343,22.073470389332623,0.40949959184049045,0.11332648487570518,False
PKTEA.NS,THE P K TEA PROD CO LTD,1033.0,28.80354145446331,37.808809675220886,36.35474997049282,88.49699817739032,0.39866579550627484,3033961472.0,,Consumer Defensive,0.022102870622060986,21.833135019374197,0.38624615016650876,0.11313869050817293,False
GOKUL.NS,GOKUL REFOILS & SOLV LTD,38.779998779296875,-9.72998229575519,-3.3399805290696194,-0.716852493982767,29.624249415698657,-0.11161183591033162,3839025920.0,18.555023,Consumer Defensive,0.01446776805439492,22.06848450496103,0.40901718689340294,0.11310512276414693,False
ENIL.NS,ENTERTAIN NET. IND. LTD.,92.23999786376953,-8.323176155268108,-11.885527750406677,-11.728489165456502,26.80346080419206,-0.41392185208989013,4397118976.0,,Communication Services,0.009944410888304962,22.204215385455374,0.422149711304934,0.11299573599246222,False
KRITINUT.NS,KRITI NUTRIENTS LIMITED,72.61000061035156,-16.009250233029693,-5.28307182140092,9.138737325434443,38.18450032622917,-0.005693486321568136,3638016512.0,10.902403,Consumer Defensive,0.016052586618091422,22.014704456064475,0.40381374459335256,0.11299287611190671,False
DONEAR.NS,DONEAR IND. LIMITED,80.38999938964844,-12.645391313301424,-4.757566921306255,-10.292078989177455,28.630332652450157,-0.31792811993555326,4180280064.0,9.10419,Consumer Cyclical,0.011380730933956827,22.15364408243477,0.41725672844781114,0.1128497303124204,False
XTGLOBAL.NS,XTGLOBAL INFOTECH LIMITED,28.09000015258789,-11.212762910992712,-3.010425724778465,-3.277152457301169,39.38000666858162,-0.12148947988823425,3793018368.0,33.270588,Technology,0.014319972383460241,22.056427942509888,0.407850664580042,0.11270264543260568,False
SUKHJITS.NS,SUKHJIT STARCH & CHEM LTD,150.97999572753906,-4.358295233885457,-13.756315007170395,-11.185487544627726,17.673525425717802,-0.599274738091064,4730029056.0,13.838209,Basic Materials,0.007171041630665537,22.277197182560347,0.42921100221078945,0.11268103177569652,False
PPAP.NS,PPAP AUTOMOTIVE LIMITED,228.55999755859375,-11.850861970748827,-6.8223456553280215,14.15153127762785,36.56951944100687,0.07270780662792976,3460263936.0,7.472188,Consumer Cyclical,0.01722567725787754,21.964610705476634,0.39896696691045536,0.112660999671022,False
VETO.NS,VETO SWITCHGEAR CABLE LTD,136.64999389648438,9.672615603317357,11.11579289555753,36.53322315737959,37.28249340842031,0.6312848314505066,2661184256.0,9.715282,Industrials,0.025583466457107042,21.702037070062214,0.37356188102030646,0.1125780700979069,False
BIMETAL.NS,BIMETAL BEARINGS LTD.,660.4000244140625,4.000003844734246,1.3036058579732002,42.94155655514884,30.83184520670929,0.7350147437249973,2526030080.0,22.116545,Consumer Cyclical,0.027135540212235326,21.649914769354872,0.36851883271817115,0.11248136333871928,False
CINELINE.NS,CINELINE INDIA LIMITED,87.72000122070312,-6.6147261981844725,11.205202533253079,3.757787833423132,34.18388331285488,0.11460106510083982,3343236352.0,24.29917,Communication Services,0.017852511172674935,21.93020514275267,0.39563808632912173,0.11229890496178663,False
ADVANIHOTR.NS,ADVANI HOT.& RES.(I) LTD,47.5099983215332,-3.923159578311264,-8.352626964331765,-7.5608341721007495,14.76820542656318,-0.4787878341545305,4391752704.0,19.157257,Consumer Cyclical,0.008973844287450823,22.20299423378517,0.42203155982709245,0.11223827317236124,False
BMWVENTLTD.NS,BMW VENTURES LIMITED,50.369998931884766,-9.013731256234369,-13.259860174626025,-12.354275514197555,25.50816011226198,-0.46878496950144366,4367834624.0,9.539772,Basic Materials,0.0091235135907765,22.197533214095362,0.42150318357161504,0.11221843108598613,False
DENORA.NS,DE NORA INDIA LIMITED,729.0999755859375,-9.79869803754202,-13.636830282005397,1.2583146289236957,24.20169591827715,-0.2240186553757059,3870524928.0,31.741402,Industrials,0.01278586482547881,22.07665597535823,0.4098078104720496,0.11204135123712151,False
TRANSWORLD.NS,TRANSWORLD SHIP LINES LTD,154.2899932861328,-9.771933750799523,-2.625436252591562,8.731501002520758,30.73016205686866,0.05283840912603449,3403417344.0,,Industrials,0.01692837853548686,21.948045865262838,0.39736425006600185,0.11203734641811561,False
HALDER.NS,HALDER VENTURE LIMITED,263.8399963378906,-10.1056230535296,20.288137477420353,6.1730367556903865,59.0578661749287,0.12109877097592099,3281677568.0,10.175087,Consumer Defensive,0.017949734032852136,21.91162058255788,0.3938399532178744,0.11192228882910771,False
MANORG.NS,MANGALAM ORGANICS LIMITED,436.1000061035156,-10.909089662203142,-17.48344255373403,3.316749537446495,35.224422246039055,-0.16376353569070914,3734952448.0,18.269794,Basic Materials,0.013687440733763809,22.041000924258718,0.40635803671936094,0.11185508973016309,False
LYKALABS.NS,LYKA LABS LTD.,75.26000213623047,-3.956098072964509,9.088280137132255,29.24609776381959,32.126204447839534,0.5154145530893767,2720853248.0,,Healthcare,0.02384974072553767,21.724211362547784,0.3757073355868324,0.11181413944086135,False
DCMSRIND.NS,DCM SHRIRAM IND LTD,39.779998779296875,-11.422848108539563,-5.443310986781579,7.519130418016795,40.06759557247549,-0.003943279013192954,3460548864.0,13.348992,Consumer Defensive,0.01607877434706756,21.964693044938286,0.39897493359413294,0.1118028141588339,False
SONAMLTD.NS,SONAM LIMITED,69.94000244140625,6.227227113553302,30.3606406874241,32.54724173068644,67.81356447904045,0.3926538694499432,2877900544.0,39.284153,Consumer Cyclical,0.022012916312400408,21.780326887830466,0.38113674489263455,0.11179387345745895,False
RADIANTCMS.NS,RADIANT CASH MGMT SER LTD,34.91999816894531,-10.884196655329815,-5.740304833219034,-9.144506702701571,48.155888956574096,-0.1759116966949914,3735843584.0,11.908162,Industrials,0.013505672124744593,22.04123948946654,0.40638111889052253,0.11172453381618908,False
MONEYBOXX.NS,MONEYBOXX FINANCE LIMITED,53.47999954223633,-9.047618646006928,-12.385323164973784,-27.74925429931656,108.34614263620101,-0.17905342411046604,3733912064.0,297.11108,Financial Services,0.013458663575711778,22.040722331976106,0.4063310817630611,0.1116767681225491,False
APOLSINHOT.NS,APOLLO SINDOORI HOTEL LTD,1174.699951171875,-3.324200017801826,-1.6364919447986792,12.51748157718582,21.080073180825835,0.24207473843081564,3054689792.0,36.74382,Industrials,0.019759854372982517,21.839943883661494,0.3869049359648626,0.11154612477095253,False
VINYLINDIA.NS,VINYL CHEMICALS (I) LTD.,214.14999389648438,-7.84491376335128,-17.36446114599367,-0.8552936553899548,23.236238111913448,-0.3101176657403354,3924142080.0,21.000982,Basic Materials,0.01149759597998088,22.09041358619994,0.4111389162570051,0.11140792604923694,False
AMBALALSA.NS,AMBALAL SARABHAI ENT L,38.54999923706055,-11.845415868739517,21.685602480131184,15.592206899123395,40.43445236709024,0.2951122204209723,2954213376.0,22.67647,Healthcare,0.020553435337528025,21.806498251689966,0.383668932656511,0.11133230966727375,False
AEPL.NS,ARTEMIS ELECTRICALS & P L,15.199999809265137,-13.14285823277065,-10.324488937490962,-17.436176343033495,56.26733509509779,-0.25670322709702803,3815760896.0,44.705883,Industrials,0.012296817212751315,22.062405930550486,0.40842905966293747,0.11132987782529785,False
DAVANGERE.NS,DAVANGERE SUGAR COMPANY L,2.2699999809265137,15.816323303372059,-36.23595456706199,-38.97849560569566,97.95184748888121,-0.2776544823731022,3849683456.0,10.809524,Consumer Defensive,0.011983331037568415,22.071256762904902,0.40928541432249166,0.11130885185879923,False
EMAMIREAL.NS,EMAMI REALTY LIMITED,68.43000030517578,2.5322183031169843,-15.466333681360656,0.8251031912945628,33.6284196565928,-0.11064762739444979,3560678912.0,,Real Estate,0.014482195163212011,21.99321706952717,0.40173475102008877,0.1112953341274312,False
VGL.NS,VARVEE GLOBAL LIMITED,63.599998474121094,19.302188774629258,0.015723103489873047,-4.3465174951121455,63.70329736892947,0.02655900099788844,3338027776.0,,Consumer Cyclical,0.016535169105712465,21.928645983601402,0.3954872312286398,0.11127318463644431,False
SETCO.NS,SETCO AUTOMOTIVE LTD,17.600000381469727,0.8595966302124447,5.578886028310914,34.47826665785445,29.9613540534091,0.6369778358082748,2510503168.0,,Consumer Cyclical,0.025668648854910884,21.643749035736583,0.367922272473647,0.11123205475959491,False
MKEXIM.NS,M K EXIM (INDIA) LTD.,64.58999633789062,4.811236299758304,20.889680673200072,20.889680673200072,31.894298018540844,0.5541426805406816,2607320320.0,14.102619,Consumer Defensive,0.024429215911474133,21.681588833931823,0.37158342954944673,0.11121776932096727,False
SAYAJIIND.NS,SAYAJI INDUSTRIES LTD.,120.0,3.3502707511842367,9.389246434179466,9.389246434179466,32.596349782262216,0.2509928673603044,2983040000.0,4.0397124,Consumer Defensive,0.019893293161783204,21.816208752043824,0.3846084637527565,0.11107208580952652,False
KESORAMIND.NS,KESORAM INDUSTRIES LTD,10.760000228881836,-1.2843981151195227,3.861009512165192,-1.555352896133444,38.38078791223955,0.003224185570099888,3342740992.0,,Basic Materials,0.01618601856839788,21.93005696396735,0.3956237494184025,0.11104545128089904,False
AVG.NS,AVG LOGISTICS LIMITED,172.05999755859375,4.360134385795633,-15.436260031990779,12.716818301907228,36.86978259461006,0.07050646452211592,3218911488.0,9.709932,Industrials,0.0171927393595069,21.892309092457587,0.39197148662986236,0.11088742617709577,False
RRECL.NS,RDB REAL ESTATE CONS L,134.6199951171875,-1.6151477631315858,-1.2688015466715274,-1.2688015466715274,79.74811697812349,-0.016778713286908328,3351690240.0,,Real Estate,0.015886722312749905,21.932730605093298,0.3958824352622305,0.11088565055012005,False
INDOTHAI.NS,INDO THAI SEC LTD,38.779998779296875,8.725859806397175,-82.0131904939949,-86.60134547167266,74.18603545567187,-0.891804738122117,5026593280.0,7.194805,Financial Services,0.002794019365049212,22.338008311480984,0.4350947306013697,0.11086919717412934,False
SHEMAROO.NS,SHEMAROO ENTER. LTD.,110.55999755859375,-12.676726146738183,-9.974757954176672,14.451345036213947,30.894741729675513,0.05495756906815256,3237904640.0,,Communication Services,0.016960086771394524,21.89819224179908,0.39254070567612837,0.11085524149757799,False
POEL.NS,P O C L ENTERPRISES LTD.,136.27000427246094,-4.5594583012280365,-15.700581863477204,-15.700581863477204,27.34483467715016,-0.4926838033433946,4172645376.0,11.314382,Basic Materials,0.008765923846690832,22.151816054594924,0.41707985918899326,0.11084440768226644,False
SWISSMLTRY.NS,SWISS MILITARY CON GOOD L,14.15999984741211,-8.552989040895763,1.760096278395884,1.760096278395884,32.889415487352615,-0.009198119850125634,3313020160.0,46.766663,Consumer Cyclical,0.016000148034063483,21.92112604566672,0.39475964611211567,0.11069002255357653,False
SAPPL.NS,SHREE AJIT PULP & PAPER L,327.1000061035156,16.054638644705555,13.536966044348887,13.536966044348887,40.23351702467296,0.34897522270948855,2801548800.0,6.748447,Basic Materials,0.021359368268457336,21.75343824441454,0.37853515736320476,0.11065331554214419,False
PLAZACABLE.NS,PLAZA WIRES LIMITED,55.31999969482422,-9.784735860829496,18.61063554623947,52.22894733775807,49.72776971023829,0.5980706018646094,2495181056.0,23.27755,Industrials,0.025086493762281444,21.637627131452838,0.3673299528986282,0.11064735854636813,False
RUBFILA.NS,RUBFILA INTERNATIONAL LTD,63.18000030517578,-7.910550633173219,-13.098344675706352,-1.2469097656949146,41.16584883039005,-0.14903296267064597,3524675840.0,13.364197,Basic Materials,0.013907849054576236,21.983054308982062,0.40075146187865623,0.11061875226059624,False
BANSWRAS.NS,BANSWARA SYNTEX LIMITED,105.08999633789062,-10.217861086751656,-12.974412712508732,-0.5713714018056537,28.682307831170217,-0.2169135680577147,3597449472.0,9.667893,Consumer Cyclical,0.012892175717991354,22.003490951595893,0.4027287916288088,0.11035132969569572,False
HLVLTD.NS,HLV LIMITED,6.130000114440918,-5.401233080283408,-18.266665140787765,-21.005155494380567,35.707878981415384,-0.47784478920985507,4041263360.0,87.57143,Consumer Cyclical,0.00898795473328504,22.119823193153724,0.41398441744175724,0.11023707041040309,False
CUBEXTUB.NS,CUBEXTUBINGS-ROLLSETT,149.91000366210938,95.19530951200686,96.50019906029141,68.93171880874489,95.15045025356908,0.8665747855554871,2146557568.0,28.44592,Basic Materials,0.02910402628989007,21.487131265208678,0.3527688550107506,0.1100202334701052,False
BEDMUTHA.NS,BEDMUTHA INDUST LTD,106.2300033569336,-5.464091162741558,-2.4428285863024035,-6.758533246394083,34.96862435398948,-0.14884581614642245,3427392512.0,20.468208,Basic Materials,0.013910649261404158,21.95506560873395,0.3980434392981155,0.10994384677058198,False
VPRPL.NS,VISHNU PRAKASH R PUNGLI L,28.770000457763672,-20.700106323649525,4.846938403136347,-24.309387718480746,63.66957165741608,-0.2330883217284482,3554008576.0,,Industrials,0.012650158636153099,21.991341980013043,0.40155332834951907,0.10987595106449459,False
DAMODARIND.NS,DAMODAR INDUSTRIES LTD,26.950000762939453,-5.272407591475304,-15.251567894595352,13.569326939817007,34.16065403803694,0.0338023851040819,3139675136.0,11.0,Consumer Cyclical,0.01664354928384071,21.867385171960123,0.38955999417382065,0.10987266050633569,False
S&SPOWER.NS,S&S POWER SWITCHGEARS LTD,294.54998779296875,-9.07548180466603,-17.319301672149123,-7.823502098268609,55.76524834576122,-0.19586818377984722,3492658688.0,43.206104,Industrials,0.013207070311923254,21.973929085142615,0.39986855870735305,0.1098724424107807,False
GILLANDERS.NS,GILLANDERS ARBUTHNOT LTD,111.7699966430664,8.31475336627896,26.051651010647415,24.715457730031297,35.21229278240504,0.6201293104025504,2385433856.0,13.680538,Consumer Defensive,0.02541655036642823,21.592646855434797,0.36297792504252846,0.1098068940354533,False
ELGIRUBCO.NS,ELGI RUBBER CO. LTD,55.970001220703125,-4.634516049840265,-5.790268701471524,35.586247276668324,55.4672824495413,0.2727579060938294,2801298688.0,,Consumer Cyclical,0.020218955689177073,21.75334896409748,0.3785265191230417,0.10979584654764322,False
CPEDU.NS,CAREER POINT EDUTECH LTD,181.2899932861328,-5.563373374307467,-8.105233978155368,-0.5376699200945745,44.38680118623714,-0.08590571355369023,3298198016.0,13.902607,Consumer Defensive,0.014852399613228998,21.916642100821726,0.39432580589150856,0.10972075118279889,False
KOTYARK.NS,KOTYARK INDUSTRIES LTD,29.979999542236328,-11.196679405300413,-14.281533812162461,-9.05422879227652,72.01479059407097,-0.15345334381356177,3389846784.0,,Basic Materials,0.013841708464951242,21.9440505611522,0.3969776878586887,0.10962570331338561,False
GINNIFILA.NS,GINNIFILAMENTS LTD.,40.959999084472656,-3.7820075684597887,-20.604770375411608,0.39215649608830283,29.302422523507037,-0.23007498348072866,3508226560.0,9.941748,Consumer Cyclical,0.012695246143768392,21.978376493464385,0.40029886386813135,0.10959615057485914,False
MEGASTAR.NS,MEGASTAR FOODS LIMITED,289.9700012207031,-5.7314709144965175,-19.441591502455058,6.099529517857971,44.677089375398296,-0.08794231964409087,3274834176.0,33.026196,Consumer Defensive,0.01482192660121988,21.909533071774636,0.3936379779104097,0.10952593942851734,False
FOODSIN.NS,FOODS & INNS LIMITED,50.779998779296875,-10.99951901649906,-13.001237174849468,-14.787089541886743,36.242623351134874,-0.37231906740280624,3733932544.0,15.113095,Consumer Defensive,0.010566898547237987,22.0407278168251,0.4063316124449004,0.10950807702165359,False
HPAL.NS,HP ADHESIVES LIMITED,34.369998931884766,-2.370677208018357,-0.15373854053332137,-0.38280672301612695,27.829024888086884,-0.02557259437253254,3157734656.0,171.84999,Basic Materials,0.015755142600211453,21.87312072676719,0.3901149328380594,0.10934509015967345,False
SSDL.NS,SARASWATI SAREE DEPOT LTD,69.75,27.599028841449382,28.780292383982342,18.46690094131864,85.97761861857374,0.27201665188734964,2737930240.0,11.504159,Consumer Cyclical,0.020207864566331897,21.730468085401903,0.37631269941648293,0.10923407327886965,False
INSPIRISYS.NS,INSPIRISYS SOLUTIONS LTD,83.76000213623047,-6.444763455532043,-18.648015849815337,0.14347530781650963,44.61998840070938,-0.1526584841488171,3318309376.0,9.016147,Technology,0.013853601667187795,21.92272126638116,0.39491399031807567,0.10911869882990977,False
IGCL.NS,INDOGULF CROPSCIENCES LTD,57.36000061035156,-21.306076154944222,-16.079002354229168,-8.091650776169567,37.4847903719761,-0.3502951782493819,3626528512.0,11.0733595,Basic Materials,0.010896434161328067,22.011541695138597,0.4035077343846538,0.10904925921715951,False
LIBERTSHOE.NS,LIBERTY SHOES LTD,218.57000732421875,-6.301709040598502,-19.048145435474538,-14.926827066472415,34.953559179690814,-0.4130680626073203,3724432896.0,43.367065,Consumer Cyclical,0.009957185836429806,22.038180434771775,0.40608514268887325,0.10898917504954067,False
MINDTECK.NS,MINDTECK (INDIA) LIMITED,143.72000122070312,-14.86286162001863,-28.781617938668237,-20.056659854232183,24.926743021889035,-0.8679588670230021,4592460288.0,14.770813,Technology,0.0031508166464656933,22.247681728091838,0.4263552598409366,0.10895192744508342,False
HILINFRA.NS,HIGHWAY INFRASTRUCTURE L,45.36000061035156,2.04724371606948,0.48737532937046524,-9.64143442037766,32.69999910121118,-0.1304298466441056,3253248000.0,12.226415,Industrials,0.014186200857978852,21.90291971915849,0.392998108675367,0.10888917781232589,False
MAHESHWARI.NS,MAHESHWARI LOGISTICS LTD.,71.44000244140625,-1.0663296673991796,0.09807999457807082,54.66552189957559,32.662535803878654,0.8311944662491965,2074902528.0,13.403378,Industrials,0.02857464316558894,21.453180015549858,0.3494839310986493,0.10880196514885403,False
PRITIKAUTO.NS,PRITIKA AUTO INDUS LTD,16.329999923706055,0.368773597137495,-7.163162125933587,27.180683252677042,50.908434365212216,0.22619331848139715,2740798464.0,12.375938,Industrials,0.01952222633920537,21.731515125478513,0.37641400487708154,0.10874517097367441,False
EQUIPPP.NS,EQUIPPP SOC IMP TECH LTD,22.5,-1.098901098901095,2.2727272727272707,50.90543413992903,45.375923521970265,0.5711124539180755,2319642624.0,132.35294,Technology,0.024683128590199156,21.564678969810828,0.3602719163630151,0.10858032553340313,False
BELLACASA.NS,BELLA CASA FASH AND RET L,242.1300048828125,-0.2964798034208127,-4.823109004737058,-14.104795380997148,47.74361744426352,-0.17926220949671517,3241515520.0,17.92228,Consumer Cyclical,0.013455539594293629,21.899306810783195,0.3926485448379971,0.1082537909052195,False
DSFCL.NS,DCM SHRIRAM FINE CHEM LTD,27.940000534057617,8.252619574540798,16.02990291769688,27.3008957186593,45.68497338590048,0.440187246673829,2430561792.0,,Basic Materials,0.022724141316491617,21.611388258113433,0.36479123331318225,0.10824091431566428,False
CLEDUCATE.NS,CL EDUCATE LIMITED,53.97999954223633,-7.059232368388346,-5.381244059386248,8.830647586411743,42.07224758400285,0.033017111788615036,2930733312.0,,Consumer Defensive,0.01663179951873618,21.798518506135608,0.38289685924986433,0.10819806445151822,False
RUCHIRA.NS,RUCHIRA PAPERS LIMITED,103.38999938964844,-1.5683364549465728,0.9386905972287085,-3.8753360967760053,24.541842204013275,-0.08025999612230982,3083285248.0,9.257169,Basic Materials,0.014936874473584882,21.849261504762115,0.38780645436742245,0.10815426944704427,False
CHEMBOND.NS,CHEMBOND MATERIALTECH LTD,191.8300018310547,12.246933108287772,4.380238929822355,31.664163968647195,65.80238172589857,0.29779378452068445,2579785216.0,18.880905,Basic Materials,0.020593558626660322,21.670971983189723,0.37055620530219807,0.10808422029554476,False
AMARJOTHI.NS,AMARJOTHI SPINNING MILL L,149.0500030517578,-7.387845911073132,70.90671808724409,70.90671808724409,23.854804358002085,2.316003286219859,1006087552.0,7.811845,Consumer Cyclical,0.050791309027227734,20.729334935652105,0.27944892397792215,0.10795571276490135,False
OSWALAGRO.NS,OSWAL AGRO MILLS LTD,32.97999954223633,-10.038189635823358,-21.326333533410814,-38.81261853693696,30.606529075948153,-0.9086900113937905,4487140352.0,,Real Estate,0.002541371031328618,22.22448144337082,0.42411053627955125,0.10793366234338428,False
DISHTV.NS,DISH TV INDIA LTD.,2.119999885559082,-17.509729936681772,-27.397266090150964,-29.096994020159052,43.152018247290265,-0.6087692740884028,3903462912.0,,Communication Services,0.0070289782680783295,22.08512992251881,0.410627699929357,0.107928658683398,False
EUROBOND.NS,EURO PANEL PRODUCTS LTD,143.39999389648438,-5.03311662484478,-12.100040190644135,-11.443215968272124,26.328385452522067,-0.39342493616191676,3513299968.0,13.709369,Industrials,0.010251098945542448,21.979821594856862,0.4004386834084211,0.10779799506126211,False
ELIN.NS,ELIN ELECTRONICS LIMITED,78.83999633789062,-17.35849572653947,-18.988906098318058,-32.1339437199318,38.469184068493846,-0.6559885124982648,3919074816.0,,Industrials,0.006322453611244937,22.089121446821178,0.4110138964245772,0.107495314314578,False
DBEIL.NS,DEEPAK BUILDERS & ENG I L,6.519999980926514,1.3996913684388712,-19.506176865840164,-1.1072342627282405,56.77588536201532,-0.10788967672212929,3037072128.0,11.050848,Industrials,0.014523461397440762,21.834159772810313,0.38634529930240613,0.1074789208736821,False
WSI.NS,W.S.INDUSTRIES (I) LTD.,50.65999984741211,-16.084146523554544,-20.991893828150864,-33.42094587250638,37.914611584171546,-0.6916824225008266,3979191552.0,187.25,Industrials,0.0057883783409768165,22.10434450822266,0.4124867906159733,0.10746298140972595,False
TOLINS.NS,TOLINS TYRES LIMITED,90.19000244140625,-1.946076158076604,-11.317595724898277,-14.104759579613091,25.845630221168726,-0.4192922999260499,3488630016.0,10.1494255,Consumer Cyclical,0.009864054788921285,21.972774950822476,0.39975689143548243,0.10733726395056158,False
SHANKARA.NS,SHANKARA BLDG PRODUCT LTD,125.58000183105469,-15.251715455389103,-2.2571559720738543,2.925989371623916,33.985106384639664,-0.0666319878829297,2958417664.0,55.963303,Consumer Cyclical,0.015140785510037339,21.80792038971235,0.3838065303957101,0.10730722173145553,False
MARALOVER.NS,MARAL OVERSEAS LTD,57.9900016784668,-6.210577452480703,11.928199462202072,34.86046901969022,52.69981128985649,0.3750787407741463,2407048960.0,11.024714,Consumer Cyclical,0.0217499459178191,21.60166733662896,0.3638506939294218,0.10727513292071977,False
AFIL.NS,AKME FINTRADE (INDIA) LTD,7.900000095367432,-14.316704267154579,-17.19077435055928,-8.56481734433282,34.69857258610236,-0.3545673759311411,3371324672.0,7.745098,Financial Services,0.010832510788087068,21.93857158211729,0.39644757396224783,0.10723627658162727,False
ESSARSHPNG.NS,ESSAR SHIPPING LTD,16.719999313354492,-2.165013668401694,-25.45698133808626,-32.79742814573585,58.048472216896144,-0.4215237761318806,3475829248.0,3.808656,Industrials,0.009830666004738201,21.96909892030064,0.3994012202692032,0.10722330457085445,False
PODDARMENT.NS,PODDAR PIGMENTS LIMITED,251.9499969482422,-0.6761468627751621,5.739804870751475,7.376007849366872,54.400067066845494,0.0969615718814361,2726769920.0,17.896936,Basic Materials,0.017588577714337934,21.726383566513377,0.3759175053101929,0.10717080961330168,False
SUNDRMBRAK.NS,SUNDARAM BRAK LININGS LTD,681.2999877929688,-7.932434082031248,-16.834130849825378,21.517619937808654,27.415400828611535,0.1503565066646108,2655838208.0,74.094406,Consumer Cyclical,0.018387507117791524,21.700026151419042,0.3733673163193712,0.10713245941818644,False
TREJHARA.NS,TREJHARA SOLUTIONS LTD,131.36000061035156,-13.58462906566038,-3.397554980399109,-12.30974770743829,42.05177204981613,-0.23521163743155485,3171353088.0,24.442379,Technology,0.012618388219072992,21.87742417572032,0.3905313093341444,0.10709661849784086,False
MODIRUBBER.NS,MODI RUBBER LTD,118.58000183105469,-9.687738709106474,-7.359373569488525,-0.6950856759064483,41.54725412949686,-0.10813958093377726,2969306368.0,11858.0,Real Estate,0.014519722169674247,21.81159421669371,0.38416198836032894,0.10693028871733792,False
HARRMALAYA.NS,HARRISON MALAYALAM LTD,175.0800018310547,-9.15317521685105,-12.051039639583838,-6.996014963583164,28.75609822205561,-0.3110280938554453,3231172096.0,11.918312,Consumer Defensive,0.011483973568157627,21.896110786684734,0.39233931627969104,0.10669780924604098,False
STARTECK.NS,STARTECK FINANCE LIMITED,275.45001220703125,10.62433199558308,-3.79234798172704,13.074077368387416,77.44999191431509,0.09714914750435712,2673311488.0,10.960991,Financial Services,0.01759138434161693,21.70658379892633,0.3740017958545959,0.10669398721986167,False
VISHAL.NS,VISHAL FABRICS LTD.,17.5,-6.266738465521171,-20.634917888854766,-20.634917888854766,18.064244973152817,-0.9832285838462518,4404982272.0,11.703948,Consumer Cyclical,0.0014260769034202133,22.20600207203588,0.42232258062581945,0.10665020283402002,False
SHIVACEM.NS,SHIVA CEMENT LTD.,12.699999809265137,-20.475894822085994,-24.404759607077086,-24.404759607077086,32.44147663110699,-0.7280490625603462,3893999872.0,,Basic Materials,0.005244237250321927,22.082702711282142,0.41039285719716967,0.10653139223703387,False
KCPSUGIND.NS,KCPSUGARINDUS,24.43000030517578,-23.558197761525392,12.919787567178709,0.801343686747602,36.574968376806424,-0.01189423964182129,2791922944.0,7.2278104,Consumer Defensive,0.015959806953293073,21.74999642296999,0.3782021468944296,0.10652039193857721,False
SHAH.NS,SHAH METACORP LIMITED,3.069999933242798,-12.53561419988457,-36.041670598917385,-38.10484053161959,114.63855181153181,-0.2823835766732282,3161232384.0,20.533333,Basic Materials,0.011912571282857262,21.874227783770014,0.3902220451846498,0.1064899397583054,False
IVC.NS,IL&FS INVESTMENT MANAGERS,8.0,-15.372327707702594,6.85418378071565,19.200462728007818,42.74982239378379,0.20074986224329294,2512261888.0,53.333332,Financial Services,0.01914152496000804,21.64444933529333,0.3679900293539596,0.10635365105849592,False
ARVEE.NS,ARVEE LABORATORIES I LTD,216.88999938964844,31.368862126910614,35.19292482171288,28.13256567332345,107.97930041228854,0.2861468132345414,2390127872.0,58.9375,Basic Materials,0.020419289140997214,21.594612704805858,0.3631681291048673,0.10610649913196474,False
AUSOMENT.NS,AUSOM ENTERPRISE LIMITED,137.47999572753906,-14.45497128604436,18.414877087194714,34.98810412040907,24.827389620345606,0.8106982343342785,1872965888.0,7.549698,Financial Services,0.02826796534299533,21.3507890482831,0.33957718126947534,0.10609526932461533,False
MIRZAINT.NS,MIRZA INTERNATIONAL LIMIT,27.719999313354492,-10.465115849254392,-26.705448077652793,-10.753381229932845,21.083950269882134,-0.7342717094857487,3830956800.0,,Consumer Cyclical,0.005151129999302666,22.066380426433245,0.40881360858808813,0.10606674964649904,False
HCL-INSYS.NS,HCL INFOSYSTEMS LTD,10.149999618530273,0.49504193239715555,-13.46973559561475,-17.277919805553044,28.57558422497904,-0.4402664909837194,3341480448.0,,Technology,0.009550225433802273,21.929679793933147,0.3955872566566712,0.10605948323951951,False
LANCORHOL.NS,LANCOR HOLDINGS LIMITED,32.209999084472656,-19.483333643245416,30.214314084434378,30.580676849454292,68.25533233161022,0.29972699893564525,2369063424.0,4.1031847,Real Estate,0.020622484625831678,21.58576053466463,0.36231164500890245,0.10604477472159937,False
STARPAPER.NS,STAR PAPER MILLS LTD,152.00999450683594,1.9684929357370207,10.199630025111528,13.46317613344703,40.009121902772385,0.2545713371540913,2419138304.0,7.8198795,Basic Materials,0.019946836531566058,21.60667724139216,0.36433542294880583,0.106043983135876,False
ABMKNO.NS,A B M KNOWLEDGEWARE LTD.,165.8699951171875,-12.654028199914414,-13.654351979662993,-13.654351979662993,31.314802663052276,-0.4296462400881766,3317764864.0,37.52715,Technology,0.009709132467717726,21.92255715971768,0.39489811231922683,0.106006377430595,False
SHIVATEX.NS,SHIVA TEXYARN LIMITED,165.00999450683594,-9.761569530753434,15.599770897676613,13.422526665439527,29.526732349544975,0.31967237633384266,2323840256.0,22.795149,Consumer Cyclical,0.020920920208365994,21.566486937342997,0.3604468447040455,0.10580240133228586,False
ASHIMASYN.NS,ASHIMA LTD,14.880000114440918,-16.825038445496954,-2.1696247395030177,0.4048611393538293,28.974781926611183,-0.1316132266603665,2851901952.0,,Real Estate,0.014168494364014782,21.771251960576517,0.3802587081241314,0.10569104780404392,False
FOCUS.NS,FOCUS LIGHTG & FIXTRS LTD,55.95000076293945,-11.709007880718026,-32.41937414636992,-15.342708634918967,26.778433413325057,-0.7371218410018994,3761494784.0,73.61842,Consumer Cyclical,0.005108484495919075,22.048082264548594,0.4070431856986091,0.10559215979659158,False
PAKKA.NS,PAKKA LIMITED,69.79000091552734,-5.318136233393444,-6.909430733402888,-22.77304548586291,30.102753285127005,-0.4824468735995651,3305782784.0,47.827583,Basic Materials,0.008919095382654786,21.918939130919902,0.39454805305979085,0.1053263348019388,False
TARACHAND.NS,TARA CHAND INFRA SOLN LTD,46.470001220703125,-4.735542469046051,-17.265347720568446,-23.96882941152423,24.92129327505905,-0.7267330517369474,3687428608.0,16.131033,Industrials,0.005263928251843813,22.02819519815375,0.40511902972207053,0.1052277036194005,False
KHADIM.NS,KHADIM INDIA LIMITED,114.69999694824219,-2.2165439350998017,9.134156625592071,29.54596313780604,36.23324874314601,0.4711120410454106,2108000384.0,75.960266,Consumer Cyclical,0.023186858007120444,21.46900565026308,0.35101512675171254,0.10514392519326847,False
IITL.NS,INDUSTRIAL INV TRUST LTD,132.25,-9.665296780332833,-1.1362818448932832,-6.951385733757387,46.34344110018476,-0.12406581470417088,2767295232.0,,Financial Services,0.014281423602645145,21.741136229927115,0.37734488654952764,0.10504728933936577,False
SUMIT.NS,SUMIT WOODS LIMITED,50.63999938964844,-2.0692317032848573,11.509782641565213,1.350301890929595,33.52480532789063,0.11079078195501331,2474297600.0,40.708664,Real Estate,0.01779549926221852,21.629222395113153,0.3665167598746723,0.10497581441533196,False
DYNPRO.NS,DYNEMIC PRODUCTS LIMITED,221.5500030517578,-5.549072130853638,-5.239972354182343,0.5143159249985096,19.815349656357572,-0.12236211885495987,2753509120.0,13.550459,Basic Materials,0.014306915397213371,21.73614197917267,0.37686167212027505,0.10494560457797879,False
ARCHIDPLY.NS,ARCHIDPLY IND. LTD,101.66999816894531,-3.0698839159502445,27.597888779552537,26.881319922432102,41.04778858494918,0.5141823844589877,2033701760.0,15.498475,Basic Materials,0.023831304224906504,21.433123496978354,0.3475433799227392,0.10475932314936467,False
ABCOTS.NS,A B COTSPIN INDIA LIMITED,193.33999633789062,-7.1150602896289055,-8.330570868685284,-51.743417126359994,27.615598719472327,-1.0788790850883925,4246446336.0,30.162247,Consumer Cyclical,-5.1075002640897735e-06,22.169348314109317,0.41877617785445465,0.10469021383841559,False
IWP.NS,INDIAN WOOD PRODUCTS CO L,37.380001068115234,8.72600321930259,10.559004879675694,10.559004879675694,65.65606957475639,0.15523933451180322,2391300352.0,40.19355,Basic Materials,0.01846056713284661,21.5951031356847,0.3632155803220486,0.1046493204301471,False
SIGIND.NS,SIGNET INDUSTRIES LIMITED,64.05999755859375,-8.324009024707891,37.87646546061099,32.74156310055225,37.37814164794197,0.6974375459421951,1851587328.0,8.397864,Industrials,0.026573285977259997,21.339309123827288,0.3384664510685851,0.10454657725009127,False
LOTUSEYE.NS,LOTUS EYE HOSP & INST L,115.37000274658203,5.428129786019298,-2.690616462298079,5.980159929937967,23.544764912646045,0.13882155950468014,2399272704.0,1442.1251,Healthcare,0.0182149138092544,21.598431488791206,0.3635376122595282,0.10454558842182285,False
EXXARO.NS,EXXARO TILES LIMITED,6.139999866485596,-6.828532256187881,-6.259546752826406,-13.88499624214874,62.62184384954875,-0.16265999165514206,2747101440.0,68.22222,Industrials,0.013703952670366044,21.733812171299096,0.37663625356657177,0.10443702789441747,False
SAB.NS,S A B INDUSTRIES LTD.,170.0,-7.356948228882832,0.0,0.0,32.572420817063104,-0.04517286737744112,2585713152.0,,Industrials,0.015461870691875431,21.673267188096485,0.37077827587565737,0.10429097198782092,False
RHL.NS,ROBUST HOTELS LIMITED,164.8000030517578,-1.8404886229817619,-8.076749122117466,-9.11096602975615,31.914460970523802,-0.23019675885062874,2803675648.0,10.460645,Consumer Cyclical,0.012693424062254018,21.75419712503423,0.37860858220379556,0.10417221359763941,False
WORTHPERI.NS,WORTH PERIPHERALS LIMITED,143.41000366210938,-6.8744526153529435,6.677958152491348,10.21325523375638,27.81636009166878,0.20617810958905952,2267986688.0,14.753074,Consumer Cyclical,0.019222745892880467,21.542158353747073,0.3580929535570359,0.10394029780891934,False
SURAJLTD.NS,SURAJ LIMITED,191.5,-5.0993575640502,-16.797012098967855,-26.749032106085323,27.385490923587337,-0.7096272712093399,3452267264.0,41.59071,Basic Materials,0.0055198759571462985,21.962297030403477,0.3987431092719583,0.10382568428584929,False
ATLANTAA.NS,ATLANTAA LIMITED,35.34000015258789,-9.731803894752167,-8.540370831228861,-13.297346398765598,34.48633116942067,-0.3235236932733368,2880209920.0,,Industrials,0.01129700636182485,21.781129017674086,0.3812143542746278,0.10377634334002558,False
JAYSREETEA.NS,JAYSHREE TEA & INDUSTRIES,85.73999786376953,-13.350176343494402,1.1562006876356223,4.739796267393781,29.045980816674593,0.0016085898968942933,2475955712.0,,Consumer Defensive,0.01616184498540433,21.629892305098295,0.3665815764381644,0.10376677784859435,False
GLOBECIVIL.NS,GLOBE CIVIL PROJECTS LTD,42.290000915527344,-12.170302024190017,2.670556750407571,-0.4941154928768343,37.80171162994786,-0.049731904854145643,2525516544.0,10.045131,Industrials,0.01539365543688211,21.649711451028907,0.3684991608286989,0.1036700317848363,False
AQYLON.NS,AQYLON NEXUS LIMITED,15.460000038146973,-31.16651527900113,-61.15577805400787,-65.79646066992328,57.34932494840406,-1.0022483587674993,3922674432.0,13.803572,Communication Services,0.0011414907812841108,22.090039511436117,0.41110272297549283,0.1036317988298363,False
KRITI.NS,KRITI INDUSTRIES IND LTD,60.029998779296875,-2.548700866419329,-11.707603080708983,-26.107828215406247,31.64302039877896,-0.539643023626119,3163340800.0,,Industrials,0.008063289748541421,21.87489452159282,0.39028655482830815,0.1036191060184831,False
GENUSPAPER.NS,GENUS P&B LIMITED,10.569999694824219,-17.16301328193258,-6.542888570622695,-10.726355079362781,49.39123912140106,-0.21782500213434017,2717821184.0,19.218182,Basic Materials,0.01287853825432401,21.723096361327936,0.37559945460436767,0.10355876734183492,False
DJML.NS,DJ MEDIAPRINT & LOG LTD,73.87000274658203,-2.3400273100856683,-31.94841025351237,-10.306770960418877,89.67978092173684,-0.16955788542102776,2654093568.0,21.349712,Industrials,0.013600741941223965,21.699369028075196,0.3733037369163421,0.1035264906850035,False
DIGISPICE.NS,DIGISPICE TECHNOLOGIES LT,15.119999885559082,-10.954061877626398,-25.407007675878333,-11.785295075969005,28.904625001557786,-0.543358103240692,3154081280.0,16.258064,Financial Services,0.008007702334635849,21.871963095922478,0.3900029272629658,0.10350650856671834,False
DREAMFOLKS.NS,DREAMFOLKS SERVICES LTD,60.65999984741211,-9.367997055393417,-9.705270062735249,-19.01201787498855,23.95695420238636,-0.5965361558930328,3231350016.0,,Industrials,0.007212018061307628,21.89616584877873,0.39234464376516015,0.10349517448727076,False
VERTOZ.NS,VERTOZ LIMITED,34.72999954223633,-7.780138919403424,-11.718354327582038,-13.222321964550654,34.17932288977495,-0.34180592464527143,2866285056.0,10.444099,Technology,0.011023455841291527,21.776282623025395,0.3807454455355107,0.10345395326484633,False
MANAKALUCO.NS,MANAK ALUMINIUM CO. LTD.,33.2400016784668,-12.637419102056002,-3.7445401328473293,24.663446619644503,35.77930729642141,0.2426228483798086,2178351872.0,24.805971,Basic Materials,0.01976805554705182,21.501834406259356,0.3541914447565105,0.10337390284941649,False
DIAMINESQ.NS,DIAMINES & CHEMICALS LTD,244.5399932861328,1.4730850707704857,-5.5574865008654495,1.1206183825658522,25.165843098121332,-0.032278662058851264,2458976512.0,,Basic Materials,0.01565480209641823,21.623011048691176,0.36591578640262223,0.10322004817296923,False
ACL.NS,ANDHRA CEMENTS LIMITED,39.66999816894531,-8.510153112233388,-20.612373024098318,-27.384225895432614,23.772223602315094,-0.9076919280863316,3656468736.0,,Basic Materials,0.0025563049965944837,22.01976369265924,0.40430324667160084,0.10299304041534607,False
AARON.NS,AARON INDUSTRIES LIMITED,122.30999755859375,-4.780069704573442,5.669265035315996,-14.771962569323405,46.41938765277796,-0.14306986909253383,2561963776.0,37.75,Industrials,0.013997072701246935,21.66403990175738,0.36988549773512563,0.1029691789597166,False
KMSUGAR.NS,K M SUGAR MILLS LTD,26.530000686645508,-13.526726131844791,-0.45027742439939233,-2.1755167195067426,77.23784189306274,-0.050858319149179994,2440764416.0,5.072658,Consumer Defensive,0.015376801300728037,21.615577112843557,0.36519652234394195,0.10283173156153151,False
SAKHTISUG.NS,SAKTHI SUGARS LTD,17.799999237060547,-10.010118204504215,5.014740034582088,9.336600038732756,45.37532107345834,0.09191556753937413,2279181056.0,8.290043,Consumer Defensive,0.017513076147472117,21.547082029863873,0.3585693395980227,0.10277714201010976,False
RVTH.NS,REVATHI EQUIPMENT INDIA L,726.4500122070312,-1.089250441423495,-1.7779832088945624,15.291230019727697,67.11065684384475,0.1027313735708189,2263557120.0,14.790581,Industrials,0.017674909203279028,21.5402033602188,0.3579037998424139,0.10273213186306274,False
RANASUG.NS,RANA SUGARS LTD.,13.8100004196167,-6.689187556483455,15.08333683013916,7.137316150426032,33.48268966003619,0.20177057701609388,2139199872.0,36.657894,Consumer Defensive,0.01915679755183424,21.483697704943964,0.3524366438453136,0.10247675912520408,False
RCOM.NS,RELIANCE COMMUNICATIONS L,0.8500000238418579,4.938274239498086,-3.409087676400968,-9.574465319386105,48.72827262061454,-0.09896316563814911,2377411840.0,,Communication Services,0.014657025605435515,21.589278271149528,0.3626520005720065,0.10165576934707826,False
ANNAPURNA.NS,ANNAPURNA SWADISHT LTD,130.35000610351562,-7.025671226200448,1.6374316596613037,-29.5405372413429,31.43666530712211,-0.4989133934622805,2844237056.0,9.064673,Consumer Defensive,0.008672712707138881,21.768560698789233,0.3799983174083959,0.10150411388245313,False
BTTL.NS,BHILWARA TECHNICAL TEXT L,39.29999923706055,-5.369611384019601,-24.799080560116703,13.256479461043757,38.6895611519253,-0.048731664514486184,2294070784.0,,Consumer Cyclical,0.015408621677053005,21.553593711759923,0.35919937177013084,0.10135630920032246,False
SHEKHAWATI.NS,SHEKHAWATI INDUSTRIES LTD,28.600000381469727,84.27834753808246,102.40622894433247,146.55171931853067,60.66789928892329,1.9920485011791873,890015360.0,7.212291,Consumer Cyclical,0.04594408888903524,20.606749280092078,0.2675882544804405,0.10135513028688656,False
SAHLIBHFI.NS,SHALIBHADRA FINANCE LTD,76.69999694824219,-13.763453736439901,-3.477174099118585,-8.423545186694604,50.90291256390241,-0.15731154008448847,2409295104.0,12.168487,Financial Services,0.013783979647458434,21.60260005411428,0.36394093820618784,0.10132321928714079,False
VMSTMT.NS,VMS TMT LIMITED,44.34000015258789,-2.463702055522732,-8.971461740958631,3.4531020092400055,41.183566696496754,-0.03539343591774754,2276583424.0,12.84874,Basic Materials,0.01560819684385849,21.54594165823502,0.3584590039234909,0.10132089861376659,False
GRAVISSHO.NS,GRAVISS HOSPITALITY LTD.,30.760000228881836,4.625852476182968,6.583505122480071,6.583505122480071,103.47489073667273,0.05984035884530101,2169168640.0,,Consumer Cyclical,0.017033146216821088,21.497609816345033,0.35378269819878916,0.10122053421231311,False
AARVI.NS,AARVI ENCON LIMITED,138.82000732421875,-2.1843227767211815,0.6544853644698811,9.129586246687804,26.22972955807349,0.16486156167190677,2056021504.0,10.686683,Industrials,0.01860454109285112,21.44403864411498,0.3485994655806611,0.10110327221480363,False
TIGERLOGS.NS,TIGER LOGISTICS (INDIA) L,25.860000610351562,-9.612023562855166,-22.62117885338093,-10.332869370560404,29.33703797729374,-0.4729582128956464,2755193344.0,14.240437,Industrials,0.009061070835317837,21.73675345676213,0.3769208351076617,0.10102601190340381,False
ZEELEARN.NS,ZEE LEARN LIMITED,6.369999885559082,-10.155151643628734,-28.346460747399572,32.15766926753958,43.78244800481974,0.12662302665413458,2083274880.0,4.29054,Consumer Defensive,0.0180323915042292,21.457206954513005,0.3498735541088638,0.10099268215538784,False
COMPEAU.NS,COMPETENT AUTOMOB CO. L,358.1000061035156,-3.4164849003646247,1.13997969825963,1.13997969825963,34.61383645870646,0.006606802421366685,2200882688.0,9.279606,Consumer Cyclical,0.016236631460314854,21.512124339115275,0.355187038345318,0.10097423318156565,False
TERASOFT.NS,TERA SOFTWARE LIMITED,237.77000427246094,-15.694048260296823,-37.69933121864825,-29.45879840216714,53.44995047103337,-0.5458940178813492,2840195584.0,10.976789,Technology,0.007969758346516065,21.767138754705982,0.3798607384336105,0.10094250336828968,False
KOTARISUG.NS,KOTHARI SUG & CHEM LTD.,26.149999618530273,-12.600268877508125,2.26828287300862,6.909242016817729,70.57111358206046,0.02288545571707536,2167536384.0,39.62121,Consumer Defensive,0.01648020315525897,21.49685705309861,0.3537098652393788,0.10078761867628894,False
MAHEPC.NS,MAHINDRA EPC IRRIG LTD,98.97000122070312,-4.487552019518059,-13.841735131630795,-10.296383958868072,20.212178899283337,-0.5045583147239966,2766286080.0,29.02346,Industrials,0.00858824975958629,21.740771492534122,0.37730959669728603,0.10076858649401123,False
SOMATEX.NS,SOMA TEXTILES & INDUST LT,75.6500015258789,-16.14941199034343,-28.980937453914702,-22.483837309194875,45.21839591816366,-0.5123154375103053,2752248064.0,29.783089,Consumer Cyclical,0.00847218269245065,21.73568389285341,0.3768173503730912,0.10055847461261079,False
RPPINFRA.NS,R.P.P INFRA PROJECTS LTD,51.529998779296875,-4.820836054258604,-17.814994972448094,-29.26561446998224,62.540873237962046,-0.3348445880754194,2530369536.0,60.75,Industrials,0.011127615842527151,21.651631191075154,0.3686849036230381,0.10051693778765489,False
A2ZINFRA.NS,A2Z INFRA ENGINEERING LTD,14.0,-10.313899372755985,3.2448345631816533,-18.746370447187477,30.404828164346142,-0.3441070172241616,2485313024.0,70.0,Industrials,0.010989025412098017,21.633664454356747,0.3669465474899998,0.09997840593157345,False
JMA.NS,JULLUNDUR MOT AGENCY LTD,86.91999816894531,-4.040631031268727,3.053455691306506,9.863256972397782,37.8054271790871,0.13330199823774316,1985344384.0,6.199714,Consumer Cyclical,0.018132326578682315,21.409058229740044,0.3452149657230664,0.09990298636477835,False
SHRADHA.NS,SHRADHA REALTY LIMITED,29.829999923706055,-5.241421990227446,-6.2758266412940245,-14.167827778837605,29.15364796735933,-0.34352292003806156,2468805888.0,8.063492,Real Estate,0.010997765050386644,21.627000424939737,0.3663017750647469,0.09982376755397672,False
CCHHL.NS,COUNTRY CLUB HOSP HOL LTD,12.8100004196167,1.586048916611582,1.6666669189614458,-1.2336148351426601,28.081566628530858,0.007136440928786176,2093983360.0,,Consumer Cyclical,0.01624455625277873,21.46233400332689,0.35036961729995375,0.09977582151457248,False
LANCER.NS,LANCER CONTAINER LINES L,11.279999732971191,-13.430545171630271,-92.46492988448678,-92.46492988448678,51.21720091395754,-1.4967247637995804,4193703680.0,20.50909,Industrials,-0.006257183660371733,22.156850113854272,0.4175669252558433,0.09969884356868203,False
FCSSOFT.NS,FCS SOFTWARE SOLN. LTD.,1.409999966621399,-2.758626189441482,-5.369130362637852,-20.338984078218537,40.63973050836232,-0.3034458209054306,2410469888.0,70.5,Technology,0.011597424419429878,21.603087540132677,0.36398810449593383,0.09969509443855587,False
HARDWYN.NS,HARDWYN INDIA LIMITED,9.220000267028809,0.9857628856492218,-47.67733631008595,-37.73275013792624,13.836993345215218,-2.382918207724505,6304707072.0,48.526318,Industrials,-0.019516980724915027,22.564562345807413,0.4570147710187505,0.09961595721100135,False
ANNU.NS,ANNU PROJECTS LIMITED,44.33000183105469,-35.02858031656563,-41.36243025688757,-41.36243025688757,55.38917786249497,-0.7238897888616037,2903290368.0,8.795635,Industrials,0.005306470982199873,21.789110540755377,0.3819865996643615,0.09947650315274027,False
AASTHA.NS,AASTHA SPINTEX LIMITED,29.540000915527344,-24.27422161562156,-51.97907396425432,-56.6583782669226,95.57743562619588,-0.5103480264538771,2607920896.0,10.981413,Consumer Cyclical,0.008501620363796125,21.681819149645918,0.3716057135479495,0.09927764365983448,False
SRD.NS,SHANKAR LAL RAMPAL LTD,37.70000076293945,-4.019769763888236,-5.46199588743479,-14.4594950521453,26.783773103564457,-0.36112538018149476,2430737664.0,13.148788,Basic Materials,0.010734385704783621,21.611460614075703,0.36479823405197787,0.09925034779158218,False
GOLDTECH.NS,AION-TECH SOLUTIONS LTD,42.06999969482422,-10.565478579875165,-23.91029300379427,5.943089057572815,42.166611894261216,-0.1497544811997703,2203342080.0,,Technology,0.013897053229646496,21.513241172330687,0.35529509658093544,0.09924656406746873,False
SHIVAMAUTO.NS,SHIVAM AUTO.LTD,16.670000076293945,-7.44031169105146,-15.122196566461588,-9.056191240160583,66.87954357148944,-0.15778841129187832,2210633728.0,,Consumer Cyclical,0.0137768443933226,21.516545066573276,0.35561476202210757,0.09923632380051885,False
BI.NS,BILCARE LTD.,92.9000015258789,-3.077722478043299,-8.364564960819399,-8.364564960819399,52.305618346864605,-0.13970194206799771,2187352064.0,28.237083,Consumer Cyclical,0.01404746579451532,21.505957546480634,0.35459037563657914,0.09918319325503128,False
AXITA.NS,AXITA COTTON LIMITED,7.510000228881836,-5.652523521704856,1.9869555794099325,-15.277659432545365,11.220415544685372,-0.7284264752506037,2873878272.0,83.44444,Consumer Cyclical,0.005238590158576097,21.778928269148157,0.3810014227469227,0.09917929830566276,False
SAKUMA.NS,SAKUMA EXPORTS LIMITED,1.5099999904632568,-6.790124319835577,-10.650891163474164,-25.980391240220747,55.17128281819299,-0.3179822352620141,2367255040.0,21.571428,Consumer Defensive,0.011379921225589121,21.584996910300745,0.36223776119142903,0.0990943812170491,False
MHLXMIRU.NS,MAHALAXMI RUBTECH LIMITED,171.1199951171875,-2.155643138897556,27.959321456815612,4.005346372566709,40.4916394081274,0.245960428890502,1817341440.0,7.8639703,Consumer Cyclical,0.019817994576235294,21.32064052340124,0.33666018671716214,0.099028542611467,False
TAINWALCHM.NS,TAINWALA CHEMICAL AND PLA,197.17999267578125,-7.734787103449814,1.9218337744397518,9.153913631454834,28.349848846341292,0.12721582914921292,1914816384.0,23.91696,Basic Materials,0.01804126139695745,21.37288757247547,0.34171530494006624,0.09895977228273464,False
ASPINWALL.NS,ASPINWALL & CO LTD,238.35000610351562,-8.061714135577391,-2.448153528892427,14.11123848980349,28.43745941141535,0.16558547973039872,1863489024.0,11.852312,Consumer Defensive,0.018615372821084684,21.345716387410917,0.3390863803368302,0.09873312470002106,False
SINTERCOM.NS,SINTERCOM INDIA LIMITED,75.9000015258789,-6.064358095061118,-1.0559217419645495,-5.444120219188986,49.477939321131856,-0.08593139305003877,2092390016.0,126.683334,Consumer Cyclical,0.014852015380065647,21.461572798373073,0.350295967570417,0.09871300342765348,False
SILGO.NS,SILGO RETAIL LIMITED,69.48999786376953,-0.6860130749741455,-8.05769227274994,-9.032597959169408,29.137447065390827,-0.2426708578927109,2239012096.0,29.535866,Consumer Cyclical,0.012506778558391505,21.529300577406854,0.3568489104840746,0.09859231153981227,False
HINDADH.NS,HINDUSTAN ADHESIVES LTD.,384.3500061035156,3.6263177213168296,-0.28538229826927664,-0.28538229826927664,21.163562928277354,0.02348176000934421,1966449920.0,7.884103,Basic Materials,0.01648912544413213,21.399495683455427,0.3442897497953295,0.09843928153193147,False
RVHL.NS,RAVINDER HEIGHTS LIMITED,37.459999084472656,-5.973898240461317,-16.140585135472573,-6.466916858742944,31.12698252734764,-0.29782564402646006,2275798272.0,4.776062,Real Estate,0.01168151712559111,21.545596717032865,0.35842562943463957,0.09836754520285322,False
COMFINTE.NS,COMFORT INTECH LTD.,6.230000019073486,1.1525433964133969,-1.5427454708104693,-1.5427454708104693,61.3718858571905,-0.01635419350946582,1993214208.0,89.0,Industrials,0.015893074251073714,21.413014353083824,0.34559773702903596,0.09831923994556427,False
MADHAVIPL.NS,MADHAV INFRA PROJECTS L,7.349999904632568,-7.894738257332278,1.5193389087278408,1.5193389087278408,39.61678932558824,-0.00917481024238986,1981424512.0,7.65625,Industrials,0.016000496807427073,21.407081873982143,0.34502374512432005,0.09825630888665032,False
TTL.NS,T T LIMITED,7.769999980926514,14.096916978168771,16.317367973031583,-10.689653433649637,40.63959696568568,0.05831177589337385,1914084096.0,247.0,Consumer Cyclical,0.017010274574204207,21.372505066838478,0.3416782959366836,0.09817727991482406,False
ISFT.NS,INTRASOFT TECH. LTD,98.31999969482422,20.475430657395588,30.623095628742924,43.93207906425267,81.45848549269517,0.43271187941441036,1603764224.0,11.690845,Consumer Cyclical,0.022612290057015115,21.195619343691103,0.32456387017871435,0.09810018508743992,False
RNBDENIMS.NS,R&B DENIMS LIMITED,8.970000267028809,-12.658229141091415,-15.137175723655671,-51.090511491827414,55.16189960624032,-0.591314920687528,2578859776.0,11.430379,Consumer Cyclical,0.007290141545210435,21.6706131912934,0.37052149070136453,0.09809797883424896,False
GENCON.NS,GENERIC ENG CONS PROJ LTD,37.779998779296875,-15.348425106160635,-8.589409374500434,-13.940780259368124,61.55505442203236,-0.20496932512735125,2152939264.0,25.186666,Industrials,0.01307089317345432,21.490099845455592,0.3530560774351408,0.09806718923887593,False
TEAMGTY.NS,TEAM INDIA GUARANTY LTD,236.14999389648438,0.3655066661954143,3.574558726528232,-13.339451781106648,25.225445143872697,-0.21899541941199907,2157816320.0,198.29752,Financial Services,0.012861025717203609,21.49236258477522,0.3532750068286855,0.09796452099507408,False
BALPHARMA.NS,BAL PHARMA LTD.,101.45999908447266,17.036284547140834,33.068857956880436,33.86693620109264,75.60072391499419,0.40027900302468505,1615331712.0,22.348017,Healthcare,0.022127008471944386,21.202806167576796,0.3252592251324028,0.09791006263705898,False
AHLEAST.NS,ASIAN HOTELS (EAST) LTD,135.74000549316406,-0.5640532156298006,-2.583601937233304,-16.73414186255503,21.731973876149127,-0.42586845575518256,2347174912.0,,Consumer Cyclical,0.009765658110005546,21.57647827724202,0.36141354818854327,0.09767763062963998,False
APCL.NS,ANJANI PORTLAND CEM LTD,93.58000183105469,-7.730227252450517,-12.320810561489248,-19.09043846787304,19.00935320847574,-0.7779069434883324,2748890368.0,,Basic Materials,0.004498231524703776,21.734463165014162,0.37669923990264886,0.09754848361919005,False
COASTCORP.NS,COASTAL CORPORATION LTD,36.18000030517578,-13.610316660853838,-25.133432767369747,-26.419018343556864,45.658694174472245,-0.5140664392186893,2423236352.0,7.5062237,Consumer Defensive,0.008445983077149943,21.60836981962816,0.364499186897892,0.09745928403233546,False
AFFORDABLE.NS,AFFORD ROBO & AUTO LTD,163.6699981689453,3.9372559218771697,-3.2968991616275867,-2.6121619977519495,30.973722874055227,-0.048676730565154216,1939670272.0,30.197416,Industrials,0.015409443634183345,21.385783833205274,0.3429630715369879,0.09729785060988448,False
VSTL.NS,VIBHOR STEEL TUBES LTD,108.55999755859375,-7.734154190279141,-2.444285811053737,-4.930383363203273,26.298469419457838,-0.1804404730597045,2057046016.0,27.256283,Basic Materials,0.01343790965599868,21.444536818295543,0.34864766599432984,0.09724034874058146,False
RADIOCITY.NS,MUSIC BROADCAST LIMITED,5.900000095367432,-6.050957034164095,-1.8302850137306925,-9.230767763577974,25.9529329655169,-0.24562390697672834,2108065024.0,,Communication Services,0.012462593136073008,21.46903631392397,0.3510180935878052,0.09710146824900606,False
PAVNAIND.NS,PAVNA INDUSTRIES LIMITED,15.449999809265137,-10.278743174610238,-11.965809225568602,-13.39686279641683,38.374533119443726,-0.3216696542485078,2183644416.0,12.038462,Consumer Cyclical,0.011324747687815813,21.504261068844702,0.35442623440441184,0.09710011936696482,False
HINDCON.NS,HINDCON CHEMICALS LIMITED,30.059999465942383,25.774058350344518,38.90942843705292,21.307500536682333,66.11903604287302,0.4156350744631361,1538790144.0,35.785713,Basic Materials,0.022356775902947566,21.15426232448086,0.32056240741365627,0.09690818378062474,False
SPENCERS.NS,SPENCER S RETAIL LIMITED,26.389999389648438,-7.403510913514255,-26.897505526027754,-14.178863773501016,24.127112576269486,-0.6896550788650068,2559749120.0,,Consumer Cyclical,0.0058187127621749735,21.663175091026233,0.3698018237178586,0.09681449050109588,False
ALPHAGEO.NS,ALPHAGEO (INDIA) LIMITED,251.14999389648438,-21.22468647318334,32.30672968010681,12.717649832762623,36.52317012263172,0.3232442990521754,1598511232.0,,Energy,0.02097436561658923,21.19233855365249,0.32424644016489385,0.09679238425366538,False
UMIYA-MRO.NS,UMIYA BUILDCON LIMITED,91.9800033569336,-11.913421787160495,1.7027873440462082,13.794384848813767,42.1828724115689,0.11913233933048345,1749812992.0,20.40305,Technology,0.017920311016084697,21.282774758028918,0.33299651720951406,0.09668936256444204,False
AIRAN.NS,AIRAN LIMITED,15.399999618530273,-0.259067117487799,-1.282056141338439,-7.117010317283645,43.51016534772233,-0.09181613980371199,1925307904.0,12.833332,Technology,0.014763964009041796,21.37835174254477,0.34224398600779726,0.09663396950873065,False
ROSSELLIND.NS,ROSSELL INDIA LIMITED,50.099998474121094,-12.043540590964664,-11.691749977928678,3.8471577431536508,40.66458904059837,-0.09818503848422945,1922520320.0,16.451612,Industrials,0.014668668445068459,21.376902829379237,0.34210379766268934,0.09652745074947368,False
IPRINGLTD.NS,IP RINGS LTD.,143.6699981689453,-10.200641767535945,1.5694600697060856,1.5694600697060856,68.307194163341,-0.011485763796046704,1821141504.0,58.881145,Consumer Cyclical,0.015965918831978104,21.322729341976505,0.3368622885589169,0.09619001126371281,False
ARCL.NS,ARCL ORGANICS LTD.,226.99000549316406,0.8844468858506982,-2.8919762596089527,-2.8919762596089527,53.82116868916063,-0.0396998371183204,1815920000.0,17.761347,Basic Materials,0.015543761695540084,21.319858063842407,0.33658448051662765,0.09580394140081197,False
VIKASLIFE.NS,VIKAS LIFECARE LIMITED,1.2100000381469727,-6.2015446567252885,-15.3846096133209,-23.899370267569363,35.307140707029454,-0.5042996003660178,2247779072.0,12.1,Consumer Defensive,0.008592120810436416,21.53320848701311,0.3572270169114055,0.0957508448356787,False
DTIL.NS,DHUNSERI TEA & IND. LTD.,154.0,2.230483685585072,13.716178950232694,19.700783148670165,73.4344565679885,0.1962476835786627,1618143744.0,,Consumer Defensive,0.019074160463181125,21.2045454927985,0.3254275120458186,0.0956624983588405,False
BPL.NS,BPL LTD,44.45000076293945,-9.983799511011139,-16.666665474722762,-6.539109589046587,22.98689721086693,-0.446615924042258,2176972288.0,,Technology,0.009455221127001897,21.501200890132967,0.35413014944946913,0.09562395320761871,False
EMMBI.NS,EMMBI INDUSTRIES LIMITED,88.1500015258789,-2.809294946611973,0.4697750159935232,6.072851337951368,32.32565040543555,0.08091095311513484,1696028032.0,19.545454,Consumer Cyclical,0.01734841801888939,21.251554903071032,0.32997586703863435,0.09550528027382563,False
TEXMOPIPES.NS,TEXMO PIPE & PRODUCTS LTD,50.369998931884766,8.955222649020534,14.947510914369545,21.63728354863206,71.09834406636774,0.24042669070089728,1571274880.0,10.5322895,Industrials,0.019735195221415546,21.175153152906443,0.3225836815207486,0.09544731679624882,False
BASML.NS,BANNARI AM SPIN MILL LTD.,22.8799991607666,-9.956712718765237,-9.573712178114258,3.797195296443534,31.147968538930176,-0.09518625733696738,1828600960.0,7.7037034,Consumer Cyclical,0.014713538139971146,21.326817009233125,0.33725778728284966,0.09534960042569078,False
RELIABLE.NS,RELIABLE DATA SERVICE LTD,142.38999938964844,1.1088889678641856,-1.4036007127676386,20.54008564176424,25.432451635839715,0.3959799292820389,1452127232.0,16.026197,Technology,0.02206268296177076,21.096295375543136,0.31495386520709207,0.09528547852310108,False
DOLLEX.NS,DOLLEX AGROTECH LIMITED,36.91999816894531,0.32608406079508434,25.36501600165075,16.650864498998573,47.247085686879856,0.3386484823180956,1474909568.0,16.12227,Consumer Defensive,0.021204852927741623,21.111862515706168,0.3164600504426418,0.09501865230646667,False
SUPERHOUSE.NS,SUPERHOUSE LIMITED,155.8800048828125,-7.88866701043951,-1.047415672741836,3.3892687308790803,36.66972289290402,-0.005381107979512867,1725302272.0,21.033604,Consumer Cyclical,0.01605726062403381,21.26866810280326,0.33163163993588796,0.09495085545199734,False
RUDRA.NS,RUDRA GLOBAL INFRA PROD L,18.0,-11.460894896458552,3.6269379984348094,-2.439028424559042,31.93763631744544,-0.07588575960585545,1782106368.0,13.454545,Basic Materials,0.015002324617589121,21.301061855010463,0.3347658695238254,0.0949432108441482,False
PAR.NS,PAR DRUGS AND CHEM LTD,125.79000091552734,-19.730715636300044,37.49044032423219,37.77655718611226,100.77325719083036,0.25988311078615134,1515808128.0,11.567137,Healthcare,0.02002631470971863,21.139214552172525,0.3191064731674579,0.09479635432415344,False
PIGL.NS,POWER INSTRUMENT (G) LTD,94.55000305175781,-4.282239096793372,-15.87329516395901,-17.097763681032585,36.51033800603724,-0.38803579978722663,2045339136.0,12.245881,Industrials,0.010331734674876048,21.43882944985553,0.34809545447775303,0.09477266462559529,False
RACE.NS,RACE ECO CHAIN LIMITED,108.94999694824219,9.718019738080507,-3.584073497130813,-22.472071518801652,62.93032433931648,-0.16474813962275903,1842206080.0,23.410088,Industrials,0.013672708455594259,21.334229647457484,0.33797499070833914,0.09474827901878048,False
SHAHALLOYS.NS,SHAH ALLOYS LIMITED,82.0,-19.21182266009852,9.801820654675186,25.0571913705113,78.46854853985622,0.14817117897350665,1587564800.0,3.8095014,Basic Materials,0.01835480883740792,21.185467107425584,0.32358159930488684,0.09466150645427765,False
SECMARK.NS,SECMARK CONSULTANCY LTD,137.41000366210938,-4.840713663316287,9.568614663572973,24.827399506224033,74.96178813430589,0.19097918787209348,1555344256.0,46.372547,Industrials,0.01899532983722307,21.164962745213355,0.32159771740333093,0.09464592672875004,False
INTENTECH.NS,INTENSE TECHNOLOGIES LTD,84.0999984741211,2.2492382664086152,-12.04769289014973,-16.65841301946187,35.60885807437726,-0.32277549308557446,1964269184.0,,Technology,0.011308201414915562,21.39838609705918,0.34418239271945744,0.09452674924105103,False
ABANSENT.NS,ABANS ENTERPRISES LTD.,27.510000228881836,-1.2562827487508477,-9.207917750592564,-9.207917750592564,27.949895763349787,-0.27254451374163946,1918791680.0,5.993464,Financial Services,0.012059789679328711,21.37496149206058,0.34191596524286416,0.09452383357021257,False
EMPOWER.NS,EMPOWER INDIA LTD.,1.6799999475479126,-8.695656680880425,-24.66368012651794,-24.66368012651794,67.45852503846538,-0.31827075117384734,1955181440.0,10.5,Technology,0.01137560426469641,21.393748834772932,0.3437337184019032,0.09446513279899811,False
MODTHREAD.NS,MODERN THREADS INDIA LTD,48.9900016784668,-9.89515791633191,3.1368456388774613,-0.6892360429102018,44.479318561913765,-0.031084017420425,1703635200.0,9.439306,Consumer Cyclical,0.015672677138914168,21.256030158514115,0.3304088665236452,0.09435672448509692,False
ALANKIT.NS,ALANKIT LIMITED,7.579999923706055,-6.879611744440128,-5.721393536436703,-15.590196992166272,24.675096535264117,-0.4412318667082533,2055378432.0,10.676057,Technology,0.009535780860457583,21.44372582025209,0.3485691985773018,0.09429413528966864,False
SPCENET.NS,SPACENET ENTERS IND LTD,3.2200000286102295,-5.5718490451056475,-15.706804060680401,-10.5562395320144,40.947495341458165,-0.2711895001235458,1896238208.0,7.422222,Financial Services,0.01208006426578473,21.36313787054572,0.3407719809291171,0.09425304343161782,False
VARDMNPOLY.NS,VARDHMAN POLYTEX LTD.,5.550000190734863,-5.451442948260654,-18.859648144378482,-23.86830974243075,16.658124907676843,-1.121515056862723,2806472960.0,0.8363637,Consumer Cyclical,-0.0006430543698248999,21.755194357880022,0.3787050686086846,0.09419397637480247,False
BAIDFIN.NS,BAID FINSERV LIMITED,10.319999694824219,2.9980920998466054,2.391024890132143,-4.982621905469453,66.25463184791651,-0.017725327768838364,1672791552.0,9.555555,Financial Services,0.015872558457200314,21.237759656448542,0.32864111983613253,0.09406469880193337,False
AERONEU.NS,AEROFLEX NEU LIMITED,69.97000122070312,-13.156259791821789,-19.454358226716927,-11.654035458575763,68.79533735429932,-0.20778409853333182,1804946176.0,212.0303,Consumer Cyclical,0.01302877672088763,21.3137966094501,0.3359980097187781,0.09377108497036024,False
GICL.NS,GLOBE INTL CARRIERS LTD,21.049999237060547,-14.430898737234433,28.431970841653985,-48.29280346240709,23.388085357984412,-0.7911288992729116,2356644096.0,24.195402,Industrials,0.004300396106599807,21.580504451196088,0.3618030971809633,0.09367607137519068,False
JOCIL.NS,JOCIL LIMITED,148.47000122070312,-3.778354968080655,4.79203367171841,34.479559310981834,39.53623203942897,0.4532986032928964,1318584320.0,15.981701,Basic Materials,0.02292032187864935,20.99982451393119,0.3056199101004419,0.0935952189340975,False
LAMBODHARA.NS,LAMBODHARA TEXTILES LTD.,135.9499969482422,1.370713533568968,27.525393452700865,33.26428522229576,89.49665181320985,0.2811714499209514,1410834688.0,11.348081,Consumer Cyclical,0.020344844550696038,21.067447344200808,0.312162698786835,0.09329930810973078,False
AARTECH.NS,AARTECH SOLONICS LIMITED,47.33000183105469,-2.455009779440176,0.905748628852554,9.020869910425965,30.660057365606868,0.13995921588373772,1503691904.0,30.733768,Industrials,0.018231936156710135,21.131189191090414,0.31832998626972075,0.09325644868496279,False
DRCSYSTEMS.NS,DRC SYSTEMS INDIA LIMITED,12.920000076293945,-5.278594200192033,-5.762217065316677,-19.70167834823847,38.354624256143325,-0.3294315451780084,1861530752.0,8.72973,Technology,0.011208609276650794,21.344664971688527,0.33898465151439366,0.09315261983608651,False
TRIGYN.NS,TRIGYN TECHNOLOGIES LTD,51.45000076293945,-12.752247417494644,0.8032912226836997,4.914355225162814,53.729936224810416,0.002749221500408735,1595316864.0,15.847095,Technology,0.016178911850084597,21.190338214894656,0.32405289911165,0.09314740866547594,False
LEMERITE.NS,LE MERITE EXPORTS LIMITED,19.799999237060547,-5.398953901762704,-11.170935738868671,-77.94854768329049,45.57709351658011,-0.9523500072885509,2478326272.0,90.0,Consumer Cyclical,0.001888102053350982,21.63084927936323,0.366674167658745,0.09308461845469948,False
TOTAL.NS,TOTAL TRANSPORT SYS LTD,69.2300033569336,-2.327869582987052,28.29927427135872,33.071734493431194,33.351903032503905,0.7363920309690812,1128888192.0,12.544803,Industrials,0.027156148071028837,20.84449908532333,0.2905915320666808,0.09301499406994183,False
PILITA.NS,PIL ITALICA LIFESTYLE LTD,7.389999866485596,-7.855368520187689,-17.797552228786795,4.67421992040602,26.573751521361082,-0.1720957392343463,1715500032.0,60.833336,Consumer Cyclical,0.01356276893795389,21.262970439499153,0.33108036743137487,0.09294216856130913,False
SURANAT&P.NS,SURANA TELECOM AND POW LT,15.649999618530273,-5.55220333879255,-17.63158095510382,-16.44420714886098,21.954075369451406,-0.6660275270986964,2157225984.0,7.2227273,Utilities,0.006172243409124567,21.492088967062195,0.3532485331825806,0.09294131585248858,False
METROGLOBL.NS,METROGLOBAL LTD.,130.0,-2.7860377249983026,-1.644560104934878,-0.5283172191716701,32.62083883325025,-0.04030350637965674,1603468800.0,6.5557237,Industrials,0.015534729207256294,21.195435120094977,0.32454604578337787,0.09278755835128669,False
SRGHFL.NS,SRG HOUSING FINANCE L,128.99000549316406,-47.447542433514855,-58.397029326995096,-51.50751673189321,108.72942971608408,-0.4852630588428244,1961877760.0,5.737253,Financial Services,0.008876957805269432,21.397167892886674,0.3440645264242164,0.09267384996000617,False
KANCHI.NS,KANCHI KARPOORAM LTD.,371.6499938964844,-9.28728757062357,-0.6283438779453587,-0.6283438779453587,32.92850405002285,-0.0716744560525424,1614407040.0,21.116476,Basic Materials,0.015065336853661196,21.202233568926754,0.32520382384330565,0.09259995860107231,False
RRIL.NS,R R I L LTD.,15.210000038146973,-8.703480327404522,-15.217393615613128,-15.217393615613128,32.595920359666636,-0.4268819779901693,1893367168.0,19.28395,Consumer Cyclical,0.009750493137562504,21.36162265180238,0.34062537724494996,0.09246921416440937,False
MAHAPEXLTD.NS,MAHA RASHTRA APEX COPR. L,50.84000015258789,-4.989718281996036,14.29856267042533,6.829165769236223,40.14796150745541,0.16703732337528854,1432864000.0,,Financial Services,0.018637096240765406,21.082941076194466,0.3136617814781973,0.09239326755012338,False
BROOKS.NS,BROOKS LAB LIMITED,59.65999984741211,-9.701831204812695,-14.293924257572566,-16.641050577332074,52.65855092896731,-0.2762907172711557,1757419392.0,13.287306,Healthcare,0.01200373656936227,21.287112316016913,0.33341619389588284,0.09235685090099241,False
UFO.NS,UFO MOVIEZ INDIA LTD.,57.18000030517578,-12.152398951834364,-19.82613495534633,-15.476719858901877,20.096127974526553,-0.801979377621844,2230093824.0,9.279483,Communication Services,0.004138044261247797,21.525309495524386,0.35646275679481065,0.0922192223946385,False
MITCON.NS,MITCON CON & ENG SER LTD,79.3499984741211,1.9922819557373517,5.6591212867527885,13.050285958262364,37.65188078975949,0.22897490311879282,1382151424.0,12.736757,Industrials,0.01956384620004113,21.04690712575414,0.31017534764620563,0.09221672156158225,False
LAL.NS,LORENZINI APPARELS LTD,8.5,-4.601569634495483,-2.298848432756806,8.556833752519676,30.94413132424591,0.08623439422119547,1468260608.0,26.5625,Consumer Cyclical,0.017428070773302447,21.107344277949515,0.3160228922409103,0.0920767761402044,False
TRF.NS,TRF LIMITED,194.02000427246094,-16.2226316591909,-17.09963688331857,-24.018014632900496,27.296424028481454,-0.7467434082672851,2155104000.0,,Industrials,0.004964520409684336,21.491104819662457,0.35315331284875146,0.09201171851945111,False
SHREYANIND.NS,SHREYANS INDUSTRIES LTD,129.0,0.0542987110802029,-9.483803080196374,-15.28807725547665,30.700363351945654,-0.34130930924554737,1783366912.0,,Basic Materials,0.011030886520749393,21.301768938728564,0.33483428279982524,0.09198173559051835,False
TARMAT.NS,TARMAT LIMITED,56.790000915527344,-7.251345190107806,18.658587946704543,3.1232998551564917,63.382242803563635,0.09007187219883282,1453726848.0,20.20906,Industrials,0.017485489590347358,21.09739633664885,0.3150603877504092,0.09187921413036282,False
AKSHOPTFBR.NS,AKSH OPTIFIBRE  LTD,7.369999885559082,-0.807536260642916,18.298553178096675,40.917779324687366,53.68689868525388,0.48032106518841733,1199084032.0,,Technology,0.02332464935745805,20.904823796440805,0.29642819752175975,0.09160053639853347,False
MSL.NS,MANGALAM SEEDS LTD.,140.0,-1.5609627349517652,-3.4482758620689613,-3.4482758620689613,54.56290478953356,-0.05628023743300221,1537222144.0,18.469658,Basic Materials,0.015295675067356681,21.153242822614168,0.3204637663888343,0.09158769789772608,False
VIPCLOTHNG.NS,VIP CLOTHING LIMITED,20.190000534057617,0.19851571357132336,-18.026791628078932,-16.29353303662939,29.17364408187125,-0.4632640620977222,1847655168.0,19.711538,Consumer Cyclical,0.009206120963114139,21.337183195893072,0.3382607587427741,0.09146978040802914,False
SALONA.NS,SALONA COTSPIN LTD.,268.25,-0.3973447498844762,5.442104203119746,-0.7649551681946254,35.88113832046066,0.032626744346110244,1467156992.0,64.09195,Consumer Cyclical,0.016625958589643663,21.106592346741333,0.3159501397846433,0.09145700388839358,False
KSE.NS,KSE LTD.,176.86000061035156,-1.8099015074450553,-72.36742741390694,-72.36742741390694,20.23066112010001,-2.8795856884704216,5659520000.0,12.188835,Consumer Defensive,-0.026948439452572623,22.45660492008828,0.44656944329746134,0.09143103123493587,False
RMC.NS,RMC SWITCHGEARS LIMITED,194.14999389648438,-16.86648990410301,-34.76142812008134,-52.338286243416164,54.03750903395144,-0.7396874921214438,2093305600.0,10.276364,Industrials,0.005070095571450277,21.462010280740717,0.350338295800012,0.09138714562859071,False
MINALIND.NS,MINAL INDUSTRIES LTD.,4.170000076293945,-22.056071950895927,100.48078025233855,100.48078025233855,57.32136899596784,1.3253941966339022,800225728.0,104.25001,Consumer Cyclical,0.0359691778229773,20.500404407082204,0.2572989479073387,0.09130162034406765,False
DELPHIFX.NS,DELPHI WORLD MONEY LTD,7.170000076293945,18.708611284398778,-17.775231000801327,-32.67605321019323,47.08755832706752,-0.3807560698633715,1758569984.0,29.875002,Financial Services,0.010440658682536815,21.28776680720979,0.3334795186274123,0.09120037366875569,False
MEDICO.NS,MEDICO REMEDIES LIMITED,22.170000076293945,-44.3942797335663,-42.99305625035558,-41.795746948066935,88.37865845761623,-0.4828614400821215,1839755264.0,13.27545,Healthcare,0.008912892371939526,21.33289839156876,0.3378461861916885,0.09114621582687676,False
PML.NS,PAUL MERCHANTS LTD.,486.95001220703125,-0.378472919831796,-1.0465340037815518,-1.0465340037815518,29.618952642925496,-0.030822217043479094,1474151936.0,7.194461,Financial Services,0.01567659436476764,21.11134870342038,0.3164103369775741,0.09086003001796926,False
MURUDCERA.NS,MURUDESHWAR CERAMICS LTD,27.969999313354492,-5.69791147252846,-9.18831166820555,-10.409993822805108,27.125250197967404,-0.3355203229320394,1693450880.0,17.054878,Industrials,0.011117505062392584,21.250034225372765,0.3298287351779861,0.09079531259129096,False
CFEL.NS,CONFIDENCE FUTURIST ENE L,45.0,39.28265033377593,48.32460744175484,48.32460744175484,87.36394612316063,0.5324417918811812,1125900032.0,15.7894745,Utilities,0.02410451323880394,20.841848582083244,0.29033508490906634,0.09066215615636954,False
MUKTAARTS.NS,MUKTA ARTS LIMITED,57.040000915527344,-3.1578956912833633,5.239852606293338,17.293850838358725,39.96232290521024,0.23990852797300238,1288259840.0,,Communication Services,0.019727442136955944,20.976558184188647,0.30336879640989584,0.09063778070519092,False
ESSENTIA.NS,INTEGRA ESSENTIA LIMITED,1.0099999904632568,-3.8095203494807772,-17.21311747723444,-23.48485224776783,39.282739726001395,-0.44977172060140036,1772835968.0,,Consumer Defensive,0.009408002066380233,21.295846343684158,0.3342612472185559,0.09062131335442414,False
ZODIACLOTH.NS,ZODIAC CLOTHING CO. LTD.,66.66999816894531,-7.697639387489463,-13.099586668210051,-7.209464739295035,17.106214557562506,-0.5304584609612751,1839694848.0,,Consumer Cyclical,0.00820071509048824,21.332865551879063,0.33784300881580276,0.09061128852181687,False
RPPL.NS,RAJSHREE POLYPACK LTD,18.719999313354492,-19.62216153940145,-13.812155132783344,16.417906729939723,46.0767112985445,0.003057390887529799,1425484800.0,6.956522,Consumer Cyclical,0.016183522878932464,21.077777804036376,0.313162213528645,0.0904281955413606,False
AAATECH.NS,AAA TECHNOLOGIES LIMITED,103.52999877929688,14.068527106343364,9.20011159912255,6.412919219121682,58.52152209934558,0.15003366617004704,1327958528.0,62.36747,Technology,0.018382676570385108,21.006908659350394,0.3063053304875615,0.0903633400496792,False
LAGNAM.NS,LAGNAM SPINTEX LIMITED,73.58999633789062,-1.6176559685832204,-5.593330059071777,12.712506212248131,25.51941699752753,0.17064351019214727,1300261632.0,7.1032815,Consumer Cyclical,0.018691054330498724,20.985831337318444,0.3042660123522473,0.09008479383593587,False
AMJLAND.NS,AMJ LAND HOLDINGS LIMITED,37.65999984741211,-4.5857646752278765,1.2443951913864826,-8.738477153981828,23.835851300725086,-0.2061211446752467,1544060032.0,10.608451,Real Estate,0.013053658907544582,21.157681169269814,0.32089319479591333,0.09001354287963677,False
GVPTECH.NS,GVP INFOTECH LIMITED,7.309999942779541,-6.620099904958288,10.708130090988298,8.471602922486255,68.30315400316415,0.08966233839179068,1345285632.0,,Technology,0.01747936188176446,21.01987219399638,0.3075596061142878,0.0899994229398953,False
AIROLAM.NS,AIRO LAM LIMITED,88.29000091552734,2.116587844590123,-0.18088868087634546,6.656199827836318,36.93558191354083,0.10009726900005284,1324526592.0,25.225714,Consumer Cyclical,0.017635496034185325,21.00432094424004,0.30605495834134794,0.08974036161097598,False
SHBAJRG.NS,SHRI BAJRANG ALLIANCE L,164.7899932861328,2.564259142428882,-6.966641030041021,-6.966641030041021,49.78080238916608,-0.10165487000158734,1453680000.0,3.2066708,Basic Materials,0.014616750591146466,21.097364109992984,0.3150572696880839,0.08972688036538082,False
TIPSFILMS.NS,TIPS FILMS LIMITED,312.25,-5.664652567975825,-5.436102829631883,-3.7898592684018073,37.95488728199599,-0.12274284894985725,1460703104.0,,Communication Services,0.014301218668322731,21.10218373551194,0.3155235884031146,0.0896068111020207,False
MCL.NS,M TEK COPPER LIMITED,54.81999969482422,-5.969124507336421,1.5373180043601664,-13.859207698639398,46.643516860047725,-0.16427220469470452,1487968256.0,33.224243,Basic Materials,0.013679829700515662,21.120677440468477,0.3173129308940557,0.08958810499890067,False
LANDSMILL.NS,LANDSMILL GREEN LIMITED,0.9300000071525574,47.61904987167971,20.77922469991771,-8.823527005579457,108.65070183347649,0.10442467181487942,1311946368.0,46.5,Industrials,0.017700245422182372,20.994777649346226,0.3051316050653433,0.0895580853329726,False
INCREDIBLE.NS,INCREDIBLE INDUSTRIES LTD,31.420000076293945,-3.4419201220703077,-5.871782292102723,-7.0963916031541725,42.45567758198381,-0.14127944376574977,1469317120.0,12.038315,Basic Materials,0.014023862198117087,21.108063586265864,0.3160924882973822,0.08954101872293335,False
WIPL.NS,THE WESTERN INDIA PLY LTD,160.80999755859375,-3.6911183418726234,-6.377352205015219,4.528556733741218,30.064085262329076,-0.012877523450903459,1380805376.0,957.0,Basic Materials,0.015945094427653596,21.045932772405205,0.3100810749273245,0.08947908955257132,False
GLOBALVECT.NS,GLOBAL VEC HELICORP LTD,130.77000427246094,-7.360441428238184,-16.834139084187385,-24.17372191720669,29.82950033804143,-0.6238519169947719,1830780032.0,,Industrials,0.006803302050874931,21.32800796052305,0.3373730167489145,0.08944573072538482,False
BHARATGEAR.NS,BHARAT GEARS LTD,99.87999725341797,-2.963181815520155,-15.999630670895682,1.341026954613156,19.10260157782672,-0.24719209410198997,1533663104.0,10.212679,Consumer Cyclical,0.012439128910307464,21.1509248971277,0.32023949750525926,0.08938922105904541,False
GATECH.NS,GACM TECHNOLOGIES LIMITED,0.6499999761581421,-28.571433249971978,35.41666472641125,32.65305377701247,63.27516937518437,0.3356330748034082,1161815296.0,10.833333,Financial Services,0.021159734458421238,20.873249530074002,0.29337325658033186,0.08921311498889889,False
VAISHALI.NS,VAISHALI PHARMA LIMITED,8.279999732971191,-0.48076878990646055,11.290318135623135,34.19772496898625,38.32246671188695,0.5320587612472806,1056743296.0,,Healthcare,0.02409878208776706,20.77845765435817,0.2842017503076318,0.08912452414273324,False
INDTERRAIN.NS,IND TERRAIN FASHIONS LTD,29.219999313354492,-3.9447756736680772,-8.113207501902252,-8.429960974367646,33.575062128998255,-0.22153042766353032,1480500480.0,324.66666,Consumer Cyclical,0.012823095291061688,21.115646030396107,0.3168261211470095,0.08882385175504863,False
LATTEYS.NS,LATTEYS INDUSTRIES LTD,21.889999389648438,6.780484827553357,9.449996948242179,0.5512123535209801,39.5075988256918,0.11305931920433641,1258583552.0,35.30645,Industrials,0.017829442577603653,20.95325276127746,0.30111390029349616,0.08865055700657679,False
DGCONTENT.NS,DIGICONTENT LIMITED,24.729999542236328,-0.4027401601973124,0.5693346432684043,-14.429066198396068,40.89202543881798,-0.1742217623517327,1434894464.0,190.23077,Communication Services,0.013530958010797607,21.084357139899527,0.3137987915020568,0.0885979163836124,False
FILATFASH.NS,FILATEX FASHIONS LIMITED,0.18000000715255737,0.0,-5.263152941442195,-9.999997764825853,23.82849754950374,-0.27609566028666815,1500133120.0,,Consumer Cyclical,0.012006655137591428,21.128819688450097,0.31810072708305803,0.08853017312395808,False
KREBSBIO.NS,KREBS BIOCHEMICALS & IND,58.86000061035156,5.2010720424148005,8.939481658669667,2.6687575971227284,66.47624077288083,0.07606383342049554,1269056128.0,,Healthcare,0.017275892292210788,20.96153925559097,0.3019156529120737,0.08843583244717651,False
PRAENG.NS,PRAJAY ENG. SYN. LTD.,19.010000228881836,-23.00526602800488,-6.077072905857928,-7.8526369257717725,66.23263179279736,-0.15627483401940787,1412703104.0,,Real Estate,0.013799491511298981,21.068770801798355,0.3122907487865411,0.08842230583010952,False
ANIKINDS.NS,ANIK INDUSTRIES LTD,45.400001525878906,0.8888922797309018,0.9337527521497524,6.124363771253694,42.55252969603729,0.08272331145245727,1260008320.0,,Consumer Defensive,0.017375535691589263,20.954384161856247,0.30122336798180704,0.08833749376414371,False
AVANCE.NS,AVANCE TECHNOLOGIES LTD.,0.7699999809265137,-6.097562482568364,-14.444444297272474,-14.444444297272474,38.48865364450057,-0.3319177659992036,1526076416.0,11.0,Technology,0.011171408839463307,21.145965845225916,0.3197596887106721,0.08831847880726551,False
BALAJEE.NS,SHREE TIRUPATI BALAJEE L,24.239999771118164,-7.339449875737991,-14.887639885071524,-20.36793907412261,18.02573968806543,-0.8941742062051286,1977277312.0,21.263159,Consumer Cyclical,0.0027585658575255126,21.404986640898436,0.3448210226523268,0.08827418005622582,False
STEELCITY.NS,STEEL CITY SECURITIES LTD,82.5199966430664,-2.4747787007777022,6.310937885019907,4.195050570343306,43.00981679341364,0.08128030229080506,1251018496.0,7.289613,Financial Services,0.017353944459136628,20.94722385409326,0.30053057857272764,0.08814810298753438,False
VISHWARAJ.NS,VISHWARAJ SUGAR IND LTD,5.71999979019165,-3.0508525807840914,4.379557851876448,4.954128263775481,39.37585346739407,0.08077948009043073,1235083008.0,,Consumer Defensive,0.017346450834818027,20.93440401853279,0.2992902064272252,0.08783238973291982,False
ATALREAL.NS,ATAL REALTECH LIMITED,12.359999656677246,-52.860411974221556,-56.294203123856605,-50.44106097833216,131.8285484629613,-0.39961658104404485,1531357568.0,14.541176,Industrials,0.010158455567061653,21.149420478932814,0.3200939388188531,0.08764232638000952,False
INDOWIND.NS,INDOWIND ENERGY LTD,8.5600004196167,-5.099778434612412,-6.9565152490971505,-1.4959627968229139,22.103701384888588,-0.1744002777075209,1378178688.0,122.28572,Utilities,0.013528286949070753,21.044028673845176,0.3098968455115094,0.08762042658968042,False
BTML.NS,BODHI TREE MULTIMEDIA LTD,6.860000133514404,-19.388954770736035,14.14309271649914,3.9393974642233154,60.09022492813896,0.03885549763988293,1246446720.0,15.244445,Communication Services,0.01671915720807931,20.94356271713432,0.3001763484202957,0.08758345501113342,False
XELPMOC.NS,XELPMOC DESIGN & TECH LTD,89.86000061035156,12.128776259959206,5.284126791868604,-11.772212119194137,79.85715726663514,-0.023480835459248187,1277666688.0,,Technology,0.01578644084427796,20.9683013521565,0.3025699137397979,0.08748230906815795,False
UNITEDTEA.NS,UNITED NILGIRI TEA LTD,415.0,-6.278226865256064,-14.296845940508597,-19.818102036116148,14.370469870331585,-1.0753823856582014,2078571520.0,10.241261,Consumer Defensive,4.72123686741026e-05,21.45494672597595,0.3496548676439238,0.08744912618748653,False
CENTEXT.NS,CENTURY EXTRUSIONS LTD,17.8799991607666,-11.441314077205577,-6.338402211365402,-12.309957351720712,37.69365107151207,-0.2744430921486129,1430399872.0,12.680851,Basic Materials,0.012031381926416328,21.081219873597167,0.3134952480036932,0.08739734844573555,False
KOHINOOR.NS,KOHINOOR FOODS LIMITED,28.889999389648438,-11.840100744325765,20.77758903638147,19.380159003512844,38.85917068836329,0.3488323560007455,1070996416.0,1.2632269,Consumer Defensive,0.021357230604747233,20.791855282934904,0.28549802631866017,0.08739242953322547,False
CROWN.NS,CROWN LIFTERS LIMITED,112.37999725341797,-0.40765606114983033,1.848831777445703,-8.596990611780031,48.981365024075146,-0.0780986194020509,1302484224.0,15.352458,Industrials,0.014969214384116978,20.987539220194076,0.3044312570885563,0.0873347250602268,False
BSL.NS,BSL LTD,119.76000213623047,-3.0911147744167478,-5.589275855874032,5.552620397138708,25.164059482425095,0.019126663058510785,1232590080.0,33.926346,Consumer Cyclical,0.016423961678635628,20.932383549242772,0.29909471766168233,0.08709165067439731,False
DBSTOCKBRO.NS,DB (INT) STOCK BROKERS,32.4900016784668,13.48237034875568,-27.266615155014883,24.054986696990042,38.69750608274708,0.16910606222477373,1137150080.0,38.22353,Financial Services,0.018668050043811186,20.851791040365402,0.2912970588948352,0.08682530225656719,False
DCM.NS,DCM LTD,71.95999908447266,-6.557593704288401,-26.134263562928883,10.690657929341786,19.77578332436649,-0.19248131830929177,1344050688.0,109.0303,Industrials,0.013257746774418367,21.018953793365938,0.30747074705248156,0.08681099684393417,False
TAKE.NS,TAKE LIMITED,12.0600004196167,-12.73516146217184,-51.33171878354265,-72.41537035020525,67.97810260235245,-0.7966423161085564,1772246912.0,31.076923,Healthcare,0.004217900812966062,21.29551402084431,0.3342290936084788,0.08672069901184425,False
BCONCEPTS.NS,BRAND CONCEPTS LIMITED,146.8800048828125,-12.221357033683411,-28.795808729879635,-40.81476166880502,35.926499707179474,-0.8765227649754476,1833338112.0,188.30771,Consumer Cyclical,0.0030226780896874454,21.329404247604238,0.3375081133025686,0.08664403689290773,False
BRIGHTBR.NS,BRIGHT BROTHERS LTD.,235.0,-7.043872798555862,-7.164109036552513,-7.164109036552513,36.37952357192994,-0.1962659509446164,1334855168.0,23.313492,Basic Materials,0.013201118663420398,21.012088635272963,0.30680651459545594,0.08660246764642929,False
VIPULLTD.NS,VIPUL LIMITED,10.489999771118164,-24.96423380111128,-31.971467449957768,4.27434725214304,35.67407295668138,-0.3489120343478454,1427919616.0,,Real Estate,0.010917129651202387,21.07948440866318,0.3133273345890898,0.08651968088567424,False
KEYFINSERV.NS,KEYNOTE FIN SERV LTD.,241.52999877929688,-1.0340620699835545,-7.855147398256756,-10.685361851886832,33.530714567126424,-0.23578494109792886,1344509824.0,23.65622,Financial Services,0.012609810080378113,21.019295341195768,0.307503793218517,0.08633330586491283,False
HPIL.NS,HINDPRAKASH INDUSTRY LTD,116.48999786376953,-5.86666839291351,-5.7905406985464865,-7.142287208001563,29.325866545471406,-0.22102124354539573,1330794496.0,37.944626,Basic Materials,0.012830714031779348,21.009041966993344,0.30651173683073346,0.08625096973151787,False
ISHANCH.NS,ISHAN DYES N CHEMICALS L,47.91999816894531,8.195974663313566,-15.48501318492569,-12.202278194721483,45.41262200408342,-0.20054882801429658,1309535104.0,,Basic Materials,0.01313703549829922,20.992938029494677,0.3049536142314196,0.08609118018157931,False
ALPINETEX.NS,ALPINE TEXWORLD LIMITED,46.439998626708984,-19.59833799130162,-53.44361039928924,-53.44361039928924,54.26933799932539,-0.8600539022129193,1776190592.0,8.278074,Consumer Cyclical,0.0032690958211793048,21.29773679163683,0.33444415588161597,0.08606286083628847,False
BALAXI.NS,BALAXI PHARMA LTD,22.670000076293945,-10.642493786456807,-5.541666348775232,-1.2630619326759018,40.10302895615956,-0.11027919195296425,1251554048.0,50.37778,Healthcare,0.014487707931579882,20.947651855278703,0.30057198945870683,0.08600877831336162,False
SONAL.NS,SONAL MERCANTILE LTD.,87.55999755859375,-1.5958706954006807,-3.5682878681371766,-3.5682878681371766,45.109448522345524,-0.07035786376211929,1226097920.0,5.1799507,Financial Services,0.015085036555467194,20.92710254158092,0.2985837583148912,0.08595971699532319,False
OSWALSEEDS.NS,SHREEOSWAL S AND CHE LTD,12.180000305175781,3.9249149118286697,11.131389258964596,8.750004576785297,64.63988968957501,0.13148849865204887,1112275200.0,9.142857,Basic Materials,0.018105191829889275,20.829673485069627,0.28915709388622934,0.08586816734397429,False
WATERBASE.NS,WATERBASE LTD.,45.56999969482422,-6.292414777052802,-39.15888015158557,-39.15888015158557,32.24458942467196,-1.0105753447967794,1880361472.0,,Consumer Defensive,0.0010168970532843642,21.35472986817855,0.33995847190348527,0.08575229076583459,False
CORALFINAC.NS,CORAL INDIA FIN & HOUS LT,31.18000030517578,-6.841950498976512,-5.97843554024684,-1.335027794318544,26.881981980629575,-0.14245358328286803,1256623360.0,8.709497,Real Estate,0.01400629396645257,20.95169408840173,0.30096309224218476,0.08574549353538562,False
ASMS.NS,AVIO SMART MRKT STACK LTD,5.980000019073486,-15.417257795225082,-16.129033336735176,-28.894172085940916,23.729371588185856,-0.9426818371047939,1821368832.0,28.47619,Technology,0.0020327634424651925,21.322854161389053,0.33687436535364745,0.08574316392026075,False
CAPTRUST.NS,CAPITAL TRUST LIMITED,20.979999542236328,4.690611695434899,67.30462205787859,59.42249077124426,47.3066831362599,1.0747055377896337,710707712.0,,Financial Services,0.032218212652285826,20.38177181041869,0.2458207532178713,0.0856188477936822,False
MAKERSL.NS,MAKERS LABORATORIES LTD.,183.0,-3.6334882139309577,14.496651381782954,14.496651381782954,76.9505233082055,0.14126770027228303,1079768832.0,31.606218,Healthcare,0.018251514542866314,20.80001281165344,0.2862873009821984,0.08526046115269934,False
VITAL.NS,VITAL CHEMTECH LIMITED,51.04999923706055,-8.381195049054323,-2.8729111430308985,-6.809053715506863,43.13948965244479,-0.13775404526601842,1210249088.0,51.561222,Basic Materials,0.014076611481017494,20.914092034046757,0.2973249378668362,0.08488869307747218,False
WHBRADY.NS,W H BRADY & CO. LTD.,464.3999938964844,-3.6914180547354403,-8.402368067754562,-8.402368067754562,38.414775347741454,-0.19420074691117903,1236749952.0,20.116135,Industrials,0.013232019576271853,20.93575277006926,0.29942070372020163,0.0847791906122543,False
ASSAMENT.NS,ASSAM ENTRADE LIMITED,799.0,-3.734939759036149,-1.0526315789473717,-1.0526315789473717,40.424196051575,-0.03931044696345675,1150392192.0,60.992363,Financial Services,0.015549588001825487,20.86336875857284,0.29241725104591565,0.08476650376284803,False
SURANASOL.NS,SURANA SOLAR LIMITED,24.06999969482422,-7.813101753504236,-6.633052545677776,2.7754039983467482,24.618147116758067,-0.08793651710973908,1175053568.0,18.36923,Technology,0.014822013422475999,20.88457957414161,0.2944694852333818,0.08473388137520245,False
BYKE.NS,THE BYKE HOSPITALITY LTD,29.459999084472656,-8.252885317680757,-10.970084772971333,-22.636560746045753,24.20599481895366,-0.6717295855589858,1540148096.0,0.95032257,Consumer Cyclical,0.0060869255380074745,21.155144415631327,0.3206477533830075,0.08472713249925748,False
THAKDEV.NS,THAKKERS DEVELOPERS LTD.,135.05999755859375,-6.208335028754341,-12.746299233354009,-12.746299233354009,66.38541878577655,-0.17230751272616168,1215539968.0,8.897233,Real Estate,0.013559600246575756,20.91845423394412,0.2977469987599173,0.08460644987491114,False
SHYAMCENT.NS,SHYAM CENTURY FERROUS LTD,5.070000171661377,0.7952278366714305,-12.886597558053081,10.457516407768686,13.750592900428016,0.11067337348374713,1060864960.0,,Basic Materials,0.017793742521054024,20.782350413266016,0.2845783908421903,0.0844899046013381,False
AMDIND.NS,AMD INDUSTRIES LIMITED,52.72999954223633,-12.58289156330873,12.98479025294541,25.398336501663987,72.82193184952214,0.19332125166565362,1010662592.0,30.836256,Consumer Cyclical,0.019030373304118154,20.73387198537748,0.2798879023154811,0.0842447555569589,False
GANGESSECU.NS,GANGES SECURITIES LIMITED,115.81999969482422,-2.4345037586867013,0.8621421649248839,-5.034437057838703,25.066721563923938,-0.10952675339167584,1158627072.0,40.076122,Consumer Defensive,0.014498966401945033,20.870501583348442,0.29310738136222697,0.08415107014201552,False
ANSALAPI.NS,ANSAL PROP & INFRA LTD,3.9200000762939453,18.429007373400808,49.04942607301954,24.84076259015202,24.72938569585614,1.246331428102572,617027136.0,,Real Estate,0.034786189759509735,20.240423563074273,0.23214472531606264,0.08412582364864796,False
SRTL.NS,SHREE RAM TWISTEX LIMITED,36.099998474121094,-4.269426278014654,-12.59080111137928,-23.25680745851152,24.59550224229139,-0.6610773448510241,1489068800.0,7.45,Consumer Cyclical,0.006246311224099511,21.121416795759455,0.31738446657828767,0.08403085006264654,False
BCPL.NS,BCPL RAILWAY INFRA LTD,67.23999786376953,-1.7677124009042422,-4.880470304830398,0.06293329797049108,25.847153892104753,-0.06910690941184172,1124497408.0,13.638946,Industrials,0.015103754140138353,20.84060202522582,0.2902144753742216,0.08388143444865917,False
CHEMCRUX.NS,CHEMCRUX ENTERPRISES LTD.,80.20999908447266,-1.1765806219042108,-6.674339290342967,-6.674339290342967,29.254067391822808,-0.19056452840547344,1187817088.0,28.749104,Basic Materials,0.01328642701947573,20.895383080544747,0.2955147691883122,0.08384351256168485,False
SURYALAXMI.NS,SURYALAKSHMI COT MIL LTD,57.5,-5.412075778875325,-4.1666666666666625,6.6196915902512865,36.715108658265535,0.02662202768951665,1071901504.0,26.760561,Consumer Cyclical,0.016536112151665207,20.79270001570965,0.28557975771055233,0.08379702354138699,False
DEEP.NS,DEEP POLYMERS LTD.,41.029998779296875,17.228567940848215,11.011904208985968,11.011904208985968,63.97092725209264,0.19157510265361902,992105344.0,5.492637,Basic Materials,0.019004246297985625,20.715339854167357,0.2780948419254782,0.08377689520485876,False
SIL.NS,STANDARD INDUSTRIES LTD.,15.979999542236328,-18.427772242128704,0.45326206667046787,13.955425960009137,38.04838683101816,0.09009940859556102,1029263040.0,1.6614746,Consumer Cyclical,0.017485901607650137,20.752108888925083,0.28165239820733246,0.08352752575757072,False
VASWANI.NS,VASWANI IND LTD,44.130001068115234,-6.126350470637587,-19.234989822354066,-20.227763355819274,27.238725537595855,-0.6281369036337582,1435440128.0,,Basic Materials,0.00673918732101912,21.084737349236597,0.31383557832891873,0.08351328507299402,False
MKPL.NS,M K PROTEINS LIMITED,3.990000009536743,-0.7462679485599422,-14.56102902886549,-21.30177762441241,20.597592310770246,-0.7364186493734034,1505136512.0,30.692308,Consumer Defensive,0.005119006101958096,21.132149437345973,0.3184228940689355,0.08344497809370244,False
LAHOTIOV.NS,LAHOTI OVERSEAS LTD.,39.119998931884766,-9.192206896136456,-7.4739828255611425,-7.4739828255611425,51.04026963743393,-0.15316587657267075,1141188992.0,7.20442,Consumer Cyclical,0.013846009734953915,20.855336532146694,0.29164009989773093,0.08329453227564818,False
SMLT.NS,SARTHAK METALS LIMITED,74.05999755859375,12.913556477529632,9.897608294042914,6.561147566321934,65.69012433770952,0.13445807350489306,989768960.0,20.195532,Industrials,0.01814962452140445,20.712982101129985,0.27786671956152614,0.08307889828143487,False
JHS.NS,JHS SVEND. LAB. LTD,10.359999656677246,31.305447807210808,37.58299293514793,18.943738361697026,89.81932585806803,0.3006909299810602,905523712.0,,Consumer Defensive,0.020636907582956932,20.624024022686427,0.2692596573181511,0.08279259501675548,False
JETFREIGHT.NS,JET FREIGHT LOGISTICS LTD,19.799999237060547,-6.515585685699932,-4.486253380184369,11.612173013080817,49.82908209393449,0.06335844897423977,1008284224.0,12.222221,Industrials,0.017085786147170715,20.731515936095764,0.27965994479693995,0.08272932580961302,False
MOTOGENFIN.NS,MOTOR & GENERAL FINANCE L,25.770000457763672,-10.240329921497748,-4.767180464294906,14.635235687376058,57.807901743642574,0.06641648640111435,1005486848.0,0.6705699,Real Estate,0.017131542472693214,20.728737688026307,0.2793911377984105,0.08269644130412254,False
HECPROJECT.NS,HEC INFRA PROJECTS LTD,112.79000091552734,-4.236710745022243,-12.538775555601045,-15.411726403747982,33.904186073511596,-0.36322470595501993,1222436096.0,9.689862,Industrials,0.010702974240480724,20.924111505554414,0.29829436320089225,0.0826008214805836,False
RTSPOWR.NS,R T S POWER CORPN. LTD.,103.77999877929688,17.824700978499287,7.299418392772461,7.299418392772461,89.1933142632225,0.10543923597298344,970577408.0,37.942654,Industrials,0.01771542598455015,20.693401719370883,0.2759722365927133,0.08227962863659094,False
TICL.NS,TWAMEV CONS AND INFRA LTD,8.170000076293945,0.6157659044279784,-33.89967392207601,-66.53011008863194,60.216263684835035,-0.7192708645296043,1393449984.0,19.543478,Industrials,0.005375582302892494,21.0550485126024,0.3109630605169917,0.0817724518564173,False
CLCIND.NS,CLC INDUSTRIES LIMITED,43.220001220703125,-8.972195371955882,-11.867862125144157,101.58582156771776,26.456610379402907,1.7174578458312875,449258080.0,,Consumer Cyclical,0.041835486652477105,19.923108071223538,0.20144313826594082,0.08173739955584303,False
LOYALTEX.NS,LOYAL TEXTILE MILLS LTD,207.0,-5.106811873483974,-1.6159667277163337,2.1717639506073194,47.63820171698785,-0.008822130192822623,997004352.0,,Consumer Cyclical,0.01600577383347374,20.720265694014877,0.2785714373163667,0.08164718970419697,False
VIRINCHI.NS,VIRINCHI LIMITED,12.779999732971191,-13.06122517827385,-19.57206131627579,-28.00000150438765,26.804316066976536,-0.838815067159766,1465195904.0,,Technology,0.0035868849502038035,21.105254794024734,0.3158207260238361,0.08164534521861187,False
INDOUS.NS,INDO US BIOTECH LTD,75.52999877929688,-2.516784322599308,-12.38835450480751,-29.384817290764598,20.66244896141406,-0.9152967247854648,1514527488.0,13.250877,Basic Materials,0.002442517130481408,21.138369338811582,0.3190246952768621,0.08158806166707658,False
ARTNIRMAN.NS,ART NIRMAN LIMITED,40.130001068115234,-1.2306177377691019,1.006799724358598,-2.3838470632120634,42.54817653315781,-0.026699314856425932,1001484288.0,78.68628,Real Estate,0.015738283882662473,20.7247490254783,0.27900521818976814,0.08155501745943888,False
ZENITHEXPO.NS,ZENITH EXPORTS LTD,194.89999389648438,-4.507600162620862,-2.7978658241698318,0.443207915949273,38.85606333676062,-0.03910009638892167,1003972352.0,332.23215,Consumer Cyclical,0.015552735402598834,20.727230320984212,0.2792452937988332,0.08147587500165743,False
ALKALI.NS,ALKALI METALS LTD,85.87999725341797,31.014482464032444,5.492072253849067,35.28865229572311,99.40035440164648,0.25648645289079547,874473600.0,82.57693,Basic Materials,0.01997549172665681,20.589132664431542,0.2658837740087309,0.08145256229717533,False
LOVABLE.NS,LOVABLE LINGERIE LTD,69.0,-3.320726713430777,-8.548704054510182,1.098901098901095,27.895263790363433,-0.09604877837427707,1021200000.0,18.110237,Consumer Cyclical,0.014700632544700692,20.744244244310842,0.28089146129298864,0.08124833973177267,False
GROBTEA.NS,THE GROB TEA COMPANY LTD,873.9500122070312,-10.607068952837395,-5.230673822175436,2.325850460358514,29.498022857576483,-0.08569017385197165,1015818304.0,13.251707,Consumer Defensive,0.014855624657065344,20.73896033644864,0.2803802213398111,0.08123677382775178,False
DIGJAMLMTD.NS,DIGJAM LTD,47.52000045776367,-4.883904466418065,9.115961630889547,4.416616590555722,78.5247755052057,0.0505103754285507,950400000.0,24.621763,Consumer Cyclical,0.016893544995925415,20.672393507624843,0.2739396051635746,0.0811550600378377,False
VGCL.NS,VIBRANT GLOBAL CAPITAL L,48.02000045776367,-8.741920500750433,-17.505581149248183,-17.505581149248183,44.444913322936,-0.3544353637216988,1144910848.0,4.1964736,Financial Services,0.010834486039787752,20.85859260978591,0.29195513888463714,0.08111464925100009,False
COMPUSOFT.NS,COMPUCOM SOFTWARE LTD,12.899999618530273,-0.9216653994957635,-2.3494525514511255,-3.9900340533461476,26.724251337037714,-0.10792391657768857,1020714816.0,34.864864,Consumer Defensive,0.014522949078669564,20.743769019776643,0.280845481352583,0.08110358214714793,False
ABAN.NS,ABAN OFFSHORE LTD.,16.920000076293945,12.875252399232128,18.57042420127273,-19.543511536647262,34.195576437947935,-0.04753766999651723,987541312.0,,Energy,0.015426486992027944,20.71072888981382,0.2776487120417479,0.08098204325445793,False
SADBHAV.NS,SADBHAV ENGINEERING LTD,6.849999904632568,-15.950917481541428,-17.070221370201356,-27.742613550626228,44.099828477111394,-0.5030077768599927,1219868416.0,4.086207,Industrials,0.008611449905737817,20.922008834956785,0.2980909211186468,0.08098131770896506,False
ALPA.NS,ALPA LABORATORIES LTD,58.72999954223633,-6.346674534112373,-13.377585695088445,-15.325837621934468,24.32832935700905,-0.5321174847566952,1235714432.0,34.958336,Healthcare,0.008175891707960053,20.93491512802563,0.2993396583858897,0.08096683337744247,False
INDIANCARD.NS,INDIAN CARD CLOTHING CO.,187.86000061035156,-14.597445302614032,-22.017432391021273,-3.35425666667295,35.496073316115805,-0.3155798955870497,1116098816.0,18.636906,Consumer Cyclical,0.011415866579042705,20.833105242684518,0.2894891306378357,0.08093418259374095,False
KRITIKA.NS,KRITIKA WIRES LIMITED,4.949999809265137,-7.821230637702669,-10.971225535830753,-17.362270477330732,20.03266688526642,-0.6757337454772618,1318085888.0,20.625,Basic Materials,0.006027012718414535,20.999446437064353,0.30558332959890017,0.08091609193853594,False
SAMPANN.NS,SAMPANN UTPADAN INDIA LTD,23.90999984741211,-5.0813841187296145,-16.2521874383285,-18.728756677746183,28.513634486462962,-0.5350532006302299,1229195520.0,16.701387,Basic Materials,0.008131965636300325,20.929625744380576,0.2988278886280599,0.08080594638424023,False
KAMOPAINTS.NS,KAMDHENU VENTURES LIMITED,4.110000133514404,-9.271524433587485,-18.127487069116597,-24.725272805872255,26.372889344683088,-0.7452800166397358,1352190080.0,,Basic Materials,0.004986416617719136,21.02499139714061,0.30805491020436904,0.0807535400143816,False
GSLSU.NS,GLOBAL SURFACES LIMITED,28.889999389648438,1.832916937020057,-25.99897870863511,-47.47272838245738,58.524842067135495,-0.5325853657174717,1224410624.0,,Basic Materials,0.008168890971684254,20.925725442717578,0.2984505183007246,0.08073929780394434,False
MAGNUM.NS,MAGNUM VENTURES LTD.,18.190000534057617,-4.263155083907277,-6.237108805491431,-15.826006384542657,18.638495931130187,-0.5706880474386293,1244401920.0,,Basic Materials,0.007598774107583153,20.94192086670241,0.30001749259619287,0.08070345372973559,False
SHRIKRISH.NS,SHRI KRISHNA DEVCON LTD.,34.04999923706055,-14.42573899571553,-10.394738849840667,-10.394738849840667,72.26335442388599,-0.1550016459678527,1022000000.0,25.172413,Real Estate,0.01381854177092836,20.745027329706396,0.28096722804581575,0.0806057133396502,False
PATINTLOG.NS,PATEL INT. LOG. LTD,13.020000457763672,-0.8126592841475544,-17.011604185435736,25.7064997609705,33.63786665363741,0.22555641967202528,856237824.0,8.893333,Industrials,0.019512696649022245,20.568058728461516,0.2638447834889211,0.08059571835899695,False
GTL.NS,GTL LTD,6.860000133514404,-3.516174336222233,-6.41200266144093,-7.547168962554018,23.373042396817482,-0.2738376989189645,1079056000.0,0.12137297,Communication Services,0.012040440209824333,20.799352422709713,0.2862234056188663,0.08058618156208482,False
BRNL.NS,BHARAT ROAD NETWORK LTD,16.030000686645508,-6.3668230090851985,-10.696378800484963,-21.267189557472644,19.894804905910547,-0.7597899598124879,1345718528.0,,Industrials,0.004769309502779739,21.02019392965911,0.30759073537116344,0.08047466596987567,False
VIKASECO.NS,VIKAS ECOTECH LIMITED,1.0199999809265137,-4.672903651825999,-15.70248357276338,-31.54362587932852,23.424256696279947,-0.9143145508794503,1430006656.0,51.5,Basic Materials,0.0024572130490363464,21.08094493645215,0.31346864669708235,0.08021007146104785,False
PACIFICI.NS,PACIFIC INDUSTRIES LTD.,139.5,-3.0037596330251826,0.36692890616585316,0.36692890616585316,61.370750894849365,-0.005005785283509236,930507776.0,33.834587,Basic Materials,0.016062876443939545,20.651240991883764,0.2718930117257121,0.0800204102643827,False
RAJSREESUG.NS,RAJSHREE SUGAR & CHEMICAL,28.389999389648438,-19.96053450069304,-9.297124339755714,1.465331858898744,41.6047847175326,-0.14538179475116111,992411456.0,,Consumer Defensive,0.013962480180537308,20.715648354455304,0.2781246906050688,0.08000303278667018,False
THACKER.NS,THACKER & CO. LTD.,935.0,-10.952380952380958,-11.34919472015492,-11.34919472015492,52.241921837238955,-0.21572391615867148,1022075200.0,5.4096146,Financial Services,0.012909976055905045,20.745100908212667,0.28097434707080293,0.07992606880962952,False
SADBHIN.NS,SADBHAV INFRA PROJ LTD.,2.609999895095825,2.352938976529795,-5.090912905606359,4.399995803833012,34.24068598999318,0.03339044742974189,905218752.0,51.399998,Industrials,0.016637385607047077,20.62368718847769,0.2692270672144637,0.07978480600890124,False
KHAITANLTD.NS,KHAITAN (INDIA)LTD.,145.60000610351562,-10.123453022521222,13.184084883657077,40.71712031098613,45.73480043302553,0.48735524818215725,731045696.0,9.945355,Industrials,0.023429899333804922,20.409986528756093,0.24855064398392915,0.07971008549633599,False
RUCHINFRA.NS,RUCHI INFRASTRUCTURE LTD,4.849999904632568,-16.666670763205705,-19.834714847447575,-25.727415791692422,41.406243890409414,-0.534882047277816,1161242752.0,32.8,Industrials,0.008134526542991164,20.872756607383938,0.2933255642701023,0.07943228597476895,False
WEIZMANIND.NS,WEIZMANN LTD,70.38999938964844,-5.516779342753775,-9.08880578770993,-12.350901233146406,22.83245164451366,-0.43821173375408873,1098514176.0,17.636816,Consumer Cyclical,0.009580970034846866,20.81722435548627,0.2879525890781835,0.07917387479568103,False
BVCL.NS,BARAK VALLEY CEM. LTD.,41.439998626708984,-4.691814482531664,0.04828695955536588,-2.494120878331807,32.527679240970755,-0.06674122772965761,918310400.0,45.043476,Basic Materials,0.015139150993094225,20.638046018883543,0.27061634348040353,0.07900844911492155,False
GLOBE.NS,GLOBE ENTERPRISE (I) LTD,2.0799999237060547,10.052906849166622,-1.886790755296608,-15.789477748452185,56.606764215149916,-0.11394741989406115,936871040.0,9.043478,Consumer Cyclical,0.014432821542587872,20.658056201061708,0.2725524114184944,0.0789627190115645,False
ADROITINFO.NS,ADROIT INFOTECH LIMITED,12.59000015258789,22.11444849830526,39.11602085353745,27.429149865959523,57.09396710379434,0.5232123883399511,687773056.0,22.087719,Technology,0.02396641695878468,20.34896948247054,0.24264699223610203,0.07863656077811401,False
SPLIL.NS,SPL INDUSTRIES LIMITED,28.940000534057617,-4.771302680857326,-8.359719430102587,7.463795789469518,46.89491548113225,0.005751615644456952,865942400.0,10.350878,Consumer Cyclical,0.016223835604972165,20.579328952767373,0.2649352243324568,0.07840168278684333,False
APOORVA.NS,APOORVA LEAS F & INV C L,33.0,30.6930693069307,24.481326726083942,24.481326726083942,43.502332921341555,0.5913171435696118,659171712.0,219.99998,Financial Services,0.024985444169679055,20.30649462453446,0.2385373739481314,0.07837342661429214,False
SUPTANERY.NS,SUPER TANNERY LTD.,7.690000057220459,-41.96226371909088,-6.105000595609811,-6.105000595609811,113.16671377844827,-0.11731765266402129,914534400.0,13.234376,Consumer Cyclical,0.014382393949271427,20.633925642364883,0.2702176800000008,0.07834121546195377,False
CTE.NS,CAMBRIDGE TECH ENTER LTD,37.45000076293945,-10.449543194103871,27.207880718668733,28.826973361156426,52.21345981894462,0.3923498333188944,720941440.0,10.549296,Technology,0.02200836712799193,20.396068472810686,0.24720401447118737,0.07830727896379079,False
URAVIDEF.NS,URAVI DEFENCE &TECH LTD,101.16000366210938,-14.416238346938659,-18.02933258224303,-27.95384871184352,33.25970824818519,-0.6695480198786156,1162800000.0,67.10526,Consumer Cyclical,0.0061195675287635375,20.874096727508988,0.2934552264383024,0.07795348225614826,False
SHILGRAVQ.NS,SHILP GRAVURES LTD.,142.8699951171875,-0.01748041728756311,-10.572185015530023,-10.572185015530023,56.72994712091799,-0.14914951494133288,904020608.0,13.611111,Industrials,0.013906105124436248,20.622362715662963,0.26909891898829397,0.07770430859040067,False
VLEGOV.NS,VL E GOV AND IT SOL LTD,9.319999694824219,-12.158341221445612,-11.23809814453125,-25.855211447126834,45.263587341846055,-0.41381393987483667,1020526976.0,,Technology,0.009946025540367899,20.743584974945616,0.2808276742535097,0.07766643771865335,False
INDBANK.NS,INDBANK MERCH BANK,25.229999542236328,-11.721484920967495,-25.288720165131096,-21.597267548259236,33.536623553335694,-0.6181166918690144,1119661952.0,15.384146,Financial Services,0.006889116183001886,20.8362926490157,0.2897975253914929,0.07761621848512464,False
ANMOL.NS,ANMOL INDIA LIMITED,13.130000114440918,30.25793862916506,19.581062493985257,17.33691337628418,88.55469029813572,0.23256095292754556,747282816.0,6.5,Energy,0.019617502986889843,20.431954275193103,0.2506761143654639,0.07738215583153335,False
KAKATCEM.NS,KAKATIYA CEM SUGAR &IND L,105.44000244140625,-3.795616871014018,-7.599666160924845,7.5307616847095415,23.36047484469363,0.031093444147536817,819675584.0,,Basic Materials,0.016603016364544296,20.524419191892367,0.2596224777231662,0.07735788170419977,False
VINEETLAB.NS,VINEET LABORATORIES LTD,37.56999969482422,0.535190710880129,12.216249129359147,16.351807462346258,34.65743203854173,0.34474038926269174,704677888.0,36.69,Basic Materials,0.021296003962964435,20.37325136133274,0.24499636450683582,0.07722109409893228,False
DEVIT.NS,DEV INFO TECHNOLOGY LTD,21.360000610351562,-11.388719405930203,-22.4411080981464,-26.857178984636786,26.289796879845134,-0.8535123304546056,1217256448.0,1.6132932,Technology,0.0033669750309534363,20.919865351020853,0.2978835301770142,0.07699611381746863,False
BLBLIMITED.NS,BLB LIMITED,16.09000015258789,-3.537171113868709,1.0678396700957826,-4.792896356365861,33.27479844893856,-0.08365281322787628,850601984.0,3.1061778,Financial Services,0.014886108958893562,20.561454874427923,0.26320583328105035,0.07696604003943276,False
COUNCODOS.NS,COUNTRY CONDO S LIMITED,6.510000228881836,0.9302390913331626,27.647065698344385,30.460932414493257,23.259204713722387,1.0194086180430944,505158400.0,81.37501,Real Estate,0.03139082452482912,20.04038260340348,0.2127899345962582,0.07674060204268639,False
RELCHEMQ.NS,RELIANCE CHEMOTEX IND LTD,113.2699966430664,-2.555404967870867,-15.636672281597852,-2.613801417763295,38.921208398864984,-0.1672348741093495,866679936.0,15.588874,Consumer Cyclical,0.013635500332614302,20.58018030511159,0.2650175961950906,0.07648102429823336,False
TERAI.NS,TERAI TEA CO. LTD.,116.0,-4.471712337584776,-6.451612903225811,-6.451612903225811,61.582792934036526,-0.09833319506125146,839274624.0,12.175648,Consumer Defensive,0.014666451630942202,20.548048535068073,0.26190871446570574,0.07647701733963308,False
PALASHSECU.NS,PALASH SECURITIES LTD,87.94000244140625,-2.4731016666551087,-4.868022372513847,-4.847431093159682,40.90974149995203,-0.1070342278149843,841260864.0,5.197775,Consumer Defensive,0.014536261174944859,20.550412354144417,0.26213742374403254,0.07643655181721679,False
BANARBEADS.NS,BANARAS BEADS LTD,116.11000061035156,1.9402976776699443,-0.607771859550954,7.708717368592177,44.68303559779798,0.09086416371572598,766038272.0,41.02827,Consumer Cyclical,0.01749734436630173,20.45674269120863,0.2530744962020912,0.0763916323252491,False
AAKASH.NS,AAKASH EXPLORATION SER L,8.210000038146973,-6.1714281354631755,-6.8104466843581735,1.3580203888494902,29.711740635382633,-0.08745396204736444,831262528.0,23.457144,Energy,0.014829233722110823,20.538456222301953,0.26098061850769444,0.07636707991850672,False
BHANDARI.NS,BHANDARI HOSIERY EXP LTD,2.8299999237060547,-6.286191600489333,-3.4173987463175015,-7.507217159353507,16.3951747165265,-0.3681611588571419,942266752.0,10.884616,Consumer Cyclical,0.010629111852816347,20.663798969735897,0.27310804805423183,0.07624884590317021,False
ADDIND.NS,ADDI INDUSTRIES LTD.,78.9000015258789,-0.5545687324434501,-11.843573714101785,-11.843573714101785,62.041557035235215,-0.1545056761256261,851849728.0,35.066666,Consumer Cyclical,0.013825962791139176,20.562920694824648,0.26334765747074684,0.0762063864610411,False
MUKESHB.NS,MUKESH BABU FINANC SER L,128.0,-4.413414607187893,-11.724137931034484,-11.724137931034484,38.4158740306823,-0.2671289805303377,892275200.0,23.443224,Financial Services,0.012140820375132684,20.609285164261824,0.2678336117686472,0.0760640182235113,False
SOMICONVEY.NS,SOMI CONVEYOR BELT. LTD.,83.43000030517578,-8.649952225439117,-19.258686899488843,-20.38362479600525,30.034789624827603,-0.5892969164570734,1033789440.0,22.611702,Industrials,0.007320336224210435,20.75649695689963,0.28207696194393606,0.07600949265414184,False
KSR.NS,KSR FOOTWEAR LIMITED,38.29999923706055,10.661654324286074,23.270034159159426,11.014490542204491,74.94088483699926,0.1950949260248636,703892032.0,,Consumer Cyclical,0.019056912162222932,20.37213554014522,0.24488840418910515,0.07551478516894349,False
SAMBHAAV.NS,SAMBHAAV MEDIA LTD,5.25,-11.616162467569657,-15.32257804017153,-23.133234866109987,33.59493768773017,-0.5502800305779982,993776384.0,,Communication Services,0.007904131999719254,20.71702277452374,0.2782576714347422,0.075492516858475,False
RSSOFTWARE.NS,R. S. SOFTWARE (INDIA) LI,29.790000915527344,-2.6788620662324125,-13.652171259341028,6.545071140831915,43.732527329224645,-0.03107271185979849,774936384.0,,Technology,0.015672846299993652,20.468291500077587,0.2541918912550323,0.07530260753875331,False
SHERVANI.NS,SHERVANI INDUSTRIAL SYN L,315.0,0.7267468668049615,-7.236598923335869,-7.236598923335869,85.10414839324446,-0.06631791600994856,782183808.0,298.0392,Real Estate,0.015145484855680168,20.477600320761816,0.25509255818088555,0.07513225318698151,False
BEARDSELL.NS,BEARDSELL LIMITED,22.5,-10.728335872406959,-17.956946815091136,-6.749242981063341,32.01340564909167,-0.34071266358720476,887332480.0,8.241758,Industrials,0.01103981391736161,20.603730307694786,0.26729615640695287,0.07510389953975942,False
LPDC.NS,LANDMARK PR.DEV.CO.LTD,6.230000019073486,-7.429420484144877,-2.959502413746695,-22.02753194570335,57.11882056294708,-0.234379853463829,835711872.0,9.734375,Real Estate,0.012630833906511995,20.543794462122147,0.2614971153026609,0.07484740425554923,False
SUPREME.NS,SUPREME HOLDIN N HOSP I L,30.90999984741211,-14.778054984017086,-35.32119846147731,-43.84084423462994,36.755996805139795,-0.9650776943868982,1170285184.0,158.73685,Real Estate,0.001697662201666198,20.88051330391764,0.29407605676090953,0.07479226084147703,False
USK.NS,UDAYSHIVAKUMAR INFRA LTD,18.530000686645508,-11.719862369210542,-20.369573175219845,-11.971489984561801,21.330901344075627,-0.676979804326115,1022446400.0,15.652542,Industrials,0.0060083683833886585,20.745464024947374,0.28100948011764837,0.07475864631695359,False
CRSL.NS,CRESSANDA RAILWAY SOLUT L,2.049999952316284,-24.90842717971783,-20.54263515746346,-20.54263515746346,59.467235879722146,-0.3601276105193385,867446592.0,,Technology,0.010749314977086465,20.581064503625,0.26510314606052815,0.07433777274794688,False
INVENTURE.NS,INVENTURE GRO & SEC LTD,0.8500000238418579,-8.602148676927513,-5.555550404536735,-22.018348824525358,34.077910515656576,-0.422451642449516,892500032.0,28.333334,Financial Services,0.009816782671297618,20.609537108592857,0.26785798842534897,0.07432708410981045,False
REGENCERAM.NS,REGENCY CERAMICS LTD.,32.529998779296875,-6.683883506194777,-20.26960934413853,-28.849523379788312,56.89462946845666,-0.3839100702132276,871514624.0,,Industrials,0.01039346649795535,20.585743204194902,0.2655558297035185,0.07418405729934613,False
HISARMETAL.NS,HISAR METAL IND. LIMITED,145.3000030517578,-10.413711779645741,-4.575120235848962,-1.1707712574753337,25.436260400952353,-0.15885448535160315,784620032.0,16.216518,Basic Materials,0.013760893106631608,20.480710124169317,0.255393444530516,0.0741690309626027,False
REPL.NS,RUDRABHISHEK ENTERP LTD,56.2400016784668,-10.998571133541034,-16.27214052170658,-35.244671656241,32.74617964047276,-0.7543992148645536,1024102464.0,,Industrials,0.004849969300622224,20.747082422034275,0.2811660667335597,0.07392899365885659,False
FELDVR.NS,FUTURE ENTERPRISES LTD,1.9600000381469727,-9.677420772520119,-24.324320343632067,-29.99999744551518,37.8952483955197,-0.6394674795845058,968838016.0,,Consumer Cyclical,0.006569651946139913,20.691607990762716,0.2757986859265081,0.07387691044123196,False
BAGFILMS.NS,B.A.G FILMS AND MEDIA LTD,4.110000133514404,-8.869181265354475,-7.223469689032191,-20.348832266425564,29.726820808773724,-0.4748335983628778,895643392.0,15.8076935,Communication Services,0.009033010110107384,20.613052892832698,0.26819815510066436,0.07382429635774662,False
CGVAK.NS,C G V A K SOFTWARE & EX L,146.16000366210938,-0.7204310916040679,-2.709430979577576,-2.709430979577576,25.592501638957778,-0.09032454249699867,738137280.0,8.56239,Technology,0.01478628224861423,20.419640382880793,0.2494846943230726,0.07346088526722883,False
BANKA.NS,BANKA BIOLOO LIMITED,69.5,-12.0253164556962,-23.918991613679196,5.591006262896037,42.64457912387634,-0.15911184453071225,759108992.0,248.21428,Industrials,0.013757042332840537,20.447655925840813,0.2521953140470793,0.07336661026140022,False
CINEVISTA.NS,CINEVISTA LIMITED,13.829999923706055,-2.8792124578799427,-11.742183430946495,-2.6741739156988187,19.609479228575292,-0.27719167934410627,794346432.0,,Communication Services,0.01199025579455845,20.493030237656324,0.2565854664973056,0.07313905847024524,False
ZENITHSTL.NS,ZENITH STEEL PIP IND LTD,5.150000095367432,-12.711864201305456,-7.706090218958838,-0.770712165934917,39.69045082927691,-0.13201049318692373,739858304.0,18.571428,Basic Materials,0.01416255020638329,20.421969246098175,0.24971002147737972,0.0730494180241324,False
ANSALBU.NS,ANSAL BUILDWELL LTD.,85.56999969482422,6.060980876489586,17.21917766414276,17.21917766414276,98.9905395542757,0.151403743973364,631835456.0,13.779387,Real Estate,0.018403176556882592,20.264139565365344,0.23443934668665334,0.07241221908932528,False
GOYALALUM.NS,GOYAL ALUMINIUMS LIMITED,5.909999847412109,-4.983922077752823,-12.314539345575648,-11.791044542427764,22.365704997520307,-0.4733438311529882,843550720.0,17.90909,Basic Materials,0.009055300966592461,20.553130589737012,0.2624004242870633,0.07239158179671017,False
PIONRINV.NS,PIONEER INVESTCORP LTD.,69.3499984741211,-17.33222198273314,-13.818817668566286,-13.818817668566286,50.35291847003207,-0.28839437657926115,769786432.0,5.3919034,Financial Services,0.011822633823382755,20.461623674600418,0.2535467515452489,0.0722536632538493,False
DHARAN.NS,DHARAN INFRA-EPC LIMITED,0.14000000059604645,7.692312100935417,-6.666669978035689,-17.647059339140526,51.31147372529641,-0.1809550100299579,732026176.0,,Real Estate,0.013430210822460093,20.411326832215142,0.24868032389045233,0.07224273908945815,False
21STCENMGM.NS,21ST CENTURY MGMT SERVICE,38.36000061035156,0.6031983629516846,22.909329495738806,28.941178522190135,19.649779116202712,1.0923292142055694,402780000.0,,Financial Services,0.032481909449422454,19.813901067625736,0.19087690871349883,0.07208065926544155,False
DUCON.NS,DUCON INFRATECHNOLOGIES L,1.4199999570846558,-26.041667248743295,-53.28947450975963,-60.77348060840209,110.25414185543276,-0.4678456086851131,816313024.0,6.4545455,Industrials,0.009137568912309641,20.520308448437863,0.2592247462815871,0.071659363254629,False
KSHITIJPOL.NS,KSHITIJ POLYLINE LIMITED,3.640000104904175,10.303035075780631,3.1161511163156463,40.000009169945685,68.02853840213136,0.3380266205155626,561451392.0,12.551724,Industrials,0.02119554823093947,20.14603576205553,0.22301231494257323,0.0716497399088479,False
MOKSH.NS,MOKSH ORNAMENTS LIMITED,9.3100004196167,-7.5471628424988335,-20.291094380441578,-10.39460912434068,33.935816583884446,-0.37700773791019554,779702912.0,6.9477615,Consumer Cyclical,0.010496743639348874,20.47442352432518,0.2547851899784348,0.07156885522412035,False
RAJMET.NS,RAJNANDINI METAL LIMITED,3.059999942779541,-2.8571476147016606,-17.07317356833522,-25.0,30.82963362486451,-0.590126428819367,857088000.0,,Basic Materials,0.007307924525994943,20.56905115623781,0.2639408049834504,0.0714661446403588,False
AKI.NS,AKI INDIA LIMITED,6.010000228881836,-16.758997181046954,29.805617285768804,10.073263496194462,105.13891864301807,0.10107120783311464,620267776.0,20.72414,Consumer Cyclical,0.017650068734274913,20.245661841149246,0.23265155039848623,0.07140043915032775,False
ROML.NS,RAJ OIL MILLS LIMITED,43.0,2.3809523809523725,-5.577516171417784,2.0408178044796443,31.140653090332094,-0.0056728249236433,644513408.0,14.776632,Consumer Defensive,0.016052895767234232,20.284006185402497,0.23636152439346778,0.07113005292379262,False
GATECHDVR.NS,GACM TECHNOLOGIES LIMITED,0.4699999988079071,-2.083331393077925,6.8181821260570485,4.444446946367875,36.60945200651494,0.1051917365929148,607431872.0,7.8333335,Financial Services,0.017711722739422568,20.22475058368058,0.2306282996969298,0.07094086697879938,False
TFL.NS,TRANSWARRANTY FIN. LTD.,11.720000267028809,-5.1779887332172425,-0.8460188695199267,-4.715446461073613,40.5387479660572,-0.08996643510056056,656985024.0,,Financial Services,0.014791640482120281,20.303171783190642,0.23821587529650265,0.07064769918571587,False
SELMC.NS,SEL MANUFACTURING CO LTD,23.84000015258789,-13.30909035422585,-17.22221949954085,-22.997413250750554,38.04379211275897,-0.5080248175126792,790992960.0,,Consumer Cyclical,0.008536381712246617,20.488799626830133,0.2561761373914434,0.07044632063204581,False
HBPOR.NS,HB PORTFOLIO LTD.,59.27000045776367,1.5244936165897283,-2.7403974509008,-2.7403974509008,33.83223898356806,-0.05578759473363869,637995904.0,17.17971,Financial Services,0.01530304630471312,20.273842422793166,0.23537813829817456,0.07032181930307849,False
PRAXIS.NS,PRAXIS HOME RETAIL LTD,4.409999847412109,-5.16129554909951,-42.80155868232639,-37.179489182419225,47.16818110362874,-0.6882281772476871,849161792.0,,Consumer Cyclical,0.005840062983175175,20.55976029502427,0.26304187571071175,0.07014051616505931,False
CURAA.NS,CURA TECHNOLOGIES LIMITED,72.30000305175781,-0.22080600984871745,-6.018454744639412,-34.272724498401985,58.42804537718415,-0.32494771563334846,715770048.0,,Technology,0.011275699222126886,20.38886951272728,0.24650748529014427,0.07008364573913123,False
ATLASCYCLE.NS,ATLAS CYCLE (HARYANA) LTD,92.93000030517578,-3.3790808792762195,-2.6707194827225944,8.196531570095477,72.73014927848388,0.03604053876340837,604401664.0,,Consumer Cyclical,0.016677037980383638,20.21974954315721,0.23014442832943383,0.07004388556764618,False
PARASPETRO.NS,PARAS PETROFILS LTD.,2.059999942779541,-3.7383251496717174,1.4778311237724884,-13.080166993611996,26.47726926144978,-0.25850094742645396,688495232.0,,Consumer Cyclical,0.01226991856335326,20.350018952361737,0.24274853279131764,0.06988957212034436,False
HILTON.NS,HILTON METAL FORGING LTD,16.75,-10.091246620803618,-27.5205557870161,-17.528309008142063,25.067574752665774,-0.7594899287795069,862064768.0,10.534591,Industrials,0.004773798760331423,20.57484096385629,0.26450099283171924,0.06970559727817838,False
BONLON.NS,BONLON INDUSTRIES LIMITED,39.38999938964844,-1.8440111108164348,-7.470050100945658,-3.8095270921285285,31.97546961501831,-0.1411888817498287,645340480.0,123.09375,Basic Materials,0.014025217245326137,20.2852886130011,0.236485604570973,0.06964031407673785,False
SEMAC.NS,SEMAC CONSTRUCTION LTD,239.0399932861328,-13.781787813838475,-27.78247936974839,-9.758775315337154,38.06716386834446,-0.41953451237332257,734281920.0,10.940548,Industrials,0.009860430650287268,20.41440360139152,0.2489780140415091,0.06963982649809272,False
TOKYOPLAST.NS,TOKYO PLAST INTL LTD,71.05999755859375,-7.123257646670389,-15.755780860630086,-5.467607703161437,36.09655900265885,-0.24615059951291185,675549504.0,192.16216,Consumer Cyclical,0.012454712423128131,20.331036999133683,0.24091195025948667,0.06956902188221777,False
SUPERSPIN.NS,SUPER SPINNING MILLS LTD,7.260000228881836,4.460437814738261,37.24008093071403,46.37097123076093,42.89817805678827,0.8217038357679779,402827808.0,59.916668,Consumer Cyclical,0.028432638239849282,19.814019755651007,0.19088839227113547,0.06904657674767083,False
DIGIDRIVE.NS,DIGIDRIVE DISTRIBUTORS L,17.950000762939453,1.699723234521855,-2.972968848975932,-13.701916243550095,21.294931927417583,-0.34763690038776107,692186048.0,12.04698,Consumer Cyclical,0.010936209026768447,20.35536533438281,0.2432658173779158,0.06901861111455529,False
VEDAVAAG.NS,VEDAVAAG SYSTEMS LTD.,22.329999923706055,22.89488073717503,17.65016049665833,17.65016049665833,80.69326008636935,0.23173068636111008,527944512.0,12.711864,Technology,0.019605080003786232,20.084501747133146,0.21705864433965252,0.06896847108775281,False
DELTAMAGNT.NS,DELTA MANUFACTURING LTD,56.2400016784668,-3.6986297790676304,-7.484782313761007,-0.2660005547174715,32.95849841693727,-0.09460870722203601,610267008.0,,Consumer Cyclical,0.01472217981676428,20.229407139032453,0.23107884069842763,0.06881134503718012,False
UMAEXPORTS.NS,UMA EXPORTS LIMITED,21.15999984741211,-11.722985174959256,-2.578266499290671,-27.360108283452313,39.902530727406436,-0.4209790912972518,706625472.0,1045.0,Consumer Defensive,0.00983881593004043,20.376011342338597,0.2452634040913633,0.06869496297037114,False
MALUPAPER.NS,MALU PAPER MILLS LIMITED,32.400001525878906,2.3696743013845945,5.024314830609211,-0.5219471002092968,36.394729441212306,0.04726661760424577,566173952.0,,Basic Materials,0.016845009802202573,20.154411926404805,0.22382274350821157,0.06858944322870482,False
IL&FSTRANS.NS,IL&FS TRANS NET LTD,1.940000057220459,-5.825237324869392,-9.767443201488978,-8.490558398834713,38.27889423916616,-0.2178892517769271,638182464.0,,Industrials,0.012877576909791378,20.27413479571801,0.2354064265886416,0.06850978932950394,False
FIBERWEB.NS,FIBERWEB INDIA LIMITED,26.469999313354492,2.796113838269876,-14.722942871714828,-29.03485293625845,30.081999293012306,-0.6108332887850039,762116544.0,14.62431,Consumer Cyclical,0.006998095150850614,20.45161004815007,0.2525778917446774,0.0683930442993073,False
SHIVAMILLS.NS,SHIVA MILLS LIMITED,59.31999969482422,-1.9504137275632716,-6.875982756131316,18.66372815181625,36.10394987752741,0.19053279562764153,524125664.0,15.59126,Consumer Cyclical,0.018988650628960817,20.0772420322357,0.2163562368789166,0.06833054719144976,False
GRADIENTE.NS,GRADIENTE INFOTAINMENT L,2.569999933242798,-5.1660554588000345,-27.605634710898,-71.22060643432185,51.10933361867998,-0.8790019657953746,854267968.0,,Communication Services,0.002985582690280195,20.565755483564317,0.2636219350131134,0.06814467077098849,False
ICDSLTD.NS,ICDSLTD,44.27000045776367,-38.04058453657806,6.880739775008382,2.6669794860049167,104.52966827727185,-0.04027952351864335,576692032.0,86.803925,Real Estate,0.015535088054269038,20.172818943681822,0.2256036986074012,0.06805224069255209,False
LADDERUP.NS,LADDERUP FINANCE LTD.,52.20000076293945,1.5564187029406318,3.715475588818551,3.715475588818551,110.83224864035364,0.029627335472265866,553449280.0,9.7570095,Financial Services,0.01658107950229156,20.131680672671383,0.22162340063596583,0.06784165978571013,False
MANUGRAPH.NS,MANUGRAPH INDIA LIMITED,16.450000762939453,11.525428901284428,11.07360092407883,20.512829470032344,88.76920040812438,0.17893121397164313,515498624.0,8.523316,Industrials,0.018815060292177305,20.060645194104442,0.21475042410352507,0.06779890124501425,False
WEWIN.NS,WE WIN LIMITED,51.0,21.689334730811716,8.858061176183973,-6.917322234344525,46.085264017781085,0.07674089011194546,537008832.0,19.218182,Technology,0.017286022850489417,20.101525101127432,0.21870572428993265,0.06764094821035023,False
ENERGYDEV.NS,ENERGY DEVE. CO.LTD,14.359999656677246,-7.2950298975979155,-15.974256708811374,-10.137671664365833,25.457335620841448,-0.4446702118596288,682099968.0,,Utilities,0.009484334125822343,20.340686787177066,0.2418456071884352,0.06757465239147556,False
ATAM.NS,ATAM VALVES LIMITED,54.20000076293945,2.9424912766771394,-22.482267692670632,-13.041239022058548,51.8073381895775,-0.24469123499189233,621294592.0,34.3038,Industrials,0.012476548375001357,20.24731591227595,0.232811588625386,0.06756030843759753,False
HRYNSHP.NS,HARIYANA SHIP BREAKERS L,95.9000015258789,-5.386739395811569,-5.777163808154828,-5.777163808154828,28.785880873105107,-0.19798174496070026,591383360.0,14.356288,Industrials,0.013175445848287547,20.197975030052802,0.22803765407252657,0.0668909979043473,False
PALREDTEC.NS,PALRED TECHNOLOGIES LTD,43.66999816894531,-21.780410645348635,-24.965639868593513,37.84721511448548,55.214240694601536,0.12818855024404588,507529184.0,,Technology,0.018055815876463367,20.04506477461589,0.2132429540382748,0.06685260041691624,False
ANKITMETAL.NS,ANKIT MET & POW LTD,2.259999990463257,32.941172180703894,52.702700090373526,42.13836119619248,39.08703020703697,1.1120881998451564,318909728.0,,Basic Materials,0.03277755611841806,19.580418639511162,0.1682865175238832,0.06665479646978434,False
GTECJAINX.NS,G-TEC JAINX EDUCATION LTD,36.189998626708984,23.641947593854006,35.18863656281104,85.49460892950034,75.71822207397646,0.7664242947345026,368743456.0,,Consumer Defensive,0.027605510143890278,19.72561172173207,0.1823345491118825,0.06628776988588833,False
MANGALAM.NS,MANGALAM DRUG & CHEM LTD,31.860000610351562,6.12924758337916,18.30672205461603,-0.34406851850316,71.46982394057295,0.09158875050763132,504288000.0,,Healthcare,0.017508186100555326,20.03865809338693,0.21262308111525371,0.06628690985422993,False
RHFL.NS,RELIANCE HOME FINANCE LTD,1.559999942779541,-14.285719899966375,-26.066349746965557,-33.047210563928516,32.45182515533508,-0.8381856507302557,775834304.0,3.244898,Financial Services,0.0035963026842003795,20.469449530863358,0.2543039355260784,0.06627321089466988,False
LCCINFOTEC.NS,LCC INFOTECH LTD,3.5899999141693115,-5.7742790528687244,-22.629309968311905,-29.330709289651548,73.07100866558586,-0.30941140485763957,605250112.0,,Consumer Defensive,0.011508163510178008,20.221152340482135,0.23028015477611208,0.06620116132666153,False
VIVIMEDLAB.NS,VIVIMED LABS LIMITED,5.989999771118164,-8.966567772474754,7.155628043142248,-10.329342439400458,39.373363376512636,-0.12219673272820754,546402688.0,,Healthcare,0.014309390010959456,20.11886678751182,0.2203836042163771,0.06582794356231386,False
TOUCHWOOD.NS,TOUCHWOOD ENTERTAIN LTD.,58.529998779296875,-6.814205541180174,-16.93159304596813,-17.78340107872497,29.81443156701504,-0.5143153417635276,653239488.0,16.106558,Communication Services,0.008442258836967365,20.297454371917905,0.2376626920942975,0.06574736715129989,False
SGLRES.NS,SGL RESOURCES LIMITED,2.2300000190734863,-7.468882172058466,-9.716599463838127,-9.716599463838127,46.53938468279519,-0.19912287342099183,546046016.0,,Technology,0.013158371549316178,20.118213810377583,0.22032042597628676,0.06494888515605882,False
MOHITE.NS,MOHITE INDUSTRIES LTD.,2.490000009536743,-10.752686609968054,1.632651472429325,1.632651472429325,62.11192207988559,-0.013595073469961295,500482496.0,,Consumer Cyclical,0.015934357982127407,20.031083185079076,0.21189017738762983,0.06492331283350301,False
JAIPURKURT.NS,NANDANI CREATION LIMITED,27.3700008392334,8.053694913824817,-1.1556507354726575,-9.46079638210724,30.257542469569493,-0.11456166449413602,522512864.0,26.31731,Consumer Cyclical,0.014423630819274785,20.074160163509692,0.21605805332532874,0.06483223644578827,False
PRAKASHSTL.NS,PRAKASH STEELAGE LTD,3.509999990463257,-8.115181889974066,-16.428567860402055,-20.40816072764704,32.30665323243859,-0.5186450908073693,621251328.0,118.333336,Basic Materials,0.008377474343180695,20.247246274608237,0.23280485089283845,0.06448431848059513,False
TPHQ.NS,TEAMO PRODUCTIONS HQ LTD,0.49000000953674316,-10.909091106131052,2.08333760189523,-12.499998669539181,46.33027461208704,-0.16850356145357318,526185408.0,8.0,Industrials,0.013616517415466716,20.08116419718563,0.21673572256974405,0.06439631870403605,False
FMNL.NS,FUTURE MKT NETWORKS LTD,7.960000038146973,-21.188121410856287,-20.55888548408773,-2.2113058671236474,55.909131010251045,-0.20588663520173406,531433120.0,6.578512,Real Estate,0.013057167789324071,20.091087917161012,0.2176958835467838,0.064216846728689,False
TNTELE.NS,TAMILNADU TELECOMMUNICATI,10.989999771118164,23.761257088791044,19.32681569596739,3.483991426988653,92.22979971345436,0.13327896057564884,453517024.0,,Technology,0.018131981874344557,19.9325433681599,0.20235604229261145,0.06418799697891128,False
DCMNVL.NS,DCM NOUVELLE LIMITED,172.0,-7.006923790782671,17.574685825284185,51.83615982827396,34.09801474690069,0.8736315332082414,319920000.0,11.125485,Consumer Cyclical,0.02920961389319798,19.583581525628617,0.16859253984538505,0.06405534538124474,False
BANG.NS,BANG OVERSEAS LTD.,33.4900016784668,-3.736703658666296,17.591299918388525,0.029874959280840052,46.33476595509135,0.09809020569415905,454124416.0,9.879056,Consumer Cyclical,0.017605465060345153,19.933881764717313,0.2024855376985095,0.06382548321988624,False
BALKRISHNA.NS,BALKRISHNA PAPER MILLS L,16.209999084472656,-5.093681751285539,-12.614556597462645,-2.9922203913500645,30.874208120435366,-0.20402834302323408,522278592.0,,Consumer Cyclical,0.01308497275373952,20.073711706543218,0.2160146632578784,0.06381739537977424,False
ACCURACY.NS,ACCURACY SHIPPING LIMITED,4.099999904632568,-4.872390740950738,-21.904763721284414,-23.64990703895129,34.06613742149377,-0.5686250995764667,617296000.0,15.769231,Industrials,0.007629641262146901,20.240859209131575,0.23218687587503242,0.06376894991536829,False
RAJTV.NS,RAJ TV NETWORK LTD,10.640000343322754,31.846353725971422,-11.185302588612899,-48.424620571204244,60.88458982972331,-0.3481772707335305,555991936.0,,Communication Services,0.010928123657627298,20.136264350311144,0.22206689041721178,0.06371281534752342,False
SEYAIND.NS,SEYA INDUSTRIES LIMITED,13.119999885559082,7.102039882114952,-0.9811329391767432,21.594067951283957,24.231051428144255,0.49205879923028256,376307456.0,,Basic Materials,0.023500276893928404,19.74591707200298,0.18429917578450303,0.06370000161657206,False
DANGEE.NS,DANGEE DUMS LIMITED,3.0799999237060547,4.761900127918861,-1.9108337322794822,-1.9108337322794822,61.75224559568393,-0.009332242976290402,474243008.0,,Consumer Cyclical,0.015998141197467255,19.977230425500476,0.2066797000281777,0.06366853090514486,False
MASKINVEST.NS,MASK INVESTMENTS LIMITED,147.49000549316406,-0.7736772747621967,-4.8451577463457625,13.410228398430268,51.266394503280324,0.09941856589765492,450065760.0,589.96,Financial Services,0.01762534084124572,19.924904265607434,0.20161692750615248,0.06362323750747241,False
3PLAND.NS,3P LAND HOLDINGS LIMITED,30.75,-5.06328935026954,-4.798759361214167,-12.268186392751446,23.023539534402893,-0.3729391330811996,553500032.0,24.404762,Real Estate,0.010557620725202013,20.13177236973356,0.22163227270622082,0.06332628372045672,False
AHLADA.NS,AHLADA ENGINEERS LIMITED,38.33000183105469,2.7889538481998155,-1.0327852205250565,-12.668028334274917,40.47155870888577,-0.1503786648614649,495261952.0,273.78574,Industrials,0.013887713791692163,20.02059737853689,0.21087563220905067,0.06313469339603178,False
ADL.NS,ARCHIDPLY DECOR LIMITED,76.19999694824219,5.833329094780826,7.082620892017277,12.22385159917836,53.86803650378925,0.17456321960638943,424148224.0,,Consumer Cyclical,0.018749703547259616,19.86559353936899,0.195878369284507,0.06303186998157145,False
HBSL.NS,HB STOCKHOLDINGS LIMITED,57.90999984741211,5.463485719061412,11.730653678492642,6.1400263742680705,33.66312204401789,0.2281994648096232,413342176.0,,Financial Services,0.019552243592635098,19.839786323634097,0.1933814143587172,0.06300953628415562,False
PIONEEREMB.NS,PIONEER EMBROIDERIES LTD,20.1299991607666,-5.758433588194157,-12.287588272008687,-20.654322054114417,23.250520786550773,-0.6522487975589192,621855616.0,,Consumer Cyclical,0.006378409634746241,20.248218496748162,0.23289891740842794,0.06300853657816667,False
BIOFILCHEM.NS,BIOFIL CHEM & PHARMA LTD,30.110000610351562,-5.906248092651367,-9.25256077934793,-9.25256077934793,54.99023684481463,-0.1560876754554641,490004128.0,177.11765,Healthcare,0.013802291898272954,20.009924375564054,0.20984297500109156,0.06281246267397761,False
HYBRIDFIN.NS,HYBRID FINANCIAL SERVICE,17.559999465942383,5.338928527745401,-8.014670897936572,-13.112319339817624,28.20339426831256,-0.2798519624401607,516900992.0,20.183907,Financial Services,0.011950450925508994,20.063361911232327,0.21501327772881093,0.06271615762633448,False
PHOENXINTL.NS,PHOENIX INTERNATIONAL LTD,28.149999618530273,-2.964497082269446,-6.695394274628741,-6.695394274628741,41.92293381407172,-0.14190836124207698,478502464.0,17.924528,Consumer Cyclical,0.014014451929779388,19.986171920359165,0.20754482666022817,0.06239704561239158,False
HDIL.NS,HOUSING DEV & INFRA LTD,1.440000057220459,-2.0408143405366563,-17.714282444545205,-29.756093135835904,21.83590260129036,-0.9434230654256567,682565760.0,,Real Estate,0.00202167270693729,20.341369433495277,0.2419116560448612,0.06199416854141827,False
PRUDMOULI.NS,PRUDENTIAL SUGAR CORPORAT,13.869999885559082,-14.646154550405655,-8.62977861186235,-7.471647115812708,43.23422654139908,-0.21404310407799151,467008960.0,7.6210523,Consumer Defensive,0.012935125448790124,19.961859003885905,0.2051924513721749,0.06099945692963632,False
RKEC.NS,RKEC PROJECTS LIMITED,20.850000381469727,-4.049697097582349,-25.429180743254765,-44.44444162100143,74.34453035483874,-0.4124165463987711,510999776.0,2.8249335,Industrials,0.009966934241553817,20.051879711768667,0.21390232741149626,0.060950782534039426,False
TOYAMSL.NS,TOYAM SPORTS LTD.,0.6600000262260437,8.196723073504653,-1.492535852860155,-1.492535852860155,53.475756982449376,0.008327435786474812,410248608.0,,Industrials,0.01626237668490461,19.832273897313247,0.19265455602191806,0.06036042151915797,False
AMBICAAGAR.NS,AMBICA AGAR & AROMAINDLTD,24.420000076293945,-10.25357994139301,-3.706626622374465,3.0379716885089003,35.905077807250166,-0.045779545152769524,419472096.0,12.333333,Consumer Defensive,0.015452793188267646,19.85450756676063,0.19480575555523177,0.060291033780008677,False
AJOONI.NS,AJOONI BIOTECH LIMITED,3.0799999237060547,-16.98113498552909,-16.30435141757659,-29.19540250044642,38.82577946902943,-0.5894339787889559,530510272.0,12.32,Consumer Defensive,0.007318285409325251,20.089349880581054,0.21752772131478984,0.059870644385691396,False
HGM.NS,HANDSON GBL MNGMNT LTD,39.279998779296875,-25.365764806921455,-20.324544853605765,-27.259261519820598,55.24232721064166,-0.4489337873540923,494730496.0,,Technology,0.009420539763300817,20.01952372176092,0.2107717514726353,0.05975834269063444,False
BLUECOAST.NS,BLUE COAST HOTELS LIMITED,22.040000915527344,-6.17283469442026,-23.868738049423456,-5.122680370894339,53.45174636619247,-0.20497980484849304,433737440.0,,Consumer Cyclical,0.013070736369117089,19.887949934339296,0.1980414430200642,0.05931341303185387,False
LEENEE.NS,LEE & NEE SOFTWARES (E) L,7.389999866485596,-12.544378304213533,-2.506597086185236,-2.506597086185236,43.64299775862979,-0.10343362192151091,412169856.0,92.375,Technology,0.014590135759308067,19.836946096623958,0.1931066106411763,0.05921925447977512,False
PBMPOLY.NS,P B M POLYTEX LTD.,58.02000045776367,-4.885245151207096,-3.9721909697362334,-3.9721909697362334,53.81720491749448,-0.07720211059498175,404142432.0,21.840149,Consumer Cyclical,0.014982628526288537,19.817277930722526,0.19120363419329736,0.059037879943040744,False
GANGAFORGE.NS,GANGA FORGING LIMITED,1.5199999809265137,-9.523807834335418,-28.63850238217086,-43.49442570283403,54.45071075709952,-0.5921598576771406,512248448.0,,Industrials,0.007277499053786701,20.054320317260252,0.21413846609327916,0.058992740813659815,False
CYBERMEDIA.NS,CYBER MEDIA (INDIA) LTD.,17.850000381469727,-32.386361214411785,9.64373236244449,21.346025392113475,83.31152520309679,0.08508858941834782,371810496.0,7.256098,Communication Services,0.017410926503881936,19.733894865774,0.18313597757781985,0.05884218927236642,False
SIEL.NS,SUPERIOR INDUSTRIAL ENT L,31.0,-2.8213154523283324,-19.626652203059393,-19.626652203059393,57.454037174583036,-0.28310603836601705,440845504.0,36.58621,Consumer Cyclical,0.011901761345705326,19.904205043233464,0.19961419207751727,0.05882986902865831,False
LFIC.NS,LAKSHMI FIN IND CORP LTD,130.4199981689453,-1.2717697630186597,-4.772767558764112,-0.2194256106204051,44.579197535245264,-0.040285539552007595,391260000.0,28.413942,Financial Services,0.015534998038503188,19.784882861153285,0.18806927714513083,0.0586685678151601,False
HAVISHA.NS,SRI HAVISHA HOSP & INFR L,1.3600000143051147,-3.5460959929022318,7.08661690789496,-17.575755517782664,46.29758714465945,-0.15921157752590043,412544832.0,,Consumer Cyclical,0.013755550063533085,19.837855443893712,0.19319459375286843,0.05861531098586692,False
EASTSILK.NS,EASTERN SILK INDUSTRIES L,67.19999694824219,10.16392942334785,37.987671243285014,7.1770273214455615,62.21404910175381,0.273533087201434,336000000.0,,Consumer Cyclical,0.02023055444816764,19.632621720903668,0.17333738169161986,0.05850726125903069,False
ABMINTLLTD.NS,ABM INTERNATIONAL LTD,43.310001373291016,-22.466879878148216,6.648610495837359,-4.392931340584849,30.920502773042376,-0.1518493580612961,407460480.0,,Basic Materials,0.013865708332830275,19.825454506801307,0.19199475176776723,0.058397969191564515,False
SVPGLOB.NS,SVP GLOBAL TEXTILES LTD,3.0299999713897705,-16.986304322692025,-22.1079719877177,19.291339247866347,26.931957494725733,-0.014257516817389982,379500000.0,0.56390977,Consumer Cyclical,0.015924446078113812,19.754365157435004,0.18511656301254323,0.058222475311721165,False
SHIVAAGRO.NS,SHIVA GLOBAL AGRO INDS. L,38.70000076293945,-6.4991511630264736,-3.683423422089127,-3.683423422089127,56.583561738365184,-0.07504951685150386,389727008.0,,Basic Materials,0.015014837020265322,19.78095707506666,0.187689441094342,0.05818348803878449,False
GOLDENTOBC.NS,GOLDEN TOBACCO LIMITED,22.739999771118164,-8.89422834448551,-9.040000915527347,-3.0690509013320266,39.71877522692191,-0.15170083567897988,402057536.0,10.1973095,Consumer Defensive,0.013867930620370941,19.812105763207295,0.19070320558112816,0.058076749360560245,False
SUVIDHAA.NS,SUVIDHAA INFOSERVE LTD,2.0999999046325684,-13.223147172434558,-18.91891991409198,-27.835056952133986,67.07709783971913,-0.33152647625851855,436195840.0,,Technology,0.011177263568575206,19.8936018770692,0.1985882918698081,0.05803002064388343,False
DHATRE.NS,DHATRE UDYOG LTD.,3.930000066757202,-9.237872147731863,-14.192136851017334,-14.192136851017334,43.03444113528839,-0.306760900380983,428191168.0,,Basic Materials,0.011547822065226069,19.875080310366787,0.1967962536396472,0.05785992995883135,False
KARMAENG.NS,KARMA ENERGY LIMITED,36.279998779296875,-3.12417078720173,-9.141000495824658,-12.388314626945917,35.66925078677027,-0.2680541757535017,419756608.0,47.116882,Utilities,0.012126977008327907,19.855185598884333,0.19487135796924313,0.05781307224855671,False
ASHOKAMET.NS,ASHOKA METCAST LIMITED,14.710000038146973,8.321061272381325,0.7534222863230688,-4.727976438314164,76.79501544237982,-0.0061690107886388365,367691168.0,2.1349783,Basic Materials,0.01604547151475162,19.72275392912152,0.1820580458498066,0.05754861509851536,False
SUMEDHA.NS,SUMEDHA FISCAL SERVICES L,42.0,7.664705991069831,6.463876268048385,6.463876268048385,37.98013463599642,0.17651444042334363,335425632.0,11.934659,Financial Services,0.01877889896981469,19.630910829597113,0.17317184587716866,0.05737713569665318,False
AKASH.NS,AKASH INFRA-PROJECTS LTD,24.809999465942383,-3.085941030294581,-7.494408097512883,-9.220638363697253,23.335979247714825,-0.32035637919814836,418359456.0,65.289474,Industrials,0.011344397754939499,19.851851565924267,0.19454877648242563,0.05714549243681103,False
TRU.NS,TRUCAP FINANCE LIMITED,4.150000095367432,2.469133331433837,-24.545452811501246,-29.54159270900587,29.082453831143717,-0.7441120909731493,502999840.0,,Financial Services,0.0050038918737499395,20.036100411960582,0.21237561485226275,0.056846822618378146,False
SUNDARAM.NS,SUNDARAM MULTI PAP LTD,1.090000033378601,-11.382112481619478,-15.503870882843696,-19.852939565185878,20.915408072774035,-0.8058199717797211,516526784.0,13.625001,Basic Materials,0.00408057881790715,20.06263770384344,0.21494320766679595,0.05679623603012935,False
PARSVNATH.NS,PARSVNATH DEVELOPER LTD,2.1700000762939453,38.216560751367766,-11.788616152684028,-65.82676993883342,12.942985980355612,-2.2256577969291165,979157632.0,,Real Estate,-0.01716394917437896,20.70220320183368,0.2768238164460184,0.05633299223072038,False
GAYAHWS.NS,GAYATRI HIGHWAYS LIMITED,1.7799999713897705,-7.772019701281274,-3.7837865702682327,-20.535715901273843,29.643304546191267,-0.437110438930513,426580384.0,,Industrials,0.009597448317290674,19.87131138310382,0.1964315943292092,0.056305984820270306,False
PRITI.NS,PRITI INTERNATIONAL LTD,32.040000915527344,-5.458833011033248,-17.803998738351012,-18.45253202102831,38.54707303911186,-0.40623660888418706,417291520.0,53.87931,Consumer Cyclical,0.01005940244686124,19.8492956266398,0.1943014787788714,0.05611992152986378,False
SECURKLOUD.NS,SECUREKLOUD TECH LIMITED,16.1299991607666,-5.173433605374401,-13.045823050273187,-34.082551641251335,24.29806543117012,-0.9049983636832502,524880576.0,,Technology,0.0025966078419946393,20.07868132229918,0.21649549414907568,0.0560713294187649,False
CELEBRITY.NS,CELEBRITY FASHIONS LTD,6.349999904632568,-6.617651080590104,-13.95664219290298,-14.420487340423428,33.31141251322458,-0.3818741261352586,409881984.0,,Consumer Cyclical,0.010423929604508093,19.831379834764906,0.1925680517702787,0.05595996014595074,False
SAGARDEEP.NS,SAGARDEEP ALLOYS LIMITED,22.100000381469727,-6.435226095500024,-11.387329958993531,-4.370403298169667,22.432693401604503,-0.3070717248372471,387203008.0,17.46154,Basic Materials,0.011543171309523674,19.774459684514188,0.18706079166886994,0.05542257639936024,False
RETAIL.NS,JHS SVENDGAARD RETAIL V L,33.189998626708984,92.51739598228733,76.82470866952427,56.33537137237645,105.85838161315971,0.6586023366351688,245891856.0,,Consumer Defensive,0.025992208563631717,19.32040239155067,0.14312886945367712,0.05527637378614307,False
AGROPHOS.NS,AGRO PHOS INDIA LIMITED,21.920000076293945,-14.93985375661817,-25.44217564384532,-34.134612739438744,44.713987896470506,-0.619223001931414,444408640.0,5.4257426,Basic Materials,0.00687256285932471,19.912255059735134,0.2003930644891334,0.055252688266776886,False
ARCHIES.NS,ARCHIES LTD,12.239999771118164,-5.116278038210553,-10.981819846413355,-16.164387319789853,26.495975184669852,-0.4679954270249878,413467200.0,,Consumer Cyclical,0.009135327233817318,19.84008874884668,0.1934106752496244,0.05520416423776909,False
RKDL.NS,RAVI KUMAR DIST. LTD.,17.049999237060547,-7.286569858953696,-8.382597109767342,-18.615758395474657,26.18698194373564,-0.5071211463193428,408000000.0,212.5,Consumer Defensive,0.008549903022654473,19.826777734819416,0.19212277955471255,0.05444312215566899,False
AGRITECH.NS,AGRI-TECH (INDIA) LIMITED,87.68000030517578,-13.36824315945736,-21.001890266909207,-24.47238946414033,20.278743735102168,-1.0459430189589896,520819200.0,,Consumer Defensive,0.00048770313377312016,20.070913516458585,0.21574392678685053,0.05430175904704247,False
AROGRANITE.NS,ARO GRANITE IND. LTD.,22.969999313354492,-6.43584510308618,-9.281202250370091,-5.395392653392895,32.90632337930114,-0.20571201298279962,351440992.0,,Industrials,0.013059780599429928,19.677552383145677,0.17768460920956144,0.054215987751962805,False
LIBAS.NS,LIBAS CONSU PRODUCTS LTD,11.510000228881836,10.038242704642242,2.6761836727384525,5.985272493125149,51.79964617994672,0.11203049281535647,303226112.0,8.853847,Consumer Cyclical,0.01781404861455186,19.529989332694157,0.16340727338711136,0.05421235480769174,False
MOHITIND.NS,MOHIT INDUSTRIES LTD,22.780000686645508,-4.205214344512553,-3.351714121371785,-0.6108175793299364,35.07742766009949,-0.061349022390416695,322509568.0,,Consumer Cyclical,0.015219832642252011,19.591643365077747,0.16937255617609734,0.05375801352571334,False
MEDICAPQ.NS,MEDI CAPS LTD.,24.989999771118164,-4.944850129850609,-0.23951883341224445,-0.23951883341224445,97.63787694063663,-0.012091466239127832,311624192.0,,Real Estate,0.01595685592191957,19.55730851015362,0.16605051686702318,0.05348027115819547,False
TGBHOTELS.NS,TGB BANQUETS&HOTELS LTD,9.369999885559082,-1.1603339872239826,7.949303641981009,7.825090195755657,38.4677420582506,0.15767157281249317,284078080.0,19.795918,Consumer Cyclical,0.01849695984879463,19.464759691436893,0.1570960356419017,0.0531467287970714,False
SIMBHALS.NS,SIMBHAOLI SUGARS LTD.,7.050000190734863,-9.615384380257819,3.829163922570644,-12.204228827212138,41.74818602253281,-0.16471235681977403,329772832.0,,Consumer Defensive,0.013673243860938582,19.613914590530673,0.1715273894083731,0.05313678024779721,False
PEARLPOLY.NS,PEARL POLYMERS LTD,17.219999313354492,14.190977456732723,-4.333337148030603,5.644172511383827,45.775633167060526,0.09525331056854978,289729152.0,,Consumer Cyclical,0.01756301760836179,19.484457089364504,0.15900184040929052,0.052922723308593975,False
BOHRAIND.NS,BOHRA INDUSTRIES LIMITED,14.380000114440918,13.228349058321687,0.9122815048485444,-15.511164937240164,61.056709864593294,-0.0792087915668462,304455552.0,,Basic Materials,0.014952603273176353,19.534035667300707,0.16379877300609413,0.0521641457064058,False
AKSHAR.NS,AKSHAR SPINTEX LIMITED,0.4099999964237213,-2.3809501846360326,-4.651165208409025,-6.8181821260570485,24.607325129621923,-0.2145958829107801,322862080.0,,Consumer Cyclical,0.012926854415874456,19.592735796191068,0.169478253407349,0.05206470416374309,False
AGSTRA.NS,AGS TRANSACT TECH LTD,2.450000047683716,23.11557969560298,0.40983566511259006,-22.468355027285725,40.34175580140036,-0.16082866860748884,313859712.0,,Technology,0.013731354105276187,19.564456670153987,0.16674213092979534,0.051984048311405975,False
GENSOL.NS,GENSOL ENGINEERING LTD,12.350000381469727,-28.5300932249721,-39.22243815478284,-41.49692077501057,35.9488554905092,-1.063210774205651,474812672.0,0.75075984,Technology,0.0002293318584036652,19.978430911582,0.2067958520247895,0.05187096190000012,False
VCL.NS,VAXTEX COTFAB LIMITED,1.4299999475479126,-9.493676664125793,11.71874839928928,-5.298016120569693,68.04299601114069,-0.015168627688573027,288491008.0,5.4137936,Consumer Cyclical,0.01591081345045446,19.480174478782086,0.15858748011181176,0.05157998011579379,False
MADHAV.NS,MADHAV MARBLE & GRANITE,33.93000030517578,-4.0441184403066766,-8.148344432684585,-4.2337002175551035,34.41588571781286,-0.156037742876068,303571712.0,,Industrials,0.013803039021685162,19.531128427208216,0.1635174854955014,0.05123165064013922,False
SKIL.NS,SKIL INFRASTRUCTURE LTD.,1.0099999904632568,21.686748285773973,9.782605667533462,8.602148676927502,23.84890393639029,0.4852720161170226,218736944.0,,Industrials,0.02339872867393218,19.203380401421075,0.13180650761187884,0.05050067340841885,False
KJMCFIN.NS,K J M C FINANCIAL SERV L,59.029998779296875,-5.006280894570292,-3.2440198579619772,-3.2440198579619772,51.51053142195513,-0.06982013126117566,282502240.0,11.806,Financial Services,0.015093082455475146,19.45919704126267,0.15655782621645825,0.05045926839572092,False
EASTWEST.NS,EAST WEST FREIGHT CARRI L,2.2200000286102295,-5.93219799613216,-4.310340840949623,-4.310340840949623,43.58668669512877,-0.10633320913557237,283216512.0,,Industrials,0.014546750267920188,19.461722226699777,0.1568021483580054,0.050110599790441496,False
KHANDSE.NS,KHANDWALA SECURITIES LTD,16.969999313354492,-7.671381456979898,-4.015842644603563,10.915026809155993,41.811282939496024,0.06501795995281408,258857056.0,,Financial Services,0.017110616819247023,19.371786563834128,0.1481005007760494,0.04985808780844761,False
AKG.NS,AKG EXIM LIMITED,9.380000114440918,-2.1897813848345327,-11.842107032191617,-14.804723710768341,41.65284075802644,-0.2735215662220982,298064288.0,78.16667,Industrials,0.01204517039084141,19.51281975610158,0.16174604579530297,0.0494703892419568,False
KAMANWALA.NS,KAMANWALA HOUSING CONST L,17.399999618530273,4.882456048778461,7.011066258311072,7.011066258311072,46.290693985795286,0.1422606500192687,245220976.0,,Real Estate,0.018266371696494088,19.31767030893805,0.14286452915415324,0.049415911060908875,False
MITTAL.NS,MITTAL LIFE STYLE LIMITED,0.7099999785423279,-11.250004004687009,-24.468087197537336,-27.551024007777315,57.13918152273517,-0.4089302356279155,315169536.0,14.2,Consumer Cyclical,0.010019098668680174,19.568621264703815,0.1671450726877103,0.049300592173437706,False
KEEPLEARN.NS,DSJ KEEP LEARNING LTD,1.7899999618530273,-4.278077150339554,-0.5555550404536702,-8.673473111493768,30.96706555092976,-0.1730554187953059,278724608.0,,Consumer Defensive,0.013548409594277236,19.44573478780053,0.15525529748031594,0.04897513156578691,False
VINNY.NS,VINNY OVERSEAS LIMITED,0.8999999761581421,-11.764706569834438,-16.666672185615038,-23.076922293167033,17.554093542666998,-1.076182263085318,423374432.0,45.500004,Consumer Cyclical,3.5244087445233e-05,19.86376752986305,0.19570169530784737,0.04895185689254577,False
GKB.NS,GKB OPHTHALMICS LTD.,61.7599983215332,-3.4547488775952706,-30.135749710984904,-30.135749710984904,57.480045023599516,-0.4314462442347359,311306208.0,9.604977,Healthcare,0.00968219964637682,19.55628758060323,0.16595173770789481,0.048749584161756315,False
DHRUV.NS,DHRUV CONSULTANCY SER LTD,19.5,-12.634407407622628,-22.062351545844294,-43.363346421264445,38.321643262518116,-0.8044347144491408,369848064.0,,Industrials,0.004101305930267983,19.728602844133714,0.18262395258303385,0.04873196759345945,False
MORARJEE.NS,MORARJEE TEXTILES LIMITED,7.53000020980835,-22.371130331199296,-14.431817652272795,11.226000458242623,32.463199630405605,-0.0982888676725989,262197280.0,,Consumer Cyclical,0.01466711488588046,19.384607759293498,0.14934100449739826,0.04833558728875991,False
SANWARIA.NS,SANWARIA CONSUMER LIMITED,0.1899999976158142,5.555550036607193,0.0,-13.636364252114097,43.938427671883005,-0.1298879459507328,263580432.0,,Consumer Defensive,0.01419430912516647,19.389869127943673,0.14985006368853315,0.04810824776600814,False
VIVOBIOT.NS,VIVO BIO TECH LTD.,13.869999885559082,-26.22340187005395,-27.382201002386587,-27.382201002386587,60.02945928354049,-0.45228528624964925,302902048.0,,Healthcare,0.009370392478278823,19.52892004058337,0.16330381495011573,0.04785374809623805,False
KAUSHALYA.NS,KAUSHALYA INFRA DEV LTD.,822.7000122070312,-3.2117632697610254,-28.220564962460838,-0.7898688927306274,29.394717508136566,-0.3233049130716045,284905952.0,,Industrials,0.011300279892109457,19.46766969430073,0.15737759046205615,0.04781960753459613,False
DNAMEDIA.NS,DILIGENT MEDIA CORP LTD.,2.4200000762939453,-7.984791977532446,-14.487627507607492,-23.174603078490875,42.84116811163097,-0.40919865072179484,284853408.0,,Communication Services,0.010015082469171705,19.467485251521367,0.15735974485983423,0.04685124806683734,False
SITINET.NS,SITI NETWORKS LIMITED,0.25999999046325684,-10.344828294942287,-21.212127232792167,-18.75000116415324,33.56155872564523,-0.5305952728817954,300269344.0,,Communication Services,0.008198668022419133,19.520190446490833,0.1624591905941442,0.0467637986653504,False
INFOMEDIA.NS,INFOMEDIA PRESS LIMITED,5.210000038146973,-2.6168199809568193,-12.43697134184545,-14.869278830533473,41.83741969696313,-0.2793933014607214,261511632.0,,Financial Services,0.01195731370648586,19.38198932613945,0.14908766025333048,0.04623990034319701,False
MADHUCON.NS,MADHUCON PROJECTS LTD.,3.9600000381469727,-14.470843622751161,-33.999999364217125,-21.739128795885332,46.05726121310623,-0.5203030380021495,292227968.0,,Industrials,0.008352667069444672,19.493044771385964,0.15983273418508084,0.046222683848353714,False
CRESTO.NS,CRESTO TECHNO LIMITED,20.020000457763672,23.656576883053138,23.048554975366244,20.168071075183658,95.760349767146,0.2269197790048239,204430224.0,,Communication Services,0.019533096109436772,19.135737277181825,0.12526175539993686,0.0459652609320618,False
TIJARIA.NS,TIJARIA POLYPIPES LTD,6.619999885559082,-30.60796737914002,56.872043002126226,47.1111085679796,92.39991201038265,0.3733290752977144,188598640.0,,Industrials,0.021723766296081467,19.055131722411264,0.11746283438893301,0.045658533319294356,False
EUROTEXIND.NS,EUROTEX INDUSTRIES LTD,16.329999923706055,18.936638515329783,7.081966712826593,20.694754220220403,61.57283326405674,0.2640660493408132,191981200.0,,Real Estate,0.020088902530412293,19.072908013740083,0.11918276414236834,0.0448623679334013,False
ASIANTNE.NS,ASIAN TEA & EXPORTS LTD.,9.0600004196167,-6.981513013150719,-4.228325760225104,-4.228325760225104,52.763344976943074,-0.09057354519142032,225972720.0,69.692314,Consumer Defensive,0.014782556509929082,19.23592484641148,0.13495531735023467,0.04482574672000548,False
STLSTRINF.NS,STEEL STRIPS INFRA L,22.100000381469727,13.043484623647416,15.706805969022453,15.706805969022453,93.3697975782411,0.16251659630159795,198270432.0,,Real Estate,0.018569454210695953,19.105142480003014,0.12230158215599098,0.04450248619701971,False
PNC.NS,PNC MEDIA AND ENT LTD,17.219999313354492,2.9904307448185286,-16.61017127621577,-23.872684905090015,41.18460614585251,-0.39629631586736375,252159808.0,,Communication Services,0.01020813551306562,19.34557360717792,0.14556428873695912,0.044047173819039,False
SGL.NS,STL GLOBAL LIMITED,8.84000015258789,-12.03980114609825,-13.163065937302566,-29.109863967194826,56.010298641939,-0.37335655228905135,244996160.0,,Consumer Cyclical,0.010551375030173572,19.31675309899848,0.14277578529661641,0.04360747759678428,False
KANANIIND.NS,KANANI INDUSTRIES LTD,1.350000023841858,-11.184207843281191,-11.764702674105953,-22.857141494750977,29.845770447310688,-0.5761226083288047,267121808.0,11.25,Consumer Cyclical,0.007517458707393019,19.40321532581394,0.15114136356586433,0.043423434922010846,False
CEREBRAINT.NS,CEREBRA INT TECH LTD,2.6600000858306885,-1.1152405483875416,-12.49999607864174,-43.283580951443646,29.85565943664808,-0.8579558412530478,297884032.0,,Industrials,0.0033004883605257077,19.512214817724065,0.16168751550373422,0.04289724514632784,False
GSS.NS,GSS INFOTECH LIMITED,10.130000114440918,-8.159561562272465,-18.306448176797684,-29.554937177865494,36.448159913424824,-0.6008894661856118,261423328.0,,Technology,0.007146881028942631,19.3816516015379,0.14905498400045358,0.04262390677182037,False
MPDL.NS,MPDL LTD.,27.329999923706055,-19.570334632478392,-4.440560981903063,-4.440560981903063,83.67523381924426,-0.08923208661786484,202584288.0,,Real Estate,0.01480262827707854,19.126666599881517,0.1243841298320369,0.04219800366581813,False
WILLAMAGOR.NS,WILLIAMSON MAGOR,21.670000076293945,-14.685037788406696,-21.768954947875674,-16.74990585992734,43.24296639161446,-0.4126138528520349,234466096.0,,Financial Services,0.00996398201532405,19.272821559705573,0.13852522705888165,0.04210429327621345,False
TREEHOUSE.NS,TREE HOUSE EDU LTD,5.800000190734863,-7.790139492684678,-11.719938520668283,-27.590511548031248,31.289972132201676,-0.6030451273151163,250902592.0,,Consumer Defensive,0.007114626638760554,19.340575346077987,0.1450806862901836,0.04160614155161632,False
LAXMICOT.NS,LAXMI COTSPIN LIMITED,12.630000114440918,-8.01164941347291,-13.016530879736942,-11.986064259969353,39.70144813852034,-0.2896700703759086,216575072.0,,Consumer Cyclical,0.01180354607118147,19.1934478028061,0.13084548758971434,0.04156403145081469,False
MFML.NS,MAHALAXMI FABRIC MILLS LT,19.190000534057617,3.2275437146040087,1.0531899175882709,-15.907095571039465,39.140494903639905,-0.17864061464622857,203803088.0,,Consumer Cyclical,0.013464840296787333,19.132664835654715,0.12496448396685685,0.04133975121430471,False
BURNPUR.NS,BURNPUR CEMENT LIMITED,13.829999923706055,-35.85343104691238,-58.09090932210286,-58.09090932210286,93.37408675065359,-0.5745000088701244,238219984.0,,Basic Materials,0.007541737085535659,19.28870511145002,0.1400620264244061,0.040671809420253266,False
LASA.NS,LASA SUPERGENERICS LTD,5.320000171661377,-20.95096349800937,-27.123287223834545,-26.213590242522944,29.159480993361548,-0.8722368547276879,266538608.0,,Healthcare,0.0030868066391725787,19.40102966537334,0.1509298918728572,0.04004757794759374,False
ARSHIYA.NS,ARSHIYA LIMITED,0.8199999928474426,12.328763208552228,-23.364490406493633,-34.92063499572266,43.600278953188294,-0.5046736513135371,216050256.0,,Industrials,0.008586524019250578,19.191021609880966,0.13061074338338208,0.03909257886028345,False
UNIVAFOODS.NS,UNIVA FOODS LIMITED,9.479999542236328,4.98338673944867,10.618435003698966,4.98338673944867,14.094872425852497,0.473498518937223,135780144.0,189.59999,Financial Services,0.02322256602635866,18.726547554741167,0.08567095631775223,0.03883466359920705,False
TCIFINANCE.NS,TCI FINANCE LTD,14.300000190734863,-5.298014374334715,-9.608088074658117,-5.48578927579687,27.05941440801687,-0.2470461420235033,186264976.0,,Financial Services,0.012441312739306818,19.042680825413775,0.11625815857625531,0.03839552419854394,False
FEL.NS,FUTURE ENTERPRISES LTD,0.3700000047683716,-2.6315764707210976,-2.6315764707210976,-11.904758018971451,26.690766142622234,-0.2723101767006791,182892880.0,,Consumer Cyclical,0.012063295981061296,19.024411189694884,0.11449049571136942,0.037670095913638325,False
LEXUS.NS,LEXUS GRANITO (INDIA) LTD,10.8100004196167,-20.103469083788216,-24.61645533758341,-51.63310856773311,55.78711876906397,-0.667218266914209,218261728.0,12.869048,Industrials,0.006154426793103983,19.20120549236255,0.13159607615958213,0.03751483913472352,False
GLFL.NS,GUJARAT LEASE FINANCING L,5.389999866485596,-7.068970875280611,-9.411764045900107,25.34882854422509,44.503523758388496,0.1895825357313756,146207888.0,,Financial Services,0.018974432228374086,18.800540064152464,0.09283003782208835,0.037438333626802656,False
FLFL.NS,FUT LIFESTYLE FASH LTD,1.0199999809265137,-18.400001525878906,-25.000002191347214,-22.137402635126012,39.50083915969084,-0.5632463196448669,205810368.0,,Consumer Cyclical,0.007710122031708871,19.142465763962832,0.12591276434191398,0.03726078260926015,False
ACEINTEG.NS,ACE INTEGRATED SOLU. LTD.,17.030000686645508,-4.486815706582814,-17.88813464520418,-5.336292922103736,39.154593738240564,-0.22812010400143987,173706000.0,,Industrials,0.012724496309585692,18.97287477868595,0.10950413466226568,0.03691940589775569,False
RADAAN.NS,RADAAN MEDIAWORKS (I) LTD,2.990000009536743,0.6734000247088368,3.460204186943594,-5.974844441252203,39.97313688989112,-0.04539751194794964,159234928.0,,Communication Services,0.01545850941512822,18.88589121057551,0.10108811446515222,0.03686591067763422,False
TECILCHEM.NS,TECIL CHEMICALS,9.5600004196167,-1.6460889199236384,-5.158725278027287,-21.895419947843987,51.877925379313794,-0.24720621048931654,174086768.0,,Financial Services,0.012438917691828566,18.975064405296827,0.10971599009866134,0.03675818579353676,False
TARAPUR.NS,TARAPUR TRANSFORMERS LTD,11.579999923706055,-11.128164535537543,-36.721309254184966,-51.70975752810158,39.088019659679205,-1.0002273020432275,233610128.0,,Industrials,0.0011717311336625748,19.269164168423515,0.13817135931618954,0.035421638179294314,False
HEADSUP.NS,HEADS UP VENTURES LIMITED,6.519999980926514,-9.570042351869311,-5.7803481352222015,-6.590258408165917,49.5686196761859,-0.14007333995259766,143978608.0,,Consumer Cyclical,0.0140419087001656,18.785175297894725,0.09134343309940221,0.033367289799974754,False
KRIDHANINF.NS,KRIDHAN INFRA LIMITED,1.8799999952316284,-7.389161491241292,-30.627307425533346,-23.577237151274065,23.39592763238333,-0.9597671634744275,209768912.0,20.888887,Basic Materials,0.0017771217854478975,19.161517068495694,0.12775605689949635,0.03327185556396001,False
VIVIDHA.NS,VISAGAR POLYTEX LTD,0.5099999904632568,-1.923075159625831,-3.7735815105932047,-17.741937654695683,29.550032549135725,-0.35152781286541285,152204272.0,,Consumer Cyclical,0.010877990688319608,18.840734077899214,0.09671897499544291,0.032338236765100434,False
SHYAMTEL.NS,SHYAM TELECOM LIMITED,10.930000305175781,-5.7758625367308465,-38.90441208455194,18.804353606272862,59.356881615672876,-0.05769035091313586,128773464.0,,Technology,0.015274576041277525,18.67356533332935,0.0805447071286679,0.03159210881312512,False
EDUCOMP.NS,EDUCOMP SOLUTIONS LTD,0.9300000071525574,3.3333368654605344,-3.1249970896168877,4.494384505685289,22.558547343616162,0.08761027334153078,115119136.0,,Consumer Defensive,0.01744865756284152,18.56147812398992,0.0696998057509613,0.030511444609871465,False
MTEDUCARE.NS,MT EDUCARE LTD,1.6299999952316284,-7.909603796809172,-10.928964098006189,8.66666634877522,43.447639868792045,-0.01213591384839945,117731728.0,,Consumer Defensive,0.01595619086816298,18.583919111092808,0.07187106412543112,0.029934909182480016,False
LAKPRE.NS,LAKSHMI PRE SCRE LTD,5.25,4.790414374326857,-10.256408793399007,-6.2499984034469875,59.313741570437784,-0.08840850072764535,119363640.0,,Industrials,0.01481495129960189,18.597685198311044,0.07320299003489497,0.02941196098342516,False
SHRENIK.NS,SHRENIK LIMITED,0.27000001072883606,-6.8965453455194,-27.02702506778014,-32.499998323619394,30.86856273366308,-0.8337743474640765,165240000.0,13.500001,Basic Materials,0.0036623074447869955,18.92290952654464,0.10466978973586265,0.028914178017555907,False
DCMFINSERV.NS,DCM FINANCIAL SERVICES LT,5.210000038146973,0.19231210093542117,-2.2514050145735043,-6.29496237831969,37.27441050154777,-0.10152917839132934,115271536.0,,Financial Services,0.014618631269971346,18.562801094399987,0.06982780861326233,0.028420925605794095,False
CREATIVEYE.NS,CREATIVE EYE LIMITED,5.900000095367432,-4.684975107791001,-8.099688080170441,-11.544227468050483,55.10169710813967,-0.16585723596739627,118343680.0,,Communication Services,0.013656113441767728,18.589103500018904,0.07237267520968009,0.028335253883745817,False
GLOBALE.NS,GLOBALE TESSILE LIMITED,10.649999618530273,-6.496933296637664,-7.391307664954139,-0.467291510524781,44.84887314308229,-0.08362361083248367,113105928.0,,Consumer Cyclical,0.01488654590394135,18.543835362347167,0.06799279554726669,0.028163108314772683,False
UNIINFO.NS,UNIINFO TELECOM SERVI LTD,10.619999885559082,-3.454546494917432,-13.235293430165562,-4.923904986376204,27.44266047892217,-0.25957577350902167,119442152.0,,Communication Services,0.012253836323259715,18.598342736819752,0.07326660960684266,0.02750702964415545,False
AURUS.NS,AURUS GEM CORP LIMITED,4.289999961853027,-11.363639946184401,-6.331877001831144,-18.903591818736253,34.361548533222646,-0.3964922298418926,126486360.0,7.032787,Consumer Cyclical,0.010205204121999519,18.655645042137234,0.07881084479251356,0.02735661428962803,False
BILVYAPAR.NS,BIL VYAPAR LIMITED,4.150000095367432,2.7227756077490284,-0.7176969905071773,-32.8478930316883,34.17356337122391,-0.4709693372078425,130169632.0,31.923079,Basic Materials,0.00909082967430234,18.68434902704864,0.08158807412444122,0.02721514078683706,False
ARENTERP.NS,RAJDARSHAN INDUSTRIES LTD,33.88999938964844,-2.1933682619403316,-0.4698967723851366,-14.1590684331382,45.01189811365794,-0.17015894066859022,109594872.0,,Basic Materials,0.013591748565497828,18.51230115218693,0.06494173020959698,0.026429243976522618,False
UMESLTD.NS,USHA MARTIN EDU & SOL LTD,4.369999885559082,-14.14538792622121,-25.553663189844066,-36.204380344535394,76.99777592924929,-0.3714051005885018,120289104.0,32.142857,Consumer Defensive,0.010580573907357704,18.605408611590093,0.07395026223307155,0.026422995988786165,False
MEP.NS,MEP INFRA. DEVELOPERS LTD,0.6700000166893005,-5.6337976143534085,1.5151500099837678,-22.09302261109093,23.034902710726776,-0.5087378041955073,122908856.0,,Industrials,0.008525713546296134,18.626953638660492,0.07603483276645805,0.02540299335133661,False
ASTRON.NS,ASTRON PAPER BORD MIL LTD,2.799999952316284,-8.496731873370123,-25.333334604899093,-37.36017709754223,32.18463854740182,-0.8693412934508234,132334424.0,,Basic Materials,0.0031301318918951935,18.700842799319606,0.08318391485131045,0.023143577631749006,False
ANTGRAPHIC.NS,ANTARCTICA LTD,0.6899999976158142,-5.479454851034116,-11.538458599376378,-17.857140576352805,32.83147466382617,-0.4107643344039095,106956624.0,,Consumer Cyclical,0.009991655701534877,18.487933936408222,0.0625841012390235,0.023139767085907034,False
COMPINFO.NS,COMPUAGE INFOCOM LTD,1.0800000429153442,-0.9174302896359121,-12.903223015391262,-5.263152941442195,45.32995558217189,-0.1474969332585835,94303536.0,,Technology,0.013930832115925586,18.36202925485362,0.05040230224074207,0.023048699647129706,False
BGLOBAL.NS,BHARATIYA GLOBAL INFO LTD,3.4200000762939453,8.227847575988555,9.96785182169817,27.13754660019545,24.39994217454092,0.7460959632950978,54183436.0,1.4678112,Technology,0.027301344556348292,17.807885829301707,-0.003213367509910111,0.019672666539783692,False
FLEXITUFF.NS,FLEXITUFF VENTURES INT L,3.130000114440918,36.68122998168861,-40.38095020112537,-49.43457050876984,43.086740048798646,-0.6845568795479723,102735384.0,,Consumer Cyclical,0.005894995303872717,18.44766716278095,0.05868812424611068,0.019093277539432206,False
PREMIER.NS,PREMIER LIMITED,2.5199999809265137,-8.363637057217687,-17.105262745120186,-17.915308282607256,51.90348181546567,-0.30367828563059823,84867576.0,,Industrials,0.011593946132492058,18.25660268199195,0.04020184500737396,0.018745920851212534,False
TVVISION.NS,TV VISION LIMITED,2.5899999141693115,-23.372786198922345,-50.57251856298017,-50.8538913938674,60.09877386527918,-0.7533141791935059,101898040.0,,Communication Services,0.004866204303154135,18.43948327327803,0.057896299067588766,0.018123727994262793,False
BLUECHIP.NS,BLUE CHIP INDIA LIMITED,1.9500000476837158,-8.878506911520311,-14.84715807131235,-19.421488173256606,18.051390931819483,-0.8830672910276547,107843464.0,,Financial Services,0.0029247546758653558,18.4961913355468,0.0633830387790158,0.018039325701652967,False
SETUINFRA.NS,SETUBANDHAN INFRA LTD,0.5,-12.28070065365382,11.11111405455043,16.279067833272777,44.028891979268934,0.20479116318238264,61872376.0,48.0,Industrials,0.01920199350747522,17.940584386035376,0.009625767028471283,0.016807936887724237,False
AVROIND.NS,AVRO INDIA LIMITED,6.849999904632568,-21.444957627660845,-31.4314308150794,-39.79080608323011,45.87969986034571,-0.7326513450013032,91907408.0,31.136364,Consumer Cyclical,0.005175374936321361,18.33629220431567,0.047912136088135784,0.015859565224274966,False
SHANTI.NS,SHANTI OVERSEAS INDIA LTD,5.440000057220459,-12.959999084472651,-18.926974272823337,-23.272215230703097,42.01411267072924,-0.4737979323668474,61083000.0,,Consumer Defensive,0.009048506411764943,17.927744169393282,0.00838342292897459,0.008882235541067355,False
QUINTEGRA.NS,QUINTEGRA SOLUTIONS LTD.,1.399999976158142,15.702473720756283,7.692309808448994,12.903223015391262,36.452646557571136,0.32644541117916664,41293296.0,,Technology,0.021022262717922725,17.53621074451702,-0.02949905629307799,0.008391932965172547,False
CMICABLES.NS,CMI LIMITED,2.490000009536743,-1.5810261780775714,-14.137933529231184,-23.61963138586065,28.235204506875995,-0.5796806246878655,39908368.0,,Industrials,0.007464221375073655,17.5020966092392,-0.03279974006292163,-0.0026017689844251655,False
PVTBANK.NS,KOTAKMAMC - PVTBANK,26.790000915527344,-4.321425301688054,167.90000915527347,167.90000915527347,14.167363507745948,9.419940568440618,,17.85643,,0.15708499396388872,0.0,-1.7262000196211744,-0.31373625943237704,False
LIQUID1.NS,KOTAKMAMC - KOTAKLIQ,1125.6700439453125,0.3780878014054023,1.1874659288124034,2.422091254676828,0.20640634419466616,7.9595564986810805,,,,0.1352337869457698,0.0,-1.7262000196211744,-0.33012466469596624,False
ELIQUID.NS,EDELAMC - ELIQUID,1050.6700439453125,0.3888848131394562,1.1850650648391303,2.4185984635108237,0.21654373901698298,7.585514657252237,,,,0.12963713201112248,0.0,-1.7262000196211744,-0.33432215589695174,False
AONELIQUID.NS,AONEAMC - AONELIQUID,1079.8599853515625,0.389519205246458,1.1900699768650158,2.4088182913535983,0.22037979429993973,7.438676388434071,,,,0.12744004326127306,0.0,-1.7262000196211744,-0.3359699724593388,False
LIQUIDADD.NS,DSPAMC - LIQUIDADD,1147.8699951171875,0.3812809082848423,1.1695769272687562,2.375963460886066,0.21737977319850812,7.429904627675857,,,,0.12730879452732002,0.0,-1.7262000196211744,-0.3360684090098036,False
HDFCLIQUID.NS,HDFCAMC - HDFCLIQUID,1080.9100341796875,0.3863509802356724,1.1794305861468013,2.406421936226133,0.22026371874354486,7.419789068790286,,,,0.12715743902030674,0.0,-1.7262000196211744,-0.33618192564006355,False
LIQUIDSHRI.NS,SHRIRAM - LIQUIDSHRI,1124.4200439453125,0.3650788652504122,1.118730885003738,2.2739261611318673,0.20835986513439123,7.417926243628095,,,,0.12712956623046984,0.0,-1.7262000196211744,-0.33620283023244124,False
LIQUIDBETF.NS,BFAM - LIQUIDBETF,1101.75,0.3753537256506956,1.1512967666680751,2.332254514965415,0.21748911292083592,7.295018146015219,,,,0.12529053611451932,0.0,-1.7262000196211744,-0.33758210281940415,False
LIQUIDPLUS.NS,MIRAEAMC - LIQUIDPLUS,1106.3199462890625,0.3910977654689507,1.1844070378469684,2.4152232665298756,0.22706503236992032,7.2276795478199105,,,,0.12428297263861954,0.0,-1.7262000196211744,-0.3383377754263289,False
LIQUIDCASE.NS,ZERODHAAMC - LIQUIDCASE,116.2300033569336,0.3713301328529317,1.166336473499796,2.3782300772199783,0.23678354320216122,6.813319788190708,,,,0.1180830550449371,0.0,-1.7262000196211744,-0.34298771362159075,False
GROWWLIQID.NS,GROWWAMC - GROWWLIQID,111.02999877929688,0.3524940272956245,1.1110110625875746,2.2658184502048373,0.2311563506974085,6.647930450768764,,,,0.11560839325874582,0.0,-1.7262000196211744,-0.34484370996123426,False
LIQGRWBEES.NS,NIPPONAMC - LIQGRWBEES,1058.31005859375,0.3651250686490748,0.7904733051047552,0.7904733051047552,0.20361852328510316,3.4643393094526362,,,,0.06797345219738332,0.0,-1.7262000196211744,-0.3805699157572561,False
SBILIQETF.NS,SBIAMC - SBILIQETF,1058.760009765625,0.3744703740444999,0.8275699640079237,0.8275699640079237,0.22147938355308708,3.3273979314250672,,,,0.06592444710167614,0.0,-1.7262000196211744,-0.3821066695790365,False
LIQUIDBETA.NS,UTIAMC - LIQUIDBETA,1010.8499755859375,0.37833627678387494,1.006634806212059,1.006634806212059,0.29056737803517807,3.031913297534219,,,,0.06150321570130544,0.0,-1.7262000196211744,-0.38542259312931454,False
CASHIETF.NS,ICICIPRAMC - CASHIETF,1082.550048828125,0.35319526746404595,0.35319526746404595,0.35319526746404595,0.25064659055803135,1.4091365267270024,,,,0.03722218450042298,0.0,-1.7262000196211744,-0.4036333665299764,False
MAFANG.NS,MIRAEAMC - MAFANG,276.1300048828125,33.03623440487928,42.946631205799804,75.82298600262388,46.977539566990416,1.2219185970978532,,36.402378,,0.03442090925883275,0.0,-1.7262000196211744,-0.40573432296116907,False
AARNAV.NS,AARNAV FASHIONS LIMITED,37.310001373291016,15.977629769676227,49.83936524049331,61.02719572911961,45.88069779463914,1.0605970643120464,,,,0.03200711258549369,0.0,-1.7262000196211744,-0.4075446704661733,False
VELJAN.NS,VELJAN DENISON LTD.,2410.89990234375,28.31443243477483,36.555521591609065,36.555521591609065,33.14626304312828,1.0531293893905758,,45.684082,Industrials,0.03189537642373185,0.0,-1.7262000196211744,-0.40762847258749474,False
INVPRECQ.NS,INVESTMENT & PREC CAST L,1571.300048828125,23.37469212852539,25.053724538649025,25.053724538649025,23.79993596934257,1.0385707796619974,,107.77092,Basic Materials,0.03167754112844028,0.0,-1.7262000196211744,-0.4077918490589634,False
ACSTECH.NS,A C S TECHNOLOGIES LTD.,74.77999877929688,44.27936742709386,49.799682536480326,49.799682536480326,49.750482776525324,0.9787969240893716,,38.54639,Technology,0.030783166203764718,0.0,-1.7262000196211744,-0.4084626302524701,False
ABSLLIQUID.NS,BIRLASLAMC - ABSLLIQUID,999.989990234375,-0.0010009765625040856,0.7979073396856329,1.584130594452926,1.1340083525688853,0.909373639598158,,,,0.029744410308854784,0.0,-1.7262000196211744,-0.4092416971736525,False
ALUFLUOR.NS,ALUFLUORIDE LTD.,619.4500122070312,24.125844576517764,40.68817383167853,40.68817383167853,41.74812653913995,0.8952667120214466,,19.54101,Basic Materials,0.029533333372827205,0.0,-1.7262000196211744,-0.4094000048756732,False
PHARMABEES.NS,NIPPONAMC - NETFPHARMA,27.299999237060547,-0.07320811854716336,4.357795857407898,20.052768301844882,12.950137772944743,0.8740510318901009,,,,0.029215890702655817,0.0,-1.7262000196211744,-0.4096380868783017,False
COCKERILL.NS,JOHN COCKERILL INDIA LTD.,7978.5,-2.6240312442790015,-6.063460293165357,51.18382999724371,28.077088451796506,0.8280085985732227,,,Industrials,0.028526974161549815,0.0,-1.7262000196211744,-0.4101547742841312,False
RAMBHAJO.NS,ADVIT JEWELS LIMITED,330.3500061035156,22.952960811694002,92.07511806065136,84.0800143456079,90.10227092029403,0.8240983717069641,,41.270206,Consumer Cyclical,0.028468466828779133,0.0,-1.7262000196211744,-0.41019865478370926,False
KLBRENG-B.NS,KILBURN ENGINEERING LTD.,528.4000244140625,13.683603988227055,46.62130040722936,46.62130040722936,49.4609318339103,0.8094016759945564,,30.402765,Industrials,0.028248565402062664,0.0,-1.7262000196211744,-0.4103635808537466,False
LIQUID.NS,MIRAEAMC - LIQUID,999.989990234375,0.36660765127840556,1.1782967910769493,1.580257173479982,1.5337041266251046,0.7934640928450464,,,,0.02801009701831361,0.0,-1.7262000196211744,-0.4105424321415584,False
LIQUIDSBI.NS,SBIAMC - LIQUIDSBI,999.989990234375,-0.0010009765625040856,0.8068877192367152,1.205008907414773,1.1357072859573907,0.7434755274204551,,,,0.027262135907089362,0.0,-1.7262000196211744,-0.4111034029749766,False
MON100.NS,MOTILAL OS NASDAQ100 ETF,330.42999267578125,1.77410263030926,1.7646998008415515,29.921751384753236,21.984221132379847,0.7207490346170347,,29.083971,,0.026922087484673268,0.0,-1.7262000196211744,-0.41135843929178867,False
MOHEALTH.NS,MOTILALAMC - MOHEALTH,50.86000061035156,-1.8904312101692855,2.067025369152131,18.05942072567086,14.291014020958862,0.6487805356079513,,39.276886,,0.025845248450891072,0.0,-1.7262000196211744,-0.4121660685671253,False
GROWWSC250.NS,GROWWAMC - GROWWSC250,10.380000114440918,-2.899901572599195,1.964634609720517,16.498319777814217,13.198527866818749,0.6257190226070475,,25.34999,,0.025500187240509092,0.0,-1.7262000196211744,-0.4124248644749118,False
AUSTENG.NS,AUSTIN ENGINEERING CO. L,166.42999267578125,33.46431174722439,45.6080386983172,45.6080386983172,70.52684419608981,0.6122391239771419,,13.619475,Industrials,0.025298492315424196,0.0,-1.7262000196211744,-0.4125761356687255,False
HEALTHCARE.NS,MIRAEAMC - HEALTHCARE,21.020000457763672,-2.278009139489612,0.5741667053764221,16.325405715332806,13.24262435457055,0.5949992108676658,,39.8086,,0.025040537632043152,0.0,-1.7262000196211744,-0.41276960168126126,False
ARTEMISMED.NS,ARTEMIS MED SERVICE LTD,318.3500061035156,-4.341941772678881,21.01914530033515,40.0340121374884,43.66852699061946,0.5828994714933705,,139.01747,,0.02485949353863795,0.0,-1.7262000196211744,-0.41290538475131516,False
HDFCSML250.NS,HDFCAMC - HDFCSML250,180.9600067138672,-3.048479704624496,2.087336297919462,15.933122531529854,13.994478529488108,0.5704439930951416,,25.350882,,0.024673126648841474,0.0,-1.7262000196211744,-0.4130451599186625,False
MOSMALL250.NS,MOTILALAMC - MOSMALL250,17.950000762939453,-3.0777520558066263,1.8728712144625126,15.359898964460484,13.770200166347172,0.5538234987674017,,25.234703,,0.02442444010821198,0.0,-1.7262000196211744,-0.41323167482413464,False
MASPTOP50.NS,MIRAEAMC - MASPTOP50,111.05000305175781,39.05585049214657,41.033789769576586,60.75564578493635,91.7537761476346,0.5503765843921831,,35.868935,,0.024372865155330554,0.0,-1.7262000196211744,-0.4132703560387957,False
EBBETF0430.NS,EDELAMC - EBBETF0430,1607.47998046875,-0.09757734761068892,0.0037287405779906635,3.0601045339798016,2.7544297254639143,0.5488088532873174,,,,0.02434940775283588,0.0,-1.7262000196211744,-0.4132879490906667,False
CORONA.NS,CORONA REMEDIES LIMITED,2038.300048828125,-2.9427192016749593,2.975650383327544,31.215997617362756,29.35855468355789,0.5419936456107007,,62.620586,Healthcare,0.024247434226215756,0.0,-1.7262000196211744,-0.41336442923563177,False
3BBLACKBIO.NS,3B BLACKBIO DX LTD.,1575.0999755859375,8.260679034559004,37.6449071288675,37.6449071288675,58.65636977812897,0.541596106776275,,23.934053,Healthcare,0.02424148599413856,0.0,-1.7262000196211744,-0.41336889040968966,False
SMALLCAP.NS,MIRAEAMC - SMALLCAP,47.470001220703125,-2.9243359111532863,1.0430006028975702,15.330421274740957,14.191576648065219,0.5209599904811193,,23.557196,,0.02393271513135472,0.0,-1.7262000196211744,-0.41360046855677757,False
HEALTHIETF.NS,ICICIPRAMC - ICICIPHARM,165.4499969482422,-1.897418952891461,0.0,13.703527726041864,13.038426427724776,0.4964003983014123,,,,0.023565238695455414,0.0,-1.7262000196211744,-0.41387607588370207,False
SMALLADD.NS,DSPAMC - SMALLADD,17.790000915527344,-3.9935226319310346,-1.1117223909691498,14.996771871059034,12.845013808717825,0.4956136899624256,,25.211466,,0.02355346745860475,0.0,-1.7262000196211744,-0.41388490431134006,False
KARAMTARA.NS,KARAMTARA ENGINEERING L,438.79998779296875,24.6590874411843,24.6590874411843,24.6590874411843,51.02447933686918,0.4832795505447305,,61.71589,Technology,0.02336891612078389,0.0,-1.7262000196211744,-0.4140233178147057,False
SML100CASE.NS,ZERODHAAMC - SML100CASE,10.84000015258789,-5.161855965311957,-0.45913855976617013,15.820633452201704,14.568818132029746,0.4626458991774723,,25.336111,,0.0230601821398388,0.0,-1.7262000196211744,-0.4142548683004145,False
HEALTHY.NS,BIRLASLAMC - HEALTHY,16.56999969482422,-1.603328119460734,-0.060315011627576354,13.570935719867872,14.4131884371982,0.4472783909123319,,38.562943,,0.02283024358366876,0.0,-1.7262000196211744,-0.414427322217542,False
MONQ50.NS,MOTILALAMC - MONQ50,219.1999969482422,54.44233654614019,49.79839691474859,96.68012826419323,175.0506331414994,0.4236948429393739,,33.243847,,0.022477371349816127,0.0,-1.7262000196211744,-0.41469197639293154,False
HEALTHAXIS.NS,AXISAMC-HEALTHAXIS,163.77999877929688,-1.9516251424002928,-0.11587634322848261,13.562610867448722,15.244096708160814,0.416962554328066,,39.17324,,0.02237663851165552,0.0,-1.7262000196211744,-0.414767526021552,False
ALPHA.NS,KOTAKMAMC - KOTAKALPHA,52.70000076293945,-2.6957147130465153,4.335780071631112,13.017369838695503,18.911231534005346,0.38444222867084304,,21.081038,,0.021890048454322436,0.0,-1.7262000196211744,-0.41513246856455177,False
AUGMONT.NS,AUGMONT ENTERPRISES LTD,1162.199951171875,28.91846380165002,27.97444474240094,27.97444474240094,76.29647729032756,0.3691290811070252,,,Consumer Cyclical,0.021660923277976814,0.0,-1.7262000196211744,-0.415304312446811,False
PREMCO.NS,PREMCO GLOBAL LTD.,398.79998779296875,2.007923095237163,6.1626498795747775,6.1626498795747775,14.831760611510541,0.3594788684905,,55.93361,Consumer Cyclical,0.02151653058154917,0.0,-1.7262000196211744,-0.41541260696913174,False
MOALPHA50.NS,MOTILALAMC - MOALPHA50,54.34000015258789,-3.584102973541592,3.3724460413277813,12.044700824495603,17.807892755062777,0.35474515241490756,,20.823107,,0.021445701672856816,0.0,-1.7262000196211744,-0.415465728650651,False
GROWWNET.NS,GROWWAMC - GROWWNET,10.260000228881836,-5.524856784194299,5.773200315754701,18.06675171817771,27.63155692418198,0.3496134735778296,,44.645966,,0.02136891818901756,0.0,-1.7262000196211744,-0.41552331626353045,False
INTERNET.NS,MIRAEAMC - INTERNET,13.779999732971191,-5.681039994595194,4.7112453856221315,18.06739446709884,27.576945535626617,0.33763212963345407,,44.429256,,0.021189645604287884,0.0,-1.7262000196211744,-0.4156577707020777,False
TAMBOLIIN.NS,TAMBOLI INDUSTRIES LTD.,296.04998779296875,13.996909463739083,14.685818158088004,14.685818158088004,43.67625591957395,0.3330879928369796,,28.75817,Industrials,0.02112165330286901,0.0,-1.7262000196211744,-0.41570876492814185,False
GROWWDEFNC.NS,GROWWAMC - GROWWDEFNC,93.91000366210938,-3.6029507008909167,0.5137572036452154,14.538365787184837,22.334876748707348,0.3001010477747823,,46.518486,,0.02062808138547054,0.0,-1.7262000196211744,-0.4160789438661907,False
SELECTIPO.NS,MIRAEAMC - SELECTIPO,45.790000915527344,-5.878726661149669,-0.456519748853601,11.627115006233456,15.393465781285624,0.2923874525651121,,37.52496,,0.020512665605970683,0.0,-1.7262000196211744,-0.4161655057008156,False
HALDYNGL.NS,HALDYN GLASS LTD.,142.27000427246094,-3.6763661394550007,13.146179966219274,13.146179966219274,33.75825710927769,0.2897563909514272,,26.10459,Consumer Cyclical,0.020473297967560655,0.0,-1.7262000196211744,-0.4161950314296231,False
ITL.NS,ITL INDUSTRIES LTD.,366.75,0.6034871158137722,14.591474453434493,14.591474453434493,41.16801365997567,0.28648156510621503,,13.278421,Industrials,0.020424297914099512,0.0,-1.7262000196211744,-0.41623178146971895,False
SWARNSAR.NS,SWARNSARITA JEWELS IND L,40.13999938964844,13.872338694038122,18.128310566206384,18.128310566206384,60.55401967154077,0.28531741220818296,,7.0765305,Consumer Cyclical,0.020406879108661687,0.0,-1.7262000196211744,-0.4162448455737973,False
MOIPO.NS,MOTILALAMC - MOIPO,46.7400016784668,0.14956295461787672,3.053692316633594,13.94191948710466,28.16855688655012,0.2810573527451494,,37.441254,,0.02034313735526693,0.0,-1.7262000196211744,-0.4162926518888434,False
MODEFENCE.NS,MOTILALAMC - MODEFENCE,102.41000366210938,-4.414780431663933,-0.2629495931670722,13.915463764068225,21.936040529442213,0.27333514949656834,,46.302864,,0.020227592776744845,0.0,-1.7262000196211744,-0.41637931032273495,False
ABSLNN50ET.NS,BIRLASLAMC - ABSLNN50ET,75.27999877929688,-2.335240022052787,1.0876830204328947,8.145378708849105,15.102959466502172,0.26034276689972174,,19.732796,,0.020033192380533287,0.0,-1.7262000196211744,-0.4165251106198936,False
EBBETF0433.NS,EDELAMC - EBBETF0433,1301.260009765625,-0.75202768535928,-0.8435337651166996,2.973044821229376,4.198150493212374,0.2579842589018518,,,,0.019997902864862364,0.0,-1.7262000196211744,-0.4165515777566468,False
MLKFOOD.NS,MILKFOOD LTD.,84.66000366210938,1.2316231525994814,9.083884803909514,9.083884803909514,30.269305757603583,0.24821951760528668,,4.8349514,Consumer Defensive,0.019851796516561295,0.0,-1.7262000196211744,-0.41666115751787264,False
AXTEL.NS,AXTEL INDUSTRIES LTD.,447.95001220703125,13.548799038537695,7.861792769986509,7.861792769986509,36.3541224026859,0.2475426011874881,,23.18582,Industrials,0.019841668057147387,0.0,-1.7262000196211744,-0.41666875386243307,False
MOMENTUM50.NS,MOTILALAMC - MOMENTUM50,53.2400016784668,-2.096357791939907,3.278375298580549,6.736167879714361,16.76647315611539,0.23453501128080453,,27.001741,,0.019647040119371715,0.0,-1.7262000196211744,-0.4168147248157648,False
MIDSELIETF.NS,ICICI PRUD MIDCAP SEL ETF,18.670000076293945,-6.322128497683044,-0.26708995135955593,9.117471714165703,13.851419266985063,0.2320472083006939,,,,0.019609816008903543,0.0,-1.7262000196211744,-0.41684264289861594,False
MIDSMALL.NS,MIRAEAMC - MIDSMALL,50.31999969482422,-2.894635293002168,0.8821143089153605,6.836520859915396,13.446620132647574,0.23083627210266705,,27.229784,,0.019591697201600217,0.0,-1.7262000196211744,-0.41685623200409344,False
SRIKPRIND.NS,SRI KPR INDUSTRIES LTD.,26.1200008392334,-18.932762939238422,30.789007743295116,30.789007743295116,90.70375891722088,0.22981025103471278,,7.9879155,Industrials,0.01957634521356839,0.0,-1.7262000196211744,-0.41686774599511733,False
EBBETF0431.NS,EDELAMC - EBBETF0431,1427.3199462890625,-0.9101523109782295,-0.6141510068246481,2.544717382982342,4.060402471699507,0.2231510135609126,,,,0.01947670541357606,0.0,-1.7262000196211744,-0.41694247584511157,False
STEAMHOUSE.NS,STEAMHOUSE INDIA LIMITED,118.41999816894531,15.475372642532047,15.475372642532047,15.475372642532047,70.4178073462751,0.21976504559724672,,84.207146,Utilities,0.019426042380157073,0.0,-1.7262000196211744,-0.4169804731201758,False
SINGERIND.NS,SINGER INDIA LIMITED,74.93000030517578,-2.6630332064972118,10.766166036720382,5.644567152789781,26.159093352714514,0.2109983962929589,,,,0.01929487012706972,0.0,-1.7262000196211744,-0.4170788523099913,False
MANIKA.NS,MANIKA PLASTECH LIMITED,51.52000045776367,19.42513024264445,19.42513024264445,19.42513024264445,95.6371129684338,0.2031128882869231,,26.833334,Consumer Cyclical,0.019176882077589493,0.0,-1.7262000196211744,-0.4171673433471015,False
GROWWMOM50.NS,GROWWAMC - GROWWMOM50,10.720000267028809,-2.4567744286848603,2.2900833518668895,6.033636311240453,16.139912865506464,0.19904000114584727,,26.898123,,0.019115940917024975,0.0,-1.7262000196211744,-0.4172130492175249,False
GROWWRLTY.NS,GROWWAMC - GROWWRLTY,9.449999809265137,-7.443684877985268,-3.669730835400198,13.445376900565309,21.725842759964618,0.19023576068089137,,35.644367,,0.018984206200780958,0.0,-1.7262000196211744,-0.4173118502547079,False
MOREALTY.NS,MOTILALAMC - MOREALTY,83.95999908447266,-7.573753336390466,-3.748715059749008,13.153642234026641,20.912136574971786,0.18828568365102843,,35.07243,,0.018955027892305007,0.0,-1.7262000196211744,-0.4173337339860648,False
GROWWCAPM.NS,GROWWAMC - GROWWCAPM,11.149999618530273,-2.534964794494432,-0.5352401374890348,8.780484083222184,20.16607918880973,0.18460093340041178,,40.85487,,0.018899894285876698,0.0,-1.7262000196211744,-0.4173750841908861,False
GROWWNXT50.NS,GROWWAMC - GROWWNXT50,70.7300033569336,-3.7031908840313266,-0.534379482711822,6.826769876094074,14.108099174686576,0.1780844382464413,,19.32597,,0.018802390288407442,0.0,-1.7262000196211744,-0.41744821218898803,False
UDAYJEW.NS,UDAY JEWELLERY INDS. LTD.,160.27000427246094,12.446325879380925,10.918299955795119,10.918299955795119,63.119030498654325,0.17782125377502034,,13.490033,Consumer Cyclical,0.018798452352841,0.0,-1.7262000196211744,-0.41745116564066287,False
MOTOUR.NS,MOTILALAMC - MOTOUR,76.55000305175781,-1.5307368725389625,-3.0276150439980443,7.725873461559285,14.972898361691788,0.1768865839410063,,41.389793,,0.01878446722080652,0.0,-1.7262000196211744,-0.4174616544896887,False
GUJRAFFIA.NS,GUJARAT RAFFIA INDUST LTD,41.86000061035156,2.097562464272107,5.070282254083924,7.33333489833734,32.0609240331581,0.1748940427379517,,20.222223,,0.01875465353602205,0.0,-1.7262000196211744,-0.41748401475327707,False
GILT5YBEES.NS,RELCAPAMC - NETFGILT5Y,65.54000091552734,-1.191015971233511,-0.3496970340248762,1.7701853457104955,3.2045173735330197,0.16913010761255837,,,,0.018668409826389752,0.0,-1.7262000196211744,-0.4175486975355013,False
BBETF0432.NS,EDELAMC - BBETF0432,1336.1400146484375,-0.45891633432222356,-1.2059549049711737,2.3877787127810857,4.402605509305098,0.16815488380730306,,,,0.018653817899718608,0.0,-1.7262000196211744,-0.4175596414805047,False
CMPDI.NS,CENTRAL MINE P N D INST L,210.05999755859375,-13.881600879194522,-18.309699020629655,29.726941426788933,43.34754461046245,0.15212489866433962,,22.932314,Basic Materials,0.01841396693783162,0.0,-1.7262000196211744,-0.4177395297019199,False
JUNIORBEES.NS,NIP IND ETF JUNIOR BEES,758.7899780273438,-4.080552795328652,-0.9257359913128371,6.285017395686787,13.63922656385508,0.15020480315670887,,19.260948,,0.018385237232201024,0.0,-1.7262000196211744,-0.41776107698114284,False
KPL.NS,KWALITY PHARMACEUTICALS L,3745.0,13.98569471922082,6.012565715679785,6.012565715679785,51.64625781924291,0.1472941474843184,,47.951344,Healthcare,0.01834168612741094,0.0,-1.7262000196211744,-0.4177937403097354,False
CRAVATEX.NS,CRAVATEX LTD.,374.6000061035156,13.687407011689112,7.674622786850538,7.674622786850538,60.33137991000969,0.14714033799512488,,11.25601,Consumer Cyclical,0.018339384730771992,0.0,-1.7262000196211744,-0.4177954663572146,False
SHRADDHA.NS,SHRADDHA PRIME PROJECTS L,164.7899932861328,5.310581406880277,6.316124700730841,6.316124700730841,42.57487415147108,0.1436296915420432,,12.798766,Real Estate,0.018286856177494672,0.0,-1.7262000196211744,-0.4178348627721726,False
ARCIL.NS,ASSET RECONSTRUC CO (I) L,145.74000549316406,6.364035139981183,6.364035139981183,6.364035139981183,44.33779386191664,0.1435352232377072,,13.4695015,Financial Services,0.018285442681882497,0.0,-1.7262000196211744,-0.4178359228938817,False
UPHOT.NS,U P HOTELS LTD.,1530.0,10.31002162941601,5.6629834254143585,5.6629834254143585,46.012624540696294,0.14327352833874352,,26.078064,Consumer Cyclical,0.018281527034258525,0.0,-1.7262000196211744,-0.4178388596295997,False
EKI.NS,EKI ENERGY SERVICES LTD,88.41000366210938,19.26346544958626,11.095754747279907,11.095754747279907,92.31620048747585,0.1378880068762169,,,Industrials,0.018200945393568917,0.0,-1.7262000196211744,-0.4178992958601169,False
SBISMLETF.NS,SBIAMC - SBISMLETF,17.829999923706055,-3.8813980752949284,-0.6264493884065914,5.118562425530215,11.605279804147784,0.137443198954722,,25.289766,,0.018194289890967136,0.0,-1.7262000196211744,-0.41790428748706826,False
HSBCGOLD.NS,HSBCAMC - HSBCGOLD,128.02000427246094,-4.3270259261438575,3.9967553690702706,3.9967553690702706,17.186346284466893,0.13568905637607387,,,,0.018168043279942644,0.0,-1.7262000196211744,-0.41792397244533663,False
HDFCNEXT50.NS,HDFCAMC - HDFCNEXT50,71.54000091552734,-4.294313156485163,-1.0100951452155615,5.922416265588781,13.517824938507186,0.13310698769844306,,19.32737,,0.018129408705395963,0.0,-1.7262000196211744,-0.41795294837624664,False
WPIL.NS,W P I L LTD.,447.20001220703125,0.7434148132285046,4.890349666947902,4.890349666947902,31.051998505225765,0.13077943100473294,,25.235905,Industrials,0.018094582303072197,0.0,-1.7262000196211744,-0.41797906817798947,False
SYMBIOTEC.NS,SYMBIOTEC PHARMALAB LTD,1169.699951171875,8.48133096887318,6.559169463671255,6.559169463671255,54.12776542731028,0.12828169996982638,,78.40738,Healthcare,0.018057209642653962,0.0,-1.7262000196211744,-0.41800709767330313,False
GROWWCHEM.NS,GROWWAMC - GROWWCHEM,28.530000686645508,-5.654758920024383,-1.9587618122066552,6.694094730175437,14.699444899213235,0.11078425399568813,,34.679237,,0.017795401586686736,0.0,-1.7262000196211744,-0.41820345371527856,False
AONETMMQ50.NS,AONEAMC - AONETMMQ50,10.010000228881836,-2.815533558085659,0.7772222700151765,4.073526381762815,15.833744045468743,0.107796561271905,,32.14636,,0.017750697803917685,0.0,-1.7262000196211744,-0.41823698155235534,False
ALPHAETF.NS,MIRAEAMC - ALPHAETF,25.610000610351562,-3.6493578485279565,-0.15594155467283377,5.3475984079326855,17.660624221713917,0.10742231667094301,,20.08414,,0.017745098115164313,0.0,-1.7262000196211744,-0.41824118131892035,False
MONEXT50.NS,MOTILALAMC - MONEXT50,69.80000305175781,-4.566579663334447,-1.2563637107374848,5.824115332782043,15.240148318842884,0.10641842759438491,,19.242027,,0.01773007728024196,0.0,-1.7262000196211744,-0.41825244694511216,False
LIQUIDETF.NS,DSP LIQUID ETF,1000.0,0.001000986582133656,0.001000986582133656,0.001000986582133656,0.00977157737789153,0.10243857680130943,,,,0.017670528189436662,0.0,-1.7262000196211744,-0.41829710876321613,False
SAMBANDAM.NS,SAMBANDAM SPINNING MILL L,102.1500015258789,-17.106225153623367,27.607742200624187,27.607742200624187,185.31697061736747,0.10071904730307911,,,Consumer Cyclical,0.01764479948161408,0.0,-1.7262000196211744,-0.41831640529408304,False
PERMAGN.NS,PERMANENT MAGNETS LTD.,846.75,-4.666743035055221,5.219012115563837,5.219012115563837,34.67653277026701,0.09348861683559763,,59.08779,Industrials,0.017536613124171097,0.0,-1.7262000196211744,-0.4183975450621653,False
PRADPME.NS,PRADEEP METALS LTD.,544.25,10.709925395199837,3.864503816793885,3.864503816793885,56.58795028603445,0.0924859109744819,,27.985579,Industrials,0.01752160999328024,0.0,-1.7262000196211744,-0.41840879741033343,False
CONSUMER.NS,MIRAEAMC - CONSUMER,11.3100004196167,-5.985031831556542,-2.1626296792841226,6.396992453951134,14.695008719805482,0.09205172875902014,,32.49,,0.017515113479335657,0.0,-1.7262000196211744,-0.41841366979579186,False
BEEKAY.NS,BEEKAY STEEL INDS. LTD.,434.1000061035156,4.243557213924887,2.608798585407568,2.608798585407568,32.31462330270685,0.09084897210527806,,19.615908,Basic Materials,0.01749711705964199,0.0,-1.7262000196211744,-0.4184271671105621,False
WELSPLSOL.NS,WELSPUN SPECIALTY SOL L,51.9900016784668,-12.695210168682646,8.402841265480498,8.402841265480498,48.74349260351825,0.0858213220909022,,122.047615,Basic Materials,0.01742189012204819,0.0,-1.7262000196211744,-0.41848358731375745,False
GROWWEV.NS,GROWWAMC - GROWWEV,30.329999923706055,-6.302128747274349,-1.8764151619839464,6.011881428384758,14.26022537546302,0.0829292935365685,,25.776558,,0.017378617728195343,0.0,-1.7262000196211744,-0.41851604160914707,False
MCCHRLS-B.NS,MAC CHARLES (INDIA) LTD.,674.25,0.6343283582089576,2.1590909090908994,2.1590909090908994,22.622841667685847,0.08195868697967232,,,Industrials,0.01736409488776791,0.0,-1.7262000196211744,-0.4185269337394677,False
MPIMANIPAL.NS,MANIPAL PAYMENT & IDE S L,366.04998779296875,6.055336597442507,6.055336597442507,6.055336597442507,74.9985531747481,0.08073937884178531,,33.49039,Technology,0.01734585081410842,0.0,-1.7262000196211744,-0.4185406167947123,False
SMALLGROWW.NS,GROWWAMC - SMALLGROWW,47.5,-3.1797825715926376,0.4228346007725703,3.996760791681764,20.009366862137483,0.07442885484286664,,23.66946,,0.01725142868971762,0.0,-1.7262000196211744,-0.4186114333880054,False
MID150CASE.NS,ZERODHAAMC - MID150CASE,11.0600004196167,-5.3082180595863555,-2.3830494784419898,5.433752725790364,12.906685236788515,0.07285510494144752,,25.994856,,0.017227881230112475,0.0,-1.7262000196211744,-0.41862909398270925,False
KUSUMGAR.NS,KUSUMGAR LIMITED,611.0,6.967784828853141,1.3603205662053863,1.3603205662053863,34.87987744663562,0.0711531576468647,,47.80908,Consumer Cyclical,0.01720241559854476,0.0,-1.7262000196211744,-0.418648193206385,False
BLEL.NS,BEHARI LAL ENGINEERING L,510.04998779296875,12.556547426431685,1.5631173626298844,1.5631173626298844,53.48634005845161,0.07033203938068845,,31.54298,Basic Materials,0.01719012949820163,0.0,-1.7262000196211744,-0.4186574077816424,False
LTGILTBEES.NS,NIP IND ETF LONGTERM GILT,29.540000915527344,-1.0053593683863604,-1.0385241607394513,1.4771566340086917,3.270286019805672,0.06909156987118002,,,,0.01717156879447087,0.0,-1.7262000196211744,-0.4186713283094404,False
MIDCAPBETA.NS,UTIAMC-MIDCAPBETA,222.13999938964844,-4.746797738315278,-2.433236764032154,5.364510487296226,15.37285161255991,0.06523998877935976,,,,0.017113938957548383,0.0,-1.7262000196211744,-0.4187145506871323,False
MOM100.NS,MOTILAL OS MIDCAP100 ETF,64.5999984741211,-5.250809350294061,-2.3136229288408083,5.109013075858848,13.173887783148471,0.06150483460116572,,26.930376,,0.017058051175092806,0.0,-1.7262000196211744,-0.418756466523974,False
EVINDIA.NS,MIRAEAMC - EVINDIA,30.280000686645508,-6.658440294399625,-2.3540778356925918,5.615628203931555,12.670550842145992,0.060763158753634305,,25.633188,,0.017046953743382658,0.0,-1.7262000196211744,-0.4187647895977566,False
HDFCPVTBAN.NS,HDFCAMC - HDFCPVTBAN,27.56999969482422,-2.8883399522833586,-1.5357153756277886,3.2971118140057154,10.120101629920097,0.060293199229697246,,17.907192,,0.017039921906306144,0.0,-1.7262000196211744,-0.418770063475564,False
MIDCAPADD.NS,DSPAMC - MIDCAPADD,22.209999084472656,-4.596226677891179,-1.81256295114548,6.1156175854443,27.226141007338622,0.05857585808109302,,26.140772,,0.017014225941980085,0.0,-1.7262000196211744,-0.41878933544880853,False
MID150BEES.NS,NIP IND ETF MIDCAP 150,227.52000427246094,-5.259208804921956,-2.4021924167901165,5.114348570245442,13.877695361997294,0.05654215477257898,,26.121296,,0.016983796363263103,0.0,-1.7262000196211744,-0.4188121576328463,False
GSEC5IETF.NS,ICICIPRAMC - ICICI5GSEC,65.63999938964844,-1.308078061401996,-0.5605252758792867,1.6256434607379688,6.786479225456646,0.05644289513648101,,,,0.01698231117665923,0.0,-1.7262000196211744,-0.4188132715227992,False
PVTBANIETF.NS,ICICIPRAMC - ICICIBANKP,27.40999984741211,-2.69790637850017,-1.685793857612039,3.551192136160619,13.169247738346701,0.05545317770238039,,,,0.01696750238697862,0.0,-1.7262000196211744,-0.4188243781150596,False
GROWWMC150.NS,GROWWAMC - GROWWMC150,220.89999389648438,-5.400197382122074,-2.3948450213550188,5.673555774620431,18.93927525895376,0.05482178648486626,,26.091543,,0.016958055104932063,0.0,-1.7262000196211744,-0.41883146357659456,False
MOMIDMTM.NS,MOTILALAMC - MOMIDMTM,62.13999938964844,-3.7335453883355685,0.42016534751996293,2.7107427928073413,13.666782847782693,0.053758951987591355,,24.474615,,0.016942152290660897,0.0,-1.7262000196211744,-0.4188433906872979,False
INDPRUD.NS,INDUSTRIAL & PRU INV CO L,6299.5,-0.08723235527359208,1.6376250403355996,1.6376250403355996,24.27415094819451,0.053252266739185594,,17.336325,Financial Services,0.016934570939641527,0.0,-1.7262000196211744,-0.4188490767005625,False
AMAL.NS,AMAL LTD.,753.7000122070312,1.4128094493457866,1.7894523305504784,1.7894523305504784,35.01597486373611,0.04895262122305782,,31.36496,Basic Materials,0.016870236874224814,0.0,-1.7262000196211744,-0.418897327249625,False
MIDCAP.NS,KOTAKMAMC - KOTAKMID50,17.420000076293945,-5.888709557588889,-2.8443960970520266,5.193240568154955,11.576073397388026,0.04885590510533963,,30.765097,,0.016868789745381103,0.0,-1.7262000196211744,-0.41889841259625776,False
MULTICAP.NS,MIRAEAMC - MULTICAP,16.020000457763672,-4.586065609154177,-1.8983433398083505,4.025979575268135,10.867036844635981,0.0484284420248441,,22.276531,,0.016862393767461372,0.0,-1.7262000196211744,-0.41890320957969757,False
YOGI.NS,YOGI LTD.,160.0,-1.960369989799382,2.8403051423879555,2.8403051423879555,39.121864891922186,0.04805931724105113,,56.49123,Real Estate,0.01685687068470992,0.0,-1.7262000196211744,-0.41890735189176115,False
METAL.NS,MIRAEAMC - METAL,12.720000267028809,-5.497769457807811,1.1933220035506675,3.414634713667053,20.28499916238079,0.04760956895086243,,16.774065,,0.01685014126112988,0.0,-1.7262000196211744,-0.4189123989594462,False
MIDCAPIETF.NS,ICICIPRAMC - ICICIM150,22.729999542236328,-5.527846854646478,-2.5300178400895934,4.843169844466622,12.412927978781731,0.04487339330288546,,,,0.01680920083883965,0.0,-1.7262000196211744,-0.4189431042761639,False
MIDCAPETF.NS,MIRAEAMC - MAM150ETF,22.420000076293945,-5.52043611973424,-2.6064307972998857,4.815337615876558,11.858442748571528,0.043989953471783944,,,,0.016795982243103646,0.0,-1.7262000196211744,-0.4189530182229659,False
ABGSEC.NS,BIRLASLAMC - ABGSEC,112.93000030517578,-0.5722851870047951,-1.6203507235097225,1.9776074441507197,8.920903372649738,0.04352042067491265,,,,0.016788956790992324,0.0,-1.7262000196211744,-0.41895828731204937,False
HDFCMID150.NS,HDFCAMC - HDFCMID150,22.200000762939453,-5.531911647066156,-2.503292417062164,4.6676177331452795,11.268634803476468,0.04228008275248159,,26.158392,,0.01677039805615216,0.0,-1.7262000196211744,-0.4189722063631795,False
KANCOTEA.NS,KANCO TEA & INDS. LTD.,50.470001220703125,-7.985409982252789,4.104788979490581,4.104788979490581,44.61372372961086,0.0378078547607219,,,Consumer Defensive,0.01670348170058259,0.0,-1.7262000196211744,-0.41902239362985666,False
RENTOMOJO.NS,RENTOMOJO LIMITED,545.2000122070312,2.0496045310306465,2.0496045310306465,2.0496045310306465,54.54872672928809,0.037573829012815564,,55.4116,Industrials,0.01669998005661717,0.0,-1.7262000196211744,-0.41902501986283075,False
GROWWMETAL.NS,GROWWAMC - GROWWMETAL,11.970000267028809,-5.896226291315854,0.7575770346878175,3.367878634648025,20.676584919615866,0.03540077688251938,,16.767614,,0.0166674654510805,0.0,-1.7262000196211744,-0.41904940581698324,False
TANAA.NS,TANEJA AEROSPACE & AVIA L,314.3500061035156,11.412373880413718,0.15931177004187003,0.15931177004187003,82.42473126505193,0.02923787745619025,,45.15436,Industrials,0.016575252180622998,0.0,-1.7262000196211744,-0.41911856576982637,False
GILT10BETA.NS,UTIAMC-GILT10BETA,26.450000762939453,-0.4890863850253724,-2.21810902419195,2.3606834626526574,14.771132582087123,0.028236951006806163,,,,0.01656027567443651,0.0,-1.7262000196211744,-0.4191297981494662,False
METALIETF.NS,ICICIPRAMC - METALIETF,12.630000114440918,-5.746265119474758,0.959231681563355,2.7664780605632044,20.006070302648148,0.02607985990934531,,16.692863,,0.01652799988815289,0.0,-1.7262000196211744,-0.41915400498917893,False
SETFNN50.NS,SBI-ETF NIFTY NEXT 50,742.0499877929688,-5.47735821522487,-3.9168717438992307,5.039277368644823,11.718065805610596,0.021258245363935297,,19.217247,,0.016455855785943756,0.0,-1.7262000196211744,-0.4192081130658358,False
SAICAPI.NS,SAI CAPITAL LTD.,155.0,-1.6247763380687563,2.425162310539397,2.425162310539397,78.27481235439697,0.02063466563783339,,3.3624747,Financial Services,0.016446525384462726,0.0,-1.7262000196211744,-0.41921511086694657,False
GILT5BETA.NS,UTIAMC-GILT5BETA,66.0,-1.404246201259185,-1.1828131527150232,1.694912863264686,12.442988102365337,0.017018681027969915,,,,0.016392420693840164,0.0,-1.7262000196211744,-0.4192556893849135,False
MAKEINDIA.NS,MIRAEAMC - MAMFGETF,157.0,-4.980933208465466,-1.8197758710944867,3.5346878342954247,13.438237459385856,0.016759974274171387,,,,0.016388549756768678,0.0,-1.7262000196211744,-0.4192585925877171,False
PVTBANKADD.NS,DSPAMC - DSPPVBKETF,27.549999237060547,-2.7875826085879685,-1.6071455819266167,2.4925598854625752,12.726743234407445,0.016235084075623216,,,,0.016380696011560305,0.0,-1.7262000196211744,-0.4192644828966234,False
INFRA.NS,MIRAEAMC - INFRA,11.59000015258789,-3.7375399559044453,-4.135649244743589,4.414412200707374,15.132370984767762,0.014472506387511736,,25.486662,,0.01635432318899536,0.0,-1.7262000196211744,-0.4192842625135471,False
SNXT50BETA.NS,UTIAMC-SNXT50BETA,90.06999969482422,-5.169513043348339,-2.1297393355106498,3.731426690596651,14.946374418480469,0.012905399701753717,,,,0.01633087512946153,0.0,-1.7262000196211744,-0.41930184855819747,False
MOGSEC.NS,MOTILALAMC - G5,64.86000061035156,-1.2635131682252942,-0.5672278515109097,1.059520570181327,8.761616550097298,0.012199723118326268,,,,0.016320316341926377,0.0,-1.7262000196211744,-0.4193097676488488,False
MOBANK10.NS,MOTILALAMC - MOBANK10,16.43000030517578,-3.0678491702527455,-4.176453090685639,4.050567255771642,16.183989205678355,0.009810799092973953,,16.065054,,0.0162845717220627,0.0,-1.7262000196211744,-0.4193365761137466,False
HAMPTON.NS,HAMPTON SKY REALTY LTD.,8.09000015258789,2.92620884435848,-0.3694548447536805,-0.3694548447536805,47.06865072871678,0.006154370022887942,,,Financial Services,0.016229861875377866,0.0,-1.7262000196211744,-0.4193776084987602,False
HBESD.NS,H B ESTATE DEVELOPERS L,75.02999877929688,-0.09320865012845125,0.03999837239583304,0.03999837239583304,71.31136579223528,0.0001873048951229489,,12.980968,Consumer Cyclical,0.016140578803823365,0.0,-1.7262000196211744,-0.4194445708024261,False
LIQUIDIETF.NS,ICICIPRAMC - ICICILIQ,999.989990234375,0.0,0.0,0.0,0.017181200915032033,0.0,,,,0.016137776227348046,0.0,-1.7262000196211744,-0.4194466727347826,False
MYSORPETRO.NS,MYSORE PETRO CHEMICALS L,117.12999725341797,-7.858720325139911,1.9142059883411555,1.9142059883411555,59.83306880217874,-0.0006748655076991928,,7.163914,Basic Materials,0.01612767845497194,0.0,-1.7262000196211744,-0.4194542460640647,False
SIKA.NS,SIKA INTERPLANT SYSTEMS L,1022.5999755859375,2.6603755295156795,-0.7280846692316323,-0.7280846692316323,37.869154510644975,-0.0013307038441186727,,62.56269,Industrials,0.01611786537938705,0.0,-1.7262000196211744,-0.4194616058707533,False
MAHKTECH.NS,MIRAEAMC - MAHKTECH,22.25,0.6787312938512091,-0.04492465758765274,-0.3136187086976161,20.694240107036705,-0.001669087276195664,,18.236748,,0.01611280226853907,0.0,-1.7262000196211744,-0.4194654032038893,False
LICNETFGSC.NS,LICNAMC - LICNMFET,29.020000457763672,-1.0906601675528371,-1.6271170923265355,1.397622665272391,4.254376644757054,-0.0017525078743952558,,,,0.01611155407582143,0.0,-1.7262000196211744,-0.41946633934842753,False
MOMOMENTUM.NS,MOTILALAMC - MOMOMENTUM,60.720001220703125,-2.4891588656914765,-0.16441709079719757,0.7132199347255952,16.045363074979623,-0.011875513948320142,,23.869373,,0.015960087139179596,0.0,-1.7262000196211744,-0.4195799395509089,False
MOMMIDCAP.NS,MIRAEAMC - MOMMIDCAP,12.609999656677246,-2.925328107286085,0.4380673051739503,0.4380673051739503,16.727782623249187,-0.014025276546692755,,24.276854,,0.015927921006619286,0.0,-1.7262000196211744,-0.41960406415032914,False
TRANSCOR.NS,TRANSCORP INTERNATIONAL L,24.600000381469727,-3.4915629566103945,-0.0406348176912652,-0.0406348176912652,46.47597646018903,-0.015724692650306803,,8.0,Financial Services,0.01590249324836107,0.0,-1.7262000196211744,-0.4196231349690228,False
GOLD1.NS,KOTAK GOLD ETF,122.72000122070312,-4.475753051579623,3.9471487027573415,-1.1757119350013445,18.849958129866543,-0.015854781475615705,,,,0.015900546775572556,0.0,-1.7262000196211744,-0.4196245948236142,False
GOLDETF.NS,MIRAEAMC - MAGOLDETF,142.99000549316406,-4.328918058387066,3.8794128830078156,-1.1065709144826075,16.021058599077694,-0.015931856339077018,,,,0.01589939353182506,0.0,-1.7262000196211744,-0.4196254597564248,False
PANCHMAHQ.NS,PANCHMAHAL STEEL LTD.,287.5,-4.1666666666666625,0.226597135316009,0.226597135316009,39.47434201039138,-0.01651846723353507,,141.81819,Basic Materials,0.01589061628181302,0.0,-1.7262000196211744,-0.41963204269393384,False
SVGLOBAL.NS,S V GLOBAL MILL LTD.,135.6999969482422,-17.06392800522242,2.030072893415169,2.030072893415169,105.66592709789084,-0.016928136963567365,,,Real Estate,0.015884486539462797,0.0,-1.7262000196211744,-0.4196366400006965,False
GOLDADD.NS,DSPAMC - DSPGOLD,14.289999961853027,-4.414714754732508,3.942390247161054,-1.2576019809433792,18.422835198085522,-0.017859730259444935,,,,0.01587054744057338,0.0,-1.7262000196211744,-0.4196470943248636,False
HDFCNIMEG.NS,HDFCAMC - HDFCNIMEG,125.70999908447266,-5.877507200969545,0.7730944112024796,0.7730944112024796,30.81682785816629,-0.018075381209823032,,16.741734,,0.01586732073216294,0.0,-1.7262000196211744,-0.4196495143561714,False
LICNMID100.NS,LICNAMC - LICNMID100,59.619998931884766,-6.610277585552382,-3.418112143201746,3.8675911968486076,22.650944919200565,-0.018263854470713766,,27.047682,,0.015864500673846513,0.0,-1.7262000196211744,-0.41965162939990874,False
GOLDBND.NS,BANDHANAMC - GOLDBND,146.97000122070312,-4.453260809614523,3.931827603851157,-1.2630196880912936,18.241058501309794,-0.01878255720575758,,,,0.015856739509452152,0.0,-1.7262000196211744,-0.4196574502732045,False
GOLDCASE.NS,ZERODHAAMC - GOLDCASE,23.139999389648438,-4.419660203582887,3.859958153046228,-1.237733298122412,17.88466031224479,-0.01927972004078597,,,,0.015849300638914685,0.0,-1.7262000196211744,-0.4196630294261076,False
GOLDBETA.NS,UTIAMC-UTIGOLDBETA,123.75,-4.440154440154442,3.8606784852805776,-1.19760479041916,17.0134291102827,-0.019315902485428978,,,,0.015848759253874484,0.0,-1.7262000196211744,-0.4196634354648877,False
GOLDAXIS.NS,AXISAMC-GOLDAXIS,122.33999633789062,-4.50394523844434,3.8716230309515876,-1.3227996246470863,20.083294486538726,-0.019952002943319995,,,,0.015839241509140397,0.0,-1.7262000196211744,-0.4196705737734383,False
MOMGF.NS,MOTILALAMC - MOMGF,153.9199981689453,-7.0868074572240864,-1.919050579070658,3.321428216591382,16.63227942441782,-0.01998298299163973,,26.191797,,0.01583877796570461,0.0,-1.7262000196211744,-0.41967092143101514,False
GOLDIETF.NS,ICICI PRUDENTIAL GOLD ETF,125.8499984741211,-4.5144191501271465,3.870910094300717,-1.3869332662338807,19.343204074349806,-0.02249252156764451,,,,0.015801228633251767,0.0,-1.7262000196211744,-0.4196990834303548,False
BSLGOLDETF.NS,ADITYBIRLA SL GOLD ETF-GR,129.38999938964844,-4.410461874840276,3.752706550824181,-1.2365431532805449,16.52210647501909,-0.02266974776519657,,,,0.015798576860740734,0.0,-1.7262000196211744,-0.4197010722597381,False
HDFCGOLD.NS,HDFC GOLD ETF,125.61000061035156,-4.442751216030915,3.827076479538394,-1.3275745490117008,17.59859161283483,-0.022968575140566876,,,,0.01579410561308944,0.0,-1.7262000196211744,-0.4197044256954765,False
EMETAL.NS,EDELAMC - EMETAL,12.569999694824219,-5.913173519118997,0.8237491386769769,0.8237491386769769,22.22782540249664,-0.023557652778748446,,16.726494,,0.015785291454069084,0.0,-1.7262000196211744,-0.41971103631474177,False
EMULTIMQ.NS,EDELAMC - EMULTIMQ,40.560001373291016,-3.4285681588309136,-0.685599359086031,0.9960197395386228,16.47858300262761,-0.023872414857277525,,27.68814,,0.01578058178112632,0.0,-1.7262000196211744,-0.4197145685694489,False
EGOLD.NS,EDELAMC - EGOLD,147.0500030517578,-4.388816557908937,3.6658418924899294,-1.3087227840551607,17.47914893044486,-0.024736452418719006,,,,0.01576765349464508,0.0,-1.7262000196211744,-0.4197242647843098,False
GOLDBEES.NS,NIP IND ETF GOLD BEES,121.45999908447266,-4.490052030107705,3.847469250363056,-1.4203392687311078,17.79417211291009,-0.025510558309331178,,,,0.015756070823743654,0.0,-1.7262000196211744,-0.4197329517874859,False
GROWWGOLD.NS,GROWWAMC - GROWWGOLD,14.350000381469727,-4.524280529491664,3.8350267608471933,-1.4423079127390603,17.92417157745903,-0.026528536168731805,,,,0.015740839183378468,0.0,-1.7262000196211744,-0.4197443755177598,False
VIRTUALG.NS,VIRTUAL GLOBAL EDU LTD,0.4300000071525574,-8.510636544000938,0.0,0.0,59.94223706822187,-0.02839612587088725,,,Consumer Defensive,0.015712895103425974,0.0,-1.7262000196211744,-0.4197653335777241,False
BLACKROSE.NS,BLACK ROSE INDS. LTD.,107.6500015258789,-4.75136725950075,-0.0480212061192864,-0.0480212061192864,34.4599093259747,-0.028691033612837955,,19.154804,Basic Materials,0.015708482503854364,0.0,-1.7262000196211744,-0.41976864302740285,False
MOMNC.NS,MOTILALAMC - MOMNC,30.719999313354492,-4.5666336628383375,-4.418465784264458,3.3963965490809933,18.35410737841773,-0.029457613063374185,,35.841843,,0.015697012448396788,0.0,-1.7262000196211744,-0.41977724556899604,False
EQUAL200.NS,MIRAEAMC - EQUAL200,13.130000114440918,-4.992761183936311,-2.740739893030242,2.954556892367055,11.48479744925547,-0.029908734568511397,,22.272892,,0.01569026247789026,0.0,-1.7262000196211744,-0.4197823080468759,False
MOMENTUM.NS,BIRLASLAMC - MOMENTUM,30.25,-2.607854088441164,-0.6568169390093193,0.2651638167177728,19.257362386069055,-0.030431685256421856,,23.701515,,0.0156824377528892,0.0,-1.7262000196211744,-0.4197881765906267,False
ENEXT50.NS,EDELAMC - ENEXT50,69.91999816894531,-4.350205706641108,-0.8094730534981665,0.805049715312256,22.158350621980418,-0.0320582615469958,,19.339594,,0.01565809987082647,0.0,-1.7262000196211744,-0.41980643000217377,False
MOM30IETF.NS,ICICIPRAMC - ICICIMOM30,30.469999313354492,-2.8380142846785916,-0.29450312225361985,0.2302621569164387,15.428247825442407,-0.03505405936159978,,,,0.01561327481446844,0.0,-1.7262000196211744,-0.41984004879444226,False
BBNPPGOLD.NS,BARODABNP - BBNPPGOLD,141.85000610351562,-4.606584388236956,3.389219576315017,-1.4930513170030357,17.61057704565093,-0.03697077395758714,,,,0.015584595696215347,0.0,-1.7262000196211744,-0.4198615581331321,False
AONEGOLD.NS,AONEAMC - AONEGOLD,13.6899995803833,-4.732082885116351,3.4394114757105854,-1.6268602230900542,19.444815116863897,-0.03744048176556273,,,,0.015577567625475167,0.0,-1.7262000196211744,-0.41986682918618723,False
ECAPINSURE.NS,EDELAMC - ECAPINSURE,23.350000381469727,-2.667775722194632,-3.1923732627371915,1.6100994195119567,16.024693672064302,-0.042822498046097404,,34.328945,,0.015497038431576047,0.0,-1.7262000196211744,-0.4199272260816116,False
VEEGALAND.NS,VEEGALAND DEVELOPERS LTD,144.74000549316406,-1.0663004279240162,-1.0663004279240162,-1.0663004279240162,23.78299043268728,-0.044834581710702835,,26.875458,Real Estate,0.015466932339895448,0.0,-1.7262000196211744,-0.41994980565037204,False
LICMFGOLD.NS,LIC MF - LIC GOLD ETF,132.0,-4.86486486486486,3.6106737982940285,-1.7857098255025683,16.846246642199876,-0.04645698016964276,,,,0.015442656969240375,0.0,-1.7262000196211744,-0.4199680121783633,False
VASUPRADA.NS,SHRI VASUPRADA PLANTATI L,96.25,-10.130717673859547,0.1977955925830166,0.1977955925830166,39.00609817759832,-0.047887564968760975,,,Consumer Defensive,0.015421251638101936,0.0,-1.7262000196211744,-0.41998406617671713,False
HDFCMOMENT.NS,HDFCAMC - HDFCMOMENT,30.1299991607666,-2.7750907283099147,-0.5938644287276751,0.1329312328875787,13.921812172044495,-0.047889732281217526,,23.733912,,0.015421219209377095,0.0,-1.7262000196211744,-0.4199840904982608,False
LIQUIDBEES.NS,NIP IND ETF LIQUID BEES,999.989990234375,-0.0010009765625040856,-0.0010009765625040856,0.0,0.010221578700625945,-0.04896388776593839,,,,0.015405147003200436,0.0,-1.7262000196211744,-0.41999614465289326,False
SETF10GILT.NS,SBIAMC - SETF10GILT,260.5799865722656,-0.9578181196463031,-2.0449600278446223,1.1293410148198513,4.747184396237788,-0.050636567859590746,,,,0.015380119286342702,0.0,-1.7262000196211744,-0.4200149154405366,False
MOQUALITY.NS,MOTILALAMC - MOQUALITY,191.3800048828125,-3.6984808547993353,-3.4896611510082276,0.05751064353762825,33.89751725785278,-0.051857461449759674,,26.95515,,0.015361851490125047,0.0,-1.7262000196211744,-0.42002861628769983,False
GSEC10YEAR.NS,MIRAEAMC - MAGS813ETF,29.790000915527344,-1.9097790835645445,-1.9743286810511296,0.8121884421770087,9.706129514751472,-0.058536226929355485,,,,0.015261919499532914,0.0,-1.7262000196211744,-0.4201035652806439,False
TATAGOLD.NS,TATAAML-TATAGOLD,14.300000190734863,-4.28379790912965,2.582500869355586,-1.9204371360519112,17.005158828785852,-0.0612889241128208,,,,0.015220731871387946,0.0,-1.7262000196211744,-0.42013445600175264,False
BBNPNBETF.NS,BARODABNP - BBNPNBETF,55.68000030517578,-4.493994796177059,-2.7423575455444826,0.6689548412548652,22.188687113764637,-0.0625106296328987,,13.716245,,0.015202451926552065,0.0,-1.7262000196211744,-0.42014816596037957,False
SHINDL.NS,SHARAT INDUSTRIES LTD.,158.41000366210938,-2.468904415738782,-0.502482895560441,-0.502482895560441,13.941271543646035,-0.06425290524809532,,36.596737,Consumer Defensive,0.015176382876677705,0.0,-1.7262000196211744,-0.42016771774778533,False
SBINMID150.NS,SBIAMC - SBINMID150,21.75,-6.652357458429215,-5.185792216601426,3.9809189446331494,13.912565748746585,-0.06438421930663739,,26.088264,,0.01517441807116044,0.0,-1.7262000196211744,-0.42016919135192327,False
GSEC10IETF.NS,ICICIPRAMC - ICICI10GS,259.19000244140625,-1.2609514508928554,-2.251471239346725,0.6758555649147846,8.891226515588414,-0.06632424429014178,,,,0.015145390167876163,0.0,-1.7262000196211744,-0.42019096227938646,False
AONETOTAL.NS,AONEAMC - AONETOTAL,11.369999885559082,-4.694052014179295,-2.487135211390179,1.9730966327854205,10.379563023691412,-0.067286324886588,,21.422827,,0.015130994898360162,0.0,-1.7262000196211744,-0.4202017587315235,False
QGOLDHALF.NS,QUANTUM GOLD ETF,121.83000183105469,-4.536907060740846,2.550503957459327,-2.1838628294314932,18.10072528073658,-0.06818299379811993,,,,0.015117578360602514,0.0,-1.7262000196211744,-0.42021182113484173,False
SETFGOLD.NS,SBI-ETF GOLD,125.41000366210938,-4.427676805780334,2.5261641391386425,-2.1839192770707228,17.783206674858217,-0.0685841299705288,,,,0.01511157630283753,0.0,-1.7262000196211744,-0.42021632267816544,False
TWCGOLDETF.NS,WEALTH - TWCGOLDETF,146.47000122070312,-4.224149456917592,2.283522585299247,-2.314259813393782,18.718202076117368,-0.07035414069498284,,,,0.01508509226239555,0.0,-1.7262000196211744,-0.42023618570849697,False
TNIDETF.NS,TATAAML - TNIDETF,83.13999938964844,-8.577086917040111,-0.263917009467729,1.52643791588305,14.415908237540886,-0.0715441241190369,,22.34955,,0.015067286963991126,0.0,-1.7262000196211744,-0.4202495396823003,False
SUNLOC.NS,SUNIL HEALTHCARE LTD.,68.0,-14.978748254697372,-0.5557140518881454,-0.5557140518881454,46.88368049951169,-0.07337992358369654,,19.596542,Healthcare,0.01503981855004668,0.0,-1.7262000196211744,-0.4202701409927586,False
GROWWPOWER.NS,GROWWAMC - GROWWPOWER,11.010000228881836,-2.824357431412472,-5.412371957551665,2.0389274124800627,15.910216329805321,-0.07348230489137451,,22.00166,,0.0150382866549821,0.0,-1.7262000196211744,-0.42027128991405704,False
POLYSPIN.NS,POLYSPIN EXPORTS LTD.,28.8700008392334,-2.5978359185930167,-5.807500167865354,-5.807500167865354,70.1396222045335,-0.07364692246094479,,5.1148415,Consumer Cyclical,0.015035823540883562,0.0,-1.7262000196211744,-0.42027313724963095,False
SURYALA.NS,SURYALATA SPINNING MILL L,377.1499938964844,-8.425400435300624,-1.5145627694643449,-1.5145627694643449,37.246598023265896,-0.07777167463037568,,4.521206,Consumer Cyclical,0.014974106342360911,0.0,-1.7262000196211744,-0.42031942514852294,False
MENNPIS.NS,MENON PISTONS LTD.,70.19000244140625,-9.595565438960419,-1.8733347696889169,-1.8733347696889169,43.01958593882034,-0.07944708971221426,,13.762746,Consumer Cyclical,0.014949037702848455,0.0,-1.7262000196211744,-0.4203382266281573,False
ACGL.NS,AUTOMOBILE CORPN OF GOA L,1723.699951171875,-4.111038352121388,-1.7834785657051322,-1.7834785657051322,26.428390132940976,-0.08509752245938319,,18.085196,Consumer Cyclical,0.014864492288900823,0.0,-1.7262000196211744,-0.420401635688618,False
MON50EQUAL.NS,MOTILALAMC - MON50EQUAL,31.790000915527344,-4.160377840207308,-2.9724783032905377,0.03713478402074255,19.734483791097865,-0.08640974271143961,,22.070467,,0.014844858004348696,0.0,-1.7262000196211744,-0.4204163614020321,False
EBIX.NS,EBIX LIMITED,17.010000228881836,-16.12426206630745,-0.29307877271838034,-0.29307877271838034,38.90094446465039,-0.08892625819125746,,,Technology,0.0148072042789675,0.0,-1.7262000196211744,-0.42044460169606795,False
MSCI360.NS,360ONEAMC - MSCI360,9.5600004196167,-6.913339888025449,-4.014130367027402,-2.1974861314384198,39.80218245226714,-0.09259919748772436,,20.914383,,0.014752247395642074,0.0,-1.7262000196211744,-0.42048581935856205,False
EBANKNIFTY.NS,EDELAMC - EBANKNIFTY,55.70000076293945,-4.394091370317743,-2.673420918285563,1.1440004932022019,11.344292458637586,-0.09774468587559144,,13.769635,,0.014675257284409812,0.0,-1.7262000196211744,-0.4205435619419862,False
SECLEDBETA.NS,UTIAMC - SECLEDBETA,13.739999771118164,-4.450628221345021,-4.450628221345021,-4.450628221345021,44.6624968313366,-0.09965023312630097,,,,0.01464674525916914,0.0,-1.7262000196211744,-0.42056494596091676,False
CMRGREEN.NS,CMR GREEN TECHNOLOGIES L,226.6300048828125,-0.7488795141030513,-1.6362799971972541,-6.040626969226781,36.728295546618504,-0.09967719252984933,,18.515524,Basic Materials,0.014646341875209934,0.0,-1.7262000196211744,-0.42056524849888616,False
MNC.NS,KOTAKMAMC - KOTAKMNC,31.479999542236328,-5.209273080182619,-4.951689138098381,2.6075594168934346,12.151318707352926,-0.10069537952109014,,35.698986,,0.014631107105679463,0.0,-1.7262000196211744,-0.420576674576034,False
BNKETFAXIS.NS,AXISAMC-BNKETFAXIS,568.72998046875,-4.011817642405058,-3.0000727649980963,0.7582546140771251,12.506497028686011,-0.10580565027928525,,13.591964,,0.014554643943304411,0.0,-1.7262000196211744,-0.4206340219478153,False
BSE500IETF.NS,ICICIPRAMC - ICICI500,37.619998931884766,-4.347833255933686,-2.6145537362257887,0.9932857231805814,10.903693791117755,-0.10613741843161299,,,,0.014549679814532639,0.0,-1.7262000196211744,-0.4206377450443941,False
DISAQ.NS,DISA INDIA LTD.,11540.0,-3.753127606338613,-0.9116212018822956,-4.704986461320548,30.9848351615367,-0.10897605537612437,,,,0.014507206300333041,0.0,-1.7262000196211744,-0.42066960018004385,False
ENERGY.NS,MIRAEAMC - ENERGY,37.209999084472656,-3.1241884085045246,-3.8501334601876214,0.7581878607719084,12.471216156481665,-0.11232134634527094,,14.297132,,0.01445715190230424,0.0,-1.7262000196211744,-0.42070714097856543,False
DAICHI.NS,DAI-ICHI KARKARIA LTD.,316.5,-13.240128675766282,-1.8424826495890834,-1.8424826495890834,36.39767112163613,-0.11324932963254884,,109.137924,Basic Materials,0.014443266818688526,0.0,-1.7262000196211744,-0.4207175547912772,False
ENERGYAXIS.NS,AXISAMC - ENERGYAXIS,18.420000076293945,-3.812008129388955,-3.351227871846252,-3.351227871846252,29.647494025648452,-0.11614418136857468,,14.109311,,0.014399952182572923,0.0,-1.7262000196211744,-0.4207500407683639,False
RSDFIN.NS,R S D FINANCE LTD.,94.0,-2.84237726098191,-7.087079468927171,-7.087079468927171,53.39561572398506,-0.11682867483854387,,7.4735985,Financial Services,0.014389710350424403,0.0,-1.7262000196211744,-0.4207577221424753,False
GSEC10ADD.NS,DSPAMC - GSEC10ADD,26.5,-1.082496848140313,-1.3402851905104596,-1.3402851905104596,10.887991138369827,-0.11836228607649464,,,,0.014366763471353548,0.0,-1.7262000196211744,-0.4207749323017784,False
TATSILV.NS,TATAAML-TATSILV,21.399999618530273,-5.393462314055652,0.2341884597994781,-5.851297626445973,32.59993505657089,-0.12067768635571673,,,,0.014332118961132737,0.0,-1.7262000196211744,-0.42080091568444405,False
DRAGARWQ.NS,DR. AGARWAL'S EYE HOSP L,5195.0,-4.1954817888427804,-2.367975944371359,-2.367975944371359,21.703488588006095,-0.1259464395346233,,32.718227,Healthcare,0.014253284482707747,0.0,-1.7262000196211744,-0.4208600415432628,False
VOITHPAPR.NS,VOITH PAPER FABRICS IND L,1437.199951171875,-1.467161989048149,-3.6922934968419474,-3.6922934968419474,25.443027976706766,-0.12762895981281985,,15.288329,Basic Materials,0.014228109530671253,0.0,-1.7262000196211744,-0.42087892275729016,False
BANKETF.NS,MIRAEAMC - BANKETF,561.2000122070312,-4.285983004510207,-2.8897753074095367,0.770329006370063,10.481676775259952,-0.12774336764252306,,13.67281,,0.0142263976870384,0.0,-1.7262000196211744,-0.4208802066400148,False
MOENERGY.NS,MOTILALAMC - MOENERGY,37.11000061035156,-3.409676265035888,-4.083737587074243,0.6422039608991792,12.331134469272467,-0.12861383942436383,,14.220537,,0.01421337312760756,0.0,-1.7262000196211744,-0.4208899750595879,False
BANKADD.NS,DSPAMC - DSPBANK,56.349998474121094,-4.4753401071853,-3.145413924812046,0.7329278825122243,11.323255951198405,-0.13001810290605761,,,,0.014192361632972777,0.0,-1.7262000196211744,-0.420905733680564,False
SILVERAG.NS,MIRAEAMC - MASILVER,214.75,-5.404811929143893,0.5336825927583444,-5.761806477740173,26.739536359066634,-0.14217751555890806,,,,0.014010424669541015,0.0,-1.7262000196211744,-0.42104218640313784,False
MONIFTY500.NS,MOTILALAMC - MONIFTY500,22.739999771118164,-4.893350413051467,-2.98635130968693,0.9320864539393181,9.845950913639092,-0.14305700493108173,,21.351671,,0.013997265183115797,0.0,-1.7262000196211744,-0.42105205601795676,False
SIMPLXREA.NS,SIMPLEX REALTY LTD.,117.43000030517578,-17.875378841922085,-5.237248192112986,-5.237248192112986,54.19169776251845,-0.14328531200404793,,,Real Estate,0.013993849105647967,0.0,-1.7262000196211744,-0.42105461807605765,False
SILVERADD.NS,DSPAMC - DSPSILVETF,21.229999542236328,-5.392161154296082,0.2786831825469793,-5.795171266133881,26.967509870800743,-0.14433712744209515,,,,0.013978111165637838,0.0,-1.7262000196211744,-0.4210664215310652,False
HDFCNIFBAN.NS,HDFCAMC - HDFCNIFBAN,56.61000061035156,-4.407295772630137,-3.19767261717262,0.8012834119695667,9.956110417849388,-0.14464677199305936,,13.703585,,0.013973478064438464,0.0,-1.7262000196211744,-0.42106989635696473,False
PARNAXLAB.NS,PARNAX LAB LTD.,113.2300033569336,-16.00148309087367,-7.188521838579021,-7.188521838579021,61.22159386443361,-0.14620844580937722,,14.28113,Healthcare,0.01395011129499626,0.0,-1.7262000196211744,-0.4210874214340464,False
SILVERBETA.NS,UTIAMC-SILVERBETA,212.69000244140625,-5.399634964541288,0.21202268026547788,-5.864388712413227,26.94119589894767,-0.14656047785328258,,,,0.01394484396482766,0.0,-1.7262000196211744,-0.42109137193167284,False
HDFCSILVER.NS,HDFCAMC - HDFCSILVER,210.6300048828125,-5.4198438396184105,0.3286664920368443,-5.918348986518717,26.84273548895522,-0.14695012417970846,,,,0.013939013825538355,0.0,-1.7262000196211744,-0.42109574453613985,False
GROWWSLVR.NS,GROWWAMC - GROWWSLVR,21.59000015258789,-5.431448862295363,0.41860536087390265,-5.761674830274277,26.1297592559399,-0.1470180242213196,,,,0.013937997861384466,0.0,-1.7262000196211744,-0.42109650650925523,False
ESILVER.NS,EDELAMC - ESILVER,220.35000610351562,-5.339802706832364,0.25479450133736314,-5.744714152582409,25.927211875918537,-0.1490279512351365,,,,0.013907924038901964,0.0,-1.7262000196211744,-0.42111906187611714,False
MOMETAL.NS,MOTILALAMC - MOMETAL,12.619999885559082,-5.255253943715454,-4.682778672787857,-4.682778672787857,32.03777529740004,-0.14973804149294198,,16.85196,,0.013897299211128122,0.0,-1.7262000196211744,-0.4211270304969475,False
BANKNIFTY1.NS,KOTAKMAMC-KOTAKBKETF,57.04999923706055,-4.454864994469299,-3.288697043916866,0.5286330168467801,10.644793589182191,-0.151554427991301,,13.544135,,0.013870121266488466,0.0,-1.7262000196211744,-0.42114741395542726,False
ABSLBANETF.NS,BIRLASLAMC - ABSLBANETF,56.459999084472656,-4.4023065160207935,-3.0895971316828197,0.7314894790239723,9.492815842272737,-0.15186175809137098,,13.727615,,0.013865522795594002,0.0,-1.7262000196211744,-0.4211508628085981,False
BANKBEES.NS,NIP IND ETF BANK BEES,569.4500122070312,-4.486749321083716,-3.100374569566966,0.5544692239187521,10.174025709886072,-0.15237111318371588,,13.690247,,0.013857901496650093,0.0,-1.7262000196211744,-0.42115657878280605,False
LICNFNHGP.NS,LICNAMC - LICNFNHGP,262.3999938964844,-3.033883411364935,-3.9988267708385816,-1.508902983499183,16.79463554986824,-0.15248179679265275,,19.65638,,0.013856245377206946,0.0,-1.7262000196211744,-0.4211578208723884,False
HDFCBSE500.NS,HDFCAMC - HDFCBSE500,35.709999084472656,-4.925458522836745,-3.5907175976800376,0.9898146721712298,10.242336614106435,-0.1530314523615623,,21.289951,,0.013848021076576986,0.0,-1.7262000196211744,-0.42116398909786085,False
BANKIETF.NS,ICICIPRAMC - IPRU5008,56.47999954223633,-4.497801614583208,-3.2213863064658232,0.713262657135183,9.758154657390037,-0.15467523718647624,,13.699909,,0.013823425709340236,0.0,-1.7262000196211744,-0.42118243562328844,False
MOMENTUM30.NS,KOTAKMAMC - MOMENTUM30,29.799999237060547,-3.2781572424183225,-2.7097614967263373,-2.7097614967263373,18.227951129322708,-0.1548962154703093,,23.678019,,0.013820119289935552,0.0,-1.7262000196211744,-0.4211849154378419,False
SBIETFPB.NS,SBIAMC - SBIETFPB,273.5199890136719,-3.544104824547334,-5.362950864712257,0.38535904439558344,13.488661385671652,-0.15754170419202035,,17.672844,,0.0137805357838434,0.0,-1.7262000196211744,-0.42121460306741104,False
LUMINO.NS,LUMINO INDUSTRIES LIMITED,101.66999816894531,-11.205241773846886,-7.840828090833229,-7.840828090833229,53.46184517440902,-0.15924835365300924,,19.365713,Industrials,0.013754999795433468,0.0,-1.7262000196211744,-0.4212337550587185,False
ENKEIWHEL.NS,ENKEI WHEELS (INDIA) LTD.,386.6000061035156,-0.8209291404987717,-5.4536532467188366,-5.4536532467188366,28.15001328222333,-0.1608208273270287,,31.89769,Consumer Cyclical,0.01373147143156464,0.0,-1.7262000196211744,-0.42125140133162015,False
GSEC10ABSL.NS,BIRLASLAMC - GSEC10ABSL,111.22000122070312,-0.3494305057931024,-3.228051052485359,0.017989454145617145,6.381729613926225,-0.16128961142822074,,,,0.013724457181920273,0.0,-1.7262000196211744,-0.4212566620188534,False
BANK10ADD.NS,DSPAMC - BANK10ADD,16.31999969482422,-3.603075010961898,-4.728543523793927,-0.18349043391772124,13.831167712233949,-0.1612968132947173,,15.893491,,0.01372434942295536,0.0,-1.7262000196211744,-0.42125674283807707,False
BANKBETA.NS,UTIAMC-BANKBETA,56.880001068115234,-4.515693537837484,-4.32295990217435,0.8153188835499092,10.962353875910914,-0.16350204131066778,,,,0.01369135338109452,0.0,-1.7262000196211744,-0.4212814898694727,False
LAKSHMIMIL.NS,LAKSHMI MILLS CO. LTD.,7733.5,1.6036851412560171,-7.2057388963850055,-7.2057388963850055,32.39645836740136,-0.1680385561579346,,56.33787,Consumer Cyclical,0.013623475124188636,0.0,-1.7262000196211744,-0.4213323985621521,False
CONSUMIETF.NS,ICICIPRAMC - ICICICONSU,114.9000015258789,-4.78163315705703,-4.289880378977218,0.4985565343263998,11.6354401527868,-0.17137404787324803,,32.77972,,0.013573567348906936,0.0,-1.7262000196211744,-0.4213698293936134,False
SMALL250.NS,MIRAEAMC - SMALL250,17.68000030517578,-4.638622264744918,-1.6137953214232836,-1.6137953214232836,12.795670386593732,-0.17339933296803653,,25.263182,,0.013543263728925501,0.0,-1.7262000196211744,-0.42139255710859946,False
SMALLIETF.NS,ICICIPRAMC - SMALLIETF,17.610000610351562,-5.1696235877711105,-2.166663275824654,-1.3296071175708302,13.212050639612919,-0.17777159072242807,,,,0.013477843192433675,0.0,-1.7262000196211744,-0.42144162251096834,False
HYBRIDETF.NS,MIRAEAMC - HYBRIDETF,9.829999923706055,-1.994016097604523,-1.7000007629394576,-1.7000007629394576,9.784424708110368,-0.17975546668930184,,23.983835,,0.01344815916249382,0.0,-1.7262000196211744,-0.42146388553342323,False
MERCANTILE.NS,MERCANTILE VENTURES LTD.,22.850000381469727,-10.216111212286771,-6.237178520390585,-6.237178520390585,39.05351162298196,-0.18008534357896316,,36.269844,Real Estate,0.013443223332012139,0.0,-1.7262000196211744,-0.4214675874062845,False
BANKBETF.NS,BFAM - BANKBETF,55.959999084472656,-4.439894514763809,-4.700276019846816,0.7925047245698646,10.513949478013737,-0.18088439081983052,,13.687393,,0.013431267472564613,0.0,-1.7262000196211744,-0.42147655430087017,False
AONESILVER.NS,AONEAMC - AONESILVER,8.399999618530273,-5.5118189636575,-0.27898667222179263,-6.2280269463376055,23.769583143451086,-0.1809065494095834,,,,0.013430935921473399,0.0,-1.7262000196211744,-0.42147680296418855,False
PRISMX.NS,PRISMX GLOBAL VENTURES L,0.5,-9.090911061310525,-7.4074110867063165,-7.4074110867063165,42.733294314867834,-0.18121961354969998,,4.6363635,Financial Services,0.013426251654178725,0.0,-1.7262000196211744,-0.4214803161646596,False
UNIONGOLD.NS,UNIONAMC - UNIONGOLD,144.0,-4.127827612658786,-3.5175879396984966,-3.5175879396984966,19.858115920378335,-0.18328203383948874,,,,0.013395392393492621,0.0,-1.7262000196211744,-0.42150346061017413,False
PERNIASPOP.NS,PURPLE STYLE LABS LIMITED,523.75,-7.879691980449421,-7.879691980449421,-7.879691980449421,42.32778295322287,-0.18615886376499427,,,Consumer Cyclical,0.013352347411313041,0.0,-1.7262000196211744,-0.42153574434680885,False
MOOILGAS.NS,MOTILALAMC - MOOILGAS,10.739999771118164,-4.871569464953229,-4.787233817697878,-4.787233817697878,25.65674761136908,-0.1872451263009228,,11.054847,,0.013336094051638617,0.0,-1.7262000196211744,-0.4215479343665646,False
MSCIINDIA.NS,KOTAKMAMC - MSCIINDIA,28.3700008392334,-4.862504595674066,-3.6345097670307136,-1.2874006083207767,14.40985962951661,-0.18782654535180804,,21.386658,,0.013327394485333939,0.0,-1.7262000196211744,-0.42155445904129313,False
BLUECLOUDS.NS,BLUE CLOUD SOFTECH SOLU L,20.010000228881836,0.6539289416661154,-12.428884486544678,-12.428884486544678,52.05271773167177,-0.18850738690140767,,18.027027,Technology,0.013317207295570023,0.0,-1.7262000196211744,-0.4215620994336161,False
GROWWN200.NS,GROWWAMC - GROWWN200,10.760000228881836,-5.1146377063645225,-3.411131981415849,-0.646349910594135,12.417794949716637,-0.19081021231212913,,20.82656,,0.013282750938630615,0.0,-1.7262000196211744,-0.42158794170132063,False
PVTBKGROWW.NS,GROWWAMC - PVTBKGROWW,26.639999389648438,-4.5845296674347775,-6.131077598915491,-1.0029813152858225,17.001258710817524,-0.1916163929991891,,17.582888,,0.013270688343966832,0.0,-1.7262000196211744,-0.4215969886473185,False
TEMPSENS.NS,TEMPSENS INST (INDIA) LTD,515.5,-7.083631697489167,-12.128189116692889,-12.128189116692889,55.95318996409826,-0.19872464179053922,,63.902145,Technology,0.01316433014745373,0.0,-1.7262000196211744,-0.42167675729470333,False
SILVERBND.NS,BANDHANAMC - SILVERBND,222.52999877929688,-4.742948419205528,-1.977801695296999,-7.625568942555128,26.82997034389797,-0.1995795968043636,,,,0.01315153775989959,0.0,-1.7262000196211744,-0.42168635158536893,False
CONS.NS,KOTAKMAMC - KOTAKCONS,11.399999618530273,-4.8414018853775715,-4.4425873687159,0.6178260838092031,9.968238579811711,-0.199849103694252,,32.76059,,0.013147505224236059,0.0,-1.7262000196211744,-0.42168937598711653,False
CONSUMAXIS.NS,AXISAMC-CONSUMAXIS,113.5,-4.637873297560691,-4.9413747491453215,0.11466635817991566,11.752589701518463,-0.20018174417010628,,32.7707,,0.013142528043197859,0.0,-1.7262000196211744,-0.42169310887289524,False
BANK10BETF.NS,BFAM - BANK10BETF,20.31999969482422,-2.7751193028339505,-4.376472024356614,-4.376472024356614,19.46142890019243,-0.20842259325591206,,16.1555,,0.013019223151623228,0.0,-1.7262000196211744,-0.4217855875415762,False
SBISILVER.NS,SBIAMC - SBISILVER,217.32000732421875,-4.813626364108092,-1.9491030848791113,-7.993221789990345,26.575851017235504,-0.20861296556322362,,,,0.013016374678551162,0.0,-1.7262000196211744,-0.42178772389638025,False
SILVERCASE.NS,ZERODHAAMC - SILVERCASE,22.43000030517578,-4.9978834166502395,-2.223191878852271,-8.14905718632648,27.387262439275617,-0.20962529032132038,,,,0.013001227623528589,0.0,-1.7262000196211744,-0.42179908418764717,False
CONSUMBEES.NS,NIP IND ETF CONSUMPTION,123.30000305175781,-4.993061942124766,-4.566558851272983,0.3173048393364075,10.49256080711025,-0.21061851959251696,,,,0.012986366287479541,0.0,-1.7262000196211744,-0.42181023018968394,False
MOCAPITAL.NS,MOTILALAMC - MOCAPITAL,52.88999938964844,-2.954129560278096,-1.2140484026222698,-6.768905664680913,20.596682087186444,-0.21068894721017917,,40.98305,,0.012985312504104882,0.0,-1.7262000196211744,-0.4218110205272149,False
SILVER1.NS,KOTAKMAMC - KOTAKSILVE,21.510000228881836,-4.823009443316684,-1.9598919540055992,-8.351082836876822,27.16691026376923,-0.21084881708950887,,,,0.012982920428005496,0.0,-1.7262000196211744,-0.4218128145842895,False
SILVERBEES.NS,NIPPONAMC - NETFSILVER,211.85000610351562,-4.906182213695653,-2.0527936198802665,-8.122992271143481,26.488230174511635,-0.21362584917078753,,,,0.012941368685446451,0.0,-1.7262000196211744,-0.42184397839120874,False
GOLD360.NS,360ONEAMC - GOLD360,143.25,-4.30861528372124,-3.794489004755941,-3.794489004755941,18.224300832370915,-0.2138526079097939,,,,0.012937975775148538,0.0,-1.7262000196211744,-0.4218465230739322,False
SILVER.NS,BIRLASLAMC - SILVER,221.22000122070312,-4.908871302831274,-2.1107147026487527,-7.966882009190945,26.005925056791007,-0.2152751599304922,,,,0.012916690635614361,0.0,-1.7262000196211744,-0.42186248692858286,False
SILVERIETF.NS,ICICIPRAMC - ICICISILVE,221.17999267578125,-4.860634574770528,-2.1630532534218427,-7.972041255743633,25.967883862134993,-0.21592300506289916,,,,0.012906997159495961,0.0,-1.7262000196211744,-0.42186975703567164,False
EBANK10.NS,EDELAMC - EBANK10,16.299999237060547,-3.206656238921468,-4.117092142530487,-4.117092142530487,18.192922563155665,-0.21629317378404986,,15.959453,,0.012901458456681414,0.0,-1.7262000196211744,-0.42187391106278255,False
FINIETF.NS,ICICIPRAMC-ICICIFIN,30.43000030517578,-7.647952653761525,-5.113811678374036,-0.8794802965920834,16.013383686825183,-0.21878412775584802,,20.901896,,0.012864187199046202,0.0,-1.7262000196211744,-0.421901864506009,False
AUTOIETF.NS,ICICIPRAMC - ICICIAUTO,26.469999313354492,-8.122180478878915,-4.094206711945924,-0.6008255818792274,14.283171189001392,-0.22075706146450427,,26.555796,,0.012834666894221204,0.0,-1.7262000196211744,-0.4219240047346277,False
MOSILVER.NS,MOTILALAMC - MOSILVER,218.14999389648438,-5.1604252480216495,-5.509594789156802,-5.509594789156802,24.612464706351624,-0.2210165030446927,,,,0.012830784962204007,0.0,-1.7262000196211744,-0.4219269161836406,False
SILVER360.NS,360ONEAMC - SILVER360,217.7100067138672,-4.975773150938267,-5.228101359488225,-5.228101359488225,23.411403408622704,-0.22115870745493574,,,,0.012828657208230614,0.0,-1.7262000196211744,-0.4219285119991206,False
SILVERAXIS.NS,AXISAMC-SILVERAXIS,220.25999450683594,-4.838854178759611,-2.019576727441852,-8.19057515540228,25.603413466038617,-0.22141311114565645,,,,0.012824850656360305,0.0,-1.7262000196211744,-0.42193136691302335,False
AUTOBEES.NS,NIPPONAMC - NETFAUTO,264.6099853515625,-7.952139622245314,-3.973730695328115,-0.5898292010741324,13.836001975460233,-0.22242420453685807,,26.620514,,0.012809722025842282,0.0,-1.7262000196211744,-0.4219427133859119,False
DEFENCE.NS,MIRAEAMC - DEFENCE,78.0999984741211,-4.744480413466857,-5.550857215825589,-5.550857215825589,24.012331545513767,-0.22445058468869633,,41.42278,,0.012779402020911993,0.0,-1.7262000196211744,-0.4219654533896096,False
GAJA.NS,GAJA ALT ASSET MGT LTD,141.7100067138672,-11.578747229905561,-15.547132695868694,-15.547132695868694,65.21943704996377,-0.22621255671292317,,25.081417,Financial Services,0.01275303826068017,0.0,-1.7262000196211744,-0.42198522620978346,False
ABSL10BANK.NS,BIRLASLAMC - ABSL10BANK,163.10000610351562,-3.2908318967241,-3.88355014619447,-3.88355014619447,16.52155831455752,-0.2278844661253944,,15.976062,,0.01272802207525063,0.0,-1.7262000196211744,-0.4220039883488556,False
MOGOLD.NS,MOTILALAMC - MOGOLD,145.35000610351562,-4.217458910368621,-3.646005818671172,-3.646005818671172,16.24513872264677,-0.23147210380771288,,,,0.012674341529614951,0.0,-1.7262000196211744,-0.4220442487580824,False
SUNRAKSHAK.NS,SUNRAKSHAKK INDUS IND L,356.04998779296875,-3.6530917185587986,-5.544508220518008,-5.544508220518008,21.674245721654724,-0.2383577719950935,,25.606276,Consumer Cyclical,0.012571313727452398,0.0,-1.7262000196211744,-0.4221215196097043,False
KIRANVYPAR.NS,KIRAN VYAPAR LTD.,177.0500030517578,-13.388122374450218,-9.373203821132204,-9.373203821132204,42.291834536387405,-0.2406182574747311,,73.77083,Financial Services,0.012537490887831074,0.0,-1.7262000196211744,-0.4221468867394203,False
EMPIND.NS,EMPIRE INDUSTRIES LTD.,1040.0,-13.01438430606201,-6.8267294844328035,-6.8267294844328035,33.36465826434554,-0.2417006757457082,,11.122994,Industrials,0.012521295048524768,0.0,-1.7262000196211744,-0.4221590336189,False
CHOICEGOLD.NS,CHOICEAMC - CHOICEGOLD,145.91000366210938,-4.415322963553836,-4.057073970711511,-4.057073970711511,16.87689758009287,-0.2446376029386687,,,,0.012477350852323633,0.0,-1.7262000196211744,-0.4221919917660509,False
TRITONV.NS,TRITON VALVES LTD.,1063.199951171875,-6.19875034826528,-7.017182382986464,-7.017182382986464,28.010679472356493,-0.2446743922281932,,31.277079,Consumer Cyclical,0.012476800387279476,0.0,-1.7262000196211744,-0.422192404614834,False
GROWWPSUBK.NS,GROWWAMC - GROWWPSUBK,80.43000030517578,-6.346060925176944,-0.7678963073128986,-6.4434534731027115,18.965651673973777,-0.24893992016159616,,7.2460523,,0.012412976811109061,0.0,-1.7262000196211744,-0.4222402722969618,False
QUAL30IETF.NS,ICICIPRAMC - ICICIQTY30,19.829999923706055,-6.107958637629329,-3.3625756270222573,-1.3923454905385602,11.664442210697963,-0.25089387968906696,,,,0.01238374041020336,0.0,-1.7262000196211744,-0.4222621995976411,False
MONIFTY100.NS,MOTILALAMC - MONIFTY100,23.90999984741211,-5.568719843627545,-4.409323100881101,-2.5632655015509265,14.799387512842735,-0.2512383466064036,,19.577795,,0.012378586274330831,0.0,-1.7262000196211744,-0.42226606519954546,False
HDFCQUAL.NS,HDFCAMC - HDFCQUAL,55.45000076293945,-5.456096640555885,-2.2907475542917166,-1.2993939805462706,9.639417186994597,-0.25189703249859885,,25.26324,,0.012368730591782444,0.0,-1.7262000196211744,-0.4222734569614568,False
BSLSENETFG.NS,BIRLASLAMC - BSLSENETFG,73.69999694824219,-4.9277603976339845,-4.4222586371651555,-3.785902850714362,16.387645945148737,-0.2566067823195671,,19.726212,,0.012298260281627341,0.0,-1.7262000196211744,-0.4223263096940731,False
INFRAIETF.NS,ICICIPRAMC - ICICIINFRA,90.5199966430664,-4.514774547374922,-4.925955767781454,-2.193415820371336,13.37498774283013,-0.25999646628455664,,,,0.012247541647003245,0.0,-1.7262000196211744,-0.4223643486700412,False
ALPL30IETF.NS,ICICIPRAMC - ICICIALPLV,25.979999542236328,-5.835449805898419,-5.078557743427536,-0.3069835968746104,10.93783780507184,-0.2600284565443454,,,,0.012247062988132827,0.0,-1.7262000196211744,-0.422364707664194,False
IDFNIFTYET.NS,BANDHANAMC - IDFNIFTYET,251.47000122070312,-4.9226774147990815,-4.832723844087782,-3.669790086281577,16.180521509420075,-0.26385105551620147,,19.773542,,0.0121898668003553,0.0,-1.7262000196211744,-0.42240760480502715,False
CPL.NS,CAPTAIN POLYPLAST LIMITED,62.119998931884766,0.016097764345435195,-12.371280199283364,-12.371280199283364,36.48147399479556,-0.2712007910562455,,13.161017,Industrials,0.012079895323577707,0.0,-1.7262000196211744,-0.42249008341261035,False
ALFREDHE.NS,ALFRED HERBERT INDIA L,2750.0,-5.1364278643551975,-7.273032760427645,-7.273032760427645,24.82059981242229,-0.2758076691406621,,5.7665286,Industrials,0.012010964246599854,0.0,-1.7262000196211744,-0.42254178172034373,False
SUNSHIEL.NS,SUNSHIELD CHEMICALS LTD.,1097.0,-4.183773551631886,-13.10202956395159,-13.10202956395159,40.97699855985342,-0.2762129672498865,,25.204082,Basic Materials,0.012004899915255721,0.0,-1.7262000196211744,-0.42254632996885183,False
TCC.NS,TCC CONCEPT LIMITED,47.09000015258789,6.780049392113696,-27.2741310384743,-34.85959391864758,85.6392936273671,-0.28323477885867093,,,,0.011899835047538394,0.0,-1.7262000196211744,-0.4226251286196398,False
MIDBANKADD.NS,DSPAMC - MIDBANKADD,16.479999542236328,-5.828574044363844,-5.287356876227656,-5.287356876227656,19.006999712388176,-0.2838743826598963,,,,0.011890264883524997,0.0,-1.7262000196211744,-0.42263230624264986,False
ITBETA.NS,UTIAMC-ITBETA,295.0,-8.654593946605438,1.7416753165586885,-10.60064543963466,22.879920977204144,-0.28447383714179614,,17.548838,,0.011881295459485684,0.0,-1.7262000196211744,-0.42263903331067937,False
MID150.NS,KOTAKMAMC - MID150,22.309999465942383,-5.506146170276704,-4.94247925585608,-4.94247925585608,17.66298814170533,-0.28620370448631965,,26.100313,,0.011855412070148732,0.0,-1.7262000196211744,-0.42265844585268203,False
BHARATCOAL.NS,BHARAT COKING COAL LTD,32.04999923706055,-5.205566591963596,-12.670303621831502,-1.9277878281275806,20.281925098633494,-0.286269586860415,,,Basic Materials,0.011854426295635703,0.0,-1.7262000196211744,-0.4226591851835668,False
MOPSE.NS,MOTILALAMC - MOPSE,94.98999786376953,-6.478292656123729,-4.489852497173552,-7.696317328505375,22.644413082827004,-0.2866390451632112,,10.739339,,0.011848898222558123,0.0,-1.7262000196211744,-0.422663331238375,False
SBIBPB.NS,SBIAMC - SBIBPB,46.47999954223633,-6.214692787951714,-3.327791655334178,-3.327791655334178,13.435385049963747,-0.2906631903026523,,7.025488,,0.01178868637121455,0.0,-1.7262000196211744,-0.4227084901268827,False
ELM250.NS,EDELAMC - ELM250,15.800000190734863,-4.8765827203636425,-4.646949416238499,-4.646949416238499,16.107795463905724,-0.291341921201319,,22.630032,,0.011778530762369266,0.0,-1.7262000196211744,-0.4227161068335167,False
MOSERVICE.NS,MOTILALAMC - MOSERVICE,29.329999923706055,-5.111614142690901,-4.753862402873188,-3.8095741499951874,14.899139354230467,-0.2921825563615175,,18.35977,,0.01176595263768784,0.0,-1.7262000196211744,-0.4227255404270277,False
ENIFTY.NS,EDELAMC - ENIFTY,23.020000457763672,-4.83670959265452,-6.384707950719514,-6.384707950719514,20.72996193360728,-0.2930593070199772,,19.86782,,0.011752834129661091,0.0,-1.7262000196211744,-0.4227353793080478,False
TECH.NS,BIRLASLAMC - TECH,30.8799991607666,-8.666081317698604,1.345585351662315,-9.416253967301923,20.229780609888877,-0.2984544300219526,,17.681416,,0.011672108824554338,0.0,-1.7262000196211744,-0.4227959232868779,False
SILVER001.NS,QUANT_AMC - SILVER001,22.329999923706055,-5.140190929317912,-8.93111106080834,-8.93111106080834,27.219354907881034,-0.30026159921386014,,,,0.011645068795190254,0.0,-1.7262000196211744,-0.4228162033089009,False
IVZSENSEX.NS,RELIGARAMC - IVZSENSEX,73.19999694824219,-4.388715670713095,-5.423668199029164,-5.423668199029164,17.24014954535322,-0.3025888887645656,,20.038782,,0.011610246390032176,0.0,-1.7262000196211744,-0.42284232011276945,False
BFSI.NS,MIRAEAMC - MAFSETF,25.899999618530273,-4.674274767013187,-5.232346539216048,-2.3378613443873264,11.969253005317189,-0.30691051358195065,,,,0.011545583456154192,0.0,-1.7262000196211744,-0.42289081731317796,False
IT.NS,KOTAKMAMC - KOTAKIT,31.190000534057617,-8.506892360075636,2.2622968329757853,-10.399312543581074,20.10746815191733,-0.3094544597356554,,17.746525,,0.01150751929536346,0.0,-1.7262000196211744,-0.422919365433771,False
IVZBANKNF.NS,RELIGARAMC - IVZBANKNF,55.119998931884766,-4.239059039596304,-4.102276643742919,-4.102276643742919,13.243411298851266,-0.31182548283160055,,13.774556,,0.011472042520734738,0.0,-1.7262000196211744,-0.42294597301474257,False
ITADD.NS,DSPAMC - DSPIT,29.790000915527344,-8.53545841370902,2.3711358247850534,-10.27108364171675,19.63815389930133,-0.3122132959794446,,,,0.01146623981064404,0.0,-1.7262000196211744,-0.42295032504731056,False
ITETF.NS,MIRAEAMC - ITETF,29.719999313354492,-8.66626159444025,2.1305804940111583,-10.589657603394764,20.38598292013634,-0.313397053117219,,17.726187,,0.011448527673944997,0.0,-1.7262000196211744,-0.4229636091498349,False
CHEMICAL.NS,KOTAKMAMC - CHEMICAL,28.6299991607666,-5.198680670563127,-5.104411374322126,-5.104411374322126,16.280655570102837,-0.31468420980932776,,34.800556,,0.011429268406519096,0.0,-1.7262000196211744,-0.4229780536004043,False
ITAXIS.NS,AXISAMC-ITAXIS,307.7699890136719,-9.220425885077733,2.0119246142009883,-10.995118017214423,21.379496997407358,-0.31516488913955304,,17.47466,,0.011422076172796761,0.0,-1.7262000196211744,-0.422983447775696,False
MSCIADD.NS,DSPAMC - MSCIADD,28.030000686645508,-5.079579969933256,-4.072548441728118,-1.5108868997179559,9.443638399504493,-0.31694605928623526,,21.386301,,0.01139542515789213,0.0,-1.7262000196211744,-0.4230034360368745,False
ITBEES.NS,NIP IND ETF IT,31.170000076293945,-8.565561933775111,2.163224655722318,-10.636470407716537,19.935735814773714,-0.3201477112696626,,17.553473,,0.011347519978878938,0.0,-1.7262000196211744,-0.4230393649211344,False
MOINFRA.NS,MOTILALAMC - MOINFRA,56.66999816894531,-3.425361495870982,-6.730026568917891,-4.848098797030476,15.839124843502608,-0.3237634477099696,,13.374353,,0.011293419001529116,0.0,-1.7262000196211744,-0.4230799406541468,False
GROWWLOVOL.NS,GROWWAMC - GROWWLOVOL,9.890000343322754,-3.980580969123826,-2.944055440768356,-1.884916486323196,8.041198690093653,-0.32604480624521043,,20.691874,,0.01125928384580648,0.0,-1.7262000196211744,-0.42310554202093875,False
ITIETF.NS,ICICIPRAMC - ICICITECH,31.219999313354492,-8.203467056369252,2.1262663559670436,-10.416066914499766,18.91805061553455,-0.32830269289507463,,,,0.011225499891550013,0.0,-1.7262000196211744,-0.42313087998663107,False
HDFCNIFIT.NS,HDFCAMC - HDFCNIFIT,29.940000534057617,-8.886183877227582,2.0797838797760315,-10.892851506771429,19.862626438021305,-0.3322686143828827,,17.732832,,0.011166159219981354,0.0,-1.7262000196211744,-0.4231753854903076,False
BNALTD.NS,B & A LTD.,351.1000061035156,-2.4722205268012165,-15.275093804364504,-15.275093804364504,38.05197859729176,-0.3341355592327236,,148.7712,Consumer Defensive,0.011138224788724513,0.0,-1.7262000196211744,-0.4231963363137502,False
HDFCPSUBK.NS,HDFCAMC HDFCPSUBK,80.81999969482422,-6.197775928871662,-1.2704628729209078,-6.110597147237562,13.964809093750672,-0.3348411417258168,,7.299775,,0.01112766740902954,0.0,-1.7262000196211744,-0.42320425434852144,False
SBIETFIT.NS,SBIAMC - SBIETFIT,312.9599914550781,-8.125887154486811,1.0983311549615848,-9.916240708064727,18.59564234761524,-0.3363045127025123,,17.519062,,0.011105771509986114,0.0,-1.7262000196211744,-0.423220676272804,False
PRANAV.NS,PRANAV CONSTRUCTIONS LTD,90.9000015258789,-31.136362480394762,-31.136362480394762,-31.136362480394762,91.53089461236607,-0.3401732563842764,,14.441748,Real Estate,0.011047884875339255,0.0,-1.7262000196211744,-0.42326409124878916,False
VIJSOLX.NS,VIJAY SOLVEX LTD.,636.9500122070312,-7.379671237336227,-9.007141113281246,-9.007141113281246,25.133143084192383,-0.3454262409068598,,8.250033,Consumer Defensive,0.010969286337706038,0.0,-1.7262000196211744,-0.42332304015201405,False
BANKPSU.NS,MIRAEAMC - BANKPSU,80.5999984741211,-6.43139186763576,-1.0800255848757434,-6.594046101559803,14.136269678041065,-0.3471431439261184,,7.27062,,0.01094359692895343,0.0,-1.7262000196211744,-0.4233423072085785,False
LKPSEC.NS,L K P SECURITIES LTD.,14.300000190734863,-6.413609681691845,-14.677804323103494,-14.677804323103494,37.40135634103881,-0.34824847729335456,,16.25,Financial Services,0.010927058219218333,0.0,-1.7262000196211744,-0.42335471124087987,False
EQUAL50.NS,MIRAEAMC - EQUAL50,312.6000061035156,-5.335835216538309,-4.69512009039158,-1.5740613779585466,9.351494071907867,-0.3488997302427691,,21.711872,,0.010917313753147046,0.0,-1.7262000196211744,-0.4233620195904333,False
GSPLTRANS.NS,GSPL TRANSMISSION LIMITED,123.81999969482422,-14.25207414926436,-14.25207414926436,-14.25207414926436,40.680646241007125,-0.3503404067005102,,,Energy,0.010895757424112714,0.0,-1.7262000196211744,-0.42337818683720907,False
HDFCNIF100.NS,HDFCAMC - HDFCNIF100,24.6200008392334,-5.052061128132335,-4.276821553218102,-2.68774078392483,10.372296526496513,-0.35067731373779276,,19.619926,,0.010890716404034528,0.0,-1.7262000196211744,-0.4233819676022677,False
PSUBANKADD.NS,DSPAMC - DSPPSBKETF,80.5999984741211,-6.745345146904469,-1.5873052839285196,-7.014307579197876,15.200433734598679,-0.3508067267626799,,,,0.010888780043007177,0.0,-1.7262000196211744,-0.42338341987303824,False
LICNETFSEN.NS,LICNAMC - LICNFESGP,823.0,-4.622838828965903,-4.802667213393452,-4.156331428097837,12.530941137554946,-0.35460494105972296,,19.647528,,0.010831948714439252,0.0,-1.7262000196211744,-0.42342604336946416,False
HDFCLOWVOL.NS,HDFCAMC - HDFCLOWVOL,19.350000381469727,-5.517574150508064,-4.7267312147519664,-1.9259968047801057,9.77404722268181,-0.3565086721163455,,24.263838,,0.010803463864264234,0.0,-1.7262000196211744,-0.42344740700709543,False
LOWVOL1.NS,KOTAKMAMC - KOTAKLOVOL,19.850000381469727,-5.160056894213138,-4.932944543562224,-1.63528205508211,9.339091619272285,-0.3565160194193786,,24.419617,,0.010803353929184193,0.0,-1.7262000196211744,-0.42344748945840543,False
INFRABEES.NS,NIP IND ETF INFRA BEES,909.1500244140625,-4.945369563415336,-6.274160548741925,-2.0882195782754187,10.918074034361977,-0.3586192815474476,,22.242598,,0.010771883566609386,0.0,-1.7262000196211744,-0.4234710922303366,False
BAJAJST.NS,BAJAJ STEEL INDS. LTD.,324.3999938964844,-10.375960249528926,-9.515861968932526,-9.515861968932526,26.769556760497277,-0.36189921676200154,,22.622036,Industrials,0.010722807063473441,0.0,-1.7262000196211744,-0.42350789960768853,False
MOM50.NS,MOTILAL OSWAL M50 ETF,238.4600067138672,-5.173577143866826,-4.463140671971133,-3.644734592448573,11.360764836533942,-0.36934352454212177,,,,0.010611420535930187,0.0,-1.7262000196211744,-0.423591439503346,False
INSUREIETF.NS,ICICIPRAMC - INSUREIETF,14.720000267028809,-3.348649314093366,-7.067774424827144,-7.067774424827144,17.060231502922573,-0.37068368041936334,,31.196224,,0.010591368260561984,0.0,-1.7262000196211744,-0.4236064787098721,False
PSUBNKIETF.NS,ICICIPRAMC - PSUBANKICI,81.23999786376953,-6.1134877963190615,-0.999268485523297,-6.717187645093414,13.123243059275632,-0.3719409832652288,,,,0.010572555685611069,0.0,-1.7262000196211744,-0.4236205881410853,False
SBIETFCON.NS,SBIAMC - SBIETFCON,112.72000122070312,-5.980480611766847,-7.772868519977383,-1.2786819763272228,11.077234575796252,-0.3762037932499447,,32.58452,,0.010508772777139417,0.0,-1.7262000196211744,-0.42366842532243904,False
SBIMIDMOM.NS,SBIAMC - SBIMIDMOM,60.650001525878906,-4.832885671552822,-5.793718370096757,-5.793718370096757,14.85157044012281,-0.3771689904845161,,24.773071,,0.010494330874476503,0.0,-1.7262000196211744,-0.42367925674943624,False
LTGILTCASE.NS,ZERODHAAMC - LTGILTCASE,30.079999923706055,-1.085169106747419,-1.377049430471955,-1.377049430471955,3.371975822143461,-0.3910684521153356,,,,0.010286358177550654,0.0,-1.7262000196211744,-0.4238352362721306,False
LICNETFN50.NS,LICNAMC - LICNFENGP,255.8300018310547,-4.459046074057071,-4.1081023887076125,-3.4676581252680916,9.854125680676383,-0.3915181436372151,,19.800299,,0.010279629603374616,0.0,-1.7262000196211744,-0.42384028270276264,False
SETFNIFBK.NS,SBI-ETF NIFTY BANK,561.27001953125,-5.007948846410104,-6.245607739045278,-1.607528025894045,9.348246546157817,-0.3935536023128506,,13.6502075,,0.010249173759724213,0.0,-1.7262000196211744,-0.42386312458550046,False
SENSEXBETA.NS,UTIAMC-SENSEXBETA,809.719970703125,-4.83846833745284,-4.476979599624864,-4.155871083707597,11.132171655681129,-0.3942378203086611,,,,0.010238936049397475,0.0,-1.7262000196211744,-0.4238708028682455,False
SBINEQWETF.NS,SBIAMC - SBINEQWETF,31.270000457763672,-5.983156837627279,-6.795823639776144,-2.097683359709168,10.484089590991717,-0.40864016867858405,,21.651474,,0.010023438837194884,0.0,-1.7262000196211744,-0.4240324257773974,False
FMCGIETF.NS,ICICIPRAMC - ICICIFMCG,48.38999938964844,-2.183144945229365,-7.88120975795662,-5.1176482555913,12.881934258159323,-0.41607230221793506,,,,0.009912234468482889,0.0,-1.7262000196211744,-0.4241158290539314,False
QUALITY30.NS,KOTAKMAMC - QUALITY30,19.709999084472656,-4.552060781706302,-5.8739322741871,-5.8739322741871,13.437065853786361,-0.4174689650488527,,25.42709,,0.009891336699680248,0.0,-1.7262000196211744,-0.42413150238053343,False
ELMDIV.NS,EDELAMC - ELMDIV,34.4900016784668,-5.506844716529324,-5.969525561090583,-5.969525561090583,14.041893577420355,-0.41853254045523564,,24.101269,,0.009875422799449826,0.0,-1.7262000196211744,-0.42414343780570624,False
COMMOIETF.NS,ICICIPRAMC - ICICICOMMO,93.91999816894531,-6.388920108765827,-5.4655263095854,-4.212141513786993,11.733971683496167,-0.42811699283029087,,,,0.009732014050108212,0.0,-1.7262000196211744,-0.42425099436771246,False
HINDALUMI.NS,HIND ALUMINIUM INDS. LTD.,90.31999969482422,-7.297547560383055,-8.721574047073554,-8.721574047073554,19.664841973746274,-0.4290280471396623,,15.360544,Basic Materials,0.009718382268763112,0.0,-1.7262000196211744,-0.42426121820372126,False
BSLNIFTY.NS,ADITYBIRLA SL NIF ETF-GR,26.690000534057617,-5.152803436535313,-4.71260151388051,-3.7157244040791126,10.020540525837387,-0.4293384505544836,,19.739876,,0.00971373781295396,0.0,-1.7262000196211744,-0.42426470154557816,False
EQUAL50ADD.NS,DSPAMC - DSPNEWETF,323.4599914550781,-4.956952305936557,-4.304611665387014,-3.109275400394673,8.918526672396931,-0.4302741698858586,,21.776726,,0.009699736977664037,0.0,-1.7262000196211744,-0.42427520217204556,False
GROWWPSE.NS,GROWWAMC - GROWWPSE,94.5,-3.8657201767908433,-4.021936950329663,-7.316593910806269,12.694021129625238,-0.4441478407703346,,10.860105,,0.009492150178495615,0.0,-1.7262000196211744,-0.4244308922714219,False
BRAHMINFRA.NS,BRAHMAPUTRA INFRA L,145.5800018310547,-11.134174507186401,-17.64905371856813,-17.64905371856813,36.7989588371007,-0.4441994663003203,,6.925785,Industrials,0.009491377724066332,0.0,-1.7262000196211744,-0.42443147161224387,False
ESG.NS,MIRAEAMC - MAESGETF,38.880001068115234,-5.516404310060807,-5.332356082254797,-3.666995837102982,10.150793823173593,-0.44690944214005063,,,,0.009450829320181185,0.0,-1.7262000196211744,-0.42446188291515774,False
SENSEXAXIS.NS,AXISAMC-SENSEXAXIS,75.77999877929688,-5.049491169747489,-4.426790384288049,-4.148746370585165,9.70556874990591,-0.4546161742573462,,,,0.009335516230689636,0.0,-1.7262000196211744,-0.4245483677322764,False
ESENSEX.NS,EDELAMC - ESENSEX,73.63999938964844,-4.931577252742258,-6.48888966393849,-6.48888966393849,13.32208531092742,-0.4636982151862157,,19.902485,,0.009199624884986015,0.0,-1.7262000196211744,-0.4246502862415541,False
LOWVOL.NS,MIRAEAMC - MANV30F,193.42999267578125,-5.241763558068757,-5.111608101911491,-2.426358295045894,8.172658750836511,-0.4643549186312658,,24.223509,,0.009189798865088614,0.0,-1.7262000196211744,-0.4246576557564771,False
KAMAHOLD.NS,KAMA HOLDINGS LTD.,2253.300048828125,-4.041389332982059,-7.972225900423724,-7.972225900423724,15.346070399549996,-0.46826701555323547,,6.6135426,Industrials,0.009131263551339966,0.0,-1.7262000196211744,-0.42470155724178865,False
PSUBNKBEES.NS,NIP IND ETF PSU BANK BEES,89.30999755859375,-6.432686837043966,-3.812602017989264,-8.060533127704627,13.633318811237494,-0.47388201109613587,,7.1846013,,0.009047248371666075,0.0,-1.7262000196211744,-0.42476456862654405,False
MOLOWVOL.NS,MOTILALAMC - MOLOWVOL,34.25,-5.177184349897734,-7.25697341735515,-3.8191535721463055,10.735826455628352,-0.477103993991709,,25.49914,,0.008999038988451153,0.0,-1.7262000196211744,-0.4248007256639552,False
VALUE.NS,MIRAEAMC - VALUE,15.220000267028809,-5.75851005243615,-5.884967473511049,-4.622245134035296,10.90975542806629,-0.47923299963523164,,9.6143265,,0.008967183434817913,0.0,-1.7262000196211744,-0.4248246173291802,False
SBIETFQLTY.NS,SBIAMC - SBIETFQLTY,206.5800018310547,-6.887225609510761,-5.537519079591302,-2.620909576030217,9.038965786777736,-0.48115633313663725,,25.421831,,0.008938405280239014,0.0,-1.7262000196211744,-0.4248462009451143,False
GROWWNIFTY.NS,GROWWAMC - GROWWNIFTY,9.220000267028809,-4.752066359967122,-4.5548611525203615,-3.455496514295475,8.292307892216495,-0.4877556317229806,,19.820185,,0.008839662324484705,0.0,-1.7262000196211744,-0.4249202581619301,False
TURTLEMINT.NS,TURTLEMINT FINTECH SOLS L,68.91000366210938,-52.17240228598008,-46.60622581305724,-49.09506822213064,100.27660976852503,-0.48828817033919186,,,Financial Services,0.00883169413872526,0.0,-1.7262000196211744,-0.42492623430124965,False
AONENIFTY.NS,AONEAMC - AONENIFTY,9.390000343322754,-5.055611553518046,-4.670050967839002,-3.790982345104632,8.680791138072074,-0.49622536754963165,,19.739763,,0.008712932682078097,0.0,-1.7262000196211744,-0.42501530539373505,False
MANUFGBEES.NS,NIPPONAMC - MANUFGBEES,155.22999572753906,-5.191473903257615,-5.554882482908363,-5.554882482908363,11.021681272358892,-0.497401497195309,,26.361609,,0.008695334672828329,0.0,-1.7262000196211744,-0.42502850390067237,False
VALUEAXIS.NS,AXISAMC-VALUEAXIS,31.020000457763672,-5.656935979102695,-6.170601424038202,-6.170601424038202,12.152874581600477,-0.49929490293091594,,9.646766,,0.008667004316756413,0.0,-1.7262000196211744,-0.4250497516677263,False
MOVALUE.NS,MOTILALAMC - MOVALUE,106.86000061035156,-5.650716409294176,-4.68290069700994,-6.57457319779896,11.391832029201323,-0.5110942712660768,,7.930929,,0.008490454568293948,0.0,-1.7262000196211744,-0.42518216397907316,False
SENSEXIETF.NS,ICICI PRUD SENSEX ETF,838.1199951171875,-5.215778027067408,-4.586694056206319,-4.323108202076053,8.835705519426298,-0.5184326155646253,,,,0.008380653534608186,0.0,-1.7262000196211744,-0.42526451475433746,False
EVIETF.NS,ICICIPRAMC - EVIETF,30.280000686645508,-6.744688794964548,-7.654773280879212,-7.654773280879212,14.374869007273658,-0.5198486594483213,,25.67698,,0.00835946577401143,0.0,-1.7262000196211744,-0.425280405574785,False
TOP100CASE.NS,ZERODHAAMC - TOP100CASE,9.9399995803833,-5.6926032603537235,-5.781996202116401,-3.588756781516733,8.778184905882293,-0.5317156055581159,,19.552032,,0.00818190488336115,0.0,-1.7262000196211744,-0.42541357624277276,False
GROWWHOSPI.NS,GROWWAMC - GROWWHOSPI,46.65999984741211,-9.974921475972042,-11.410667420673558,-11.410667420673558,20.841757797990674,-0.5337130552525635,,50.194927,,0.00815201775456712,0.0,-1.7262000196211744,-0.4254359915893683,False
SBIVALETF.NS,SBIAMC - SBIVALETF,13.920000076293945,-5.627118126820707,-6.895237050344916,-10.762937015395346,15.863542496953894,-0.5405768131091379,,8.80079,,0.00804931778888553,0.0,-1.7262000196211744,-0.42551301656362944,False
ASHIKAG.NS,ASHIKA GLOBAL SEC LTD,389.3999938964844,-8.662544314545617,-9.845318009317406,-9.845318009317406,17.67060349167337,-0.543771087068252,,32.369076,Financial Services,0.008001523004623961,0.0,-1.7262000196211744,-0.4255488626518256,False
ABSLPSE.NS,BIRLASLAMC-ABSLPSE,9.75,-4.223971436986673,-4.0354316296229324,-7.14285714285714,10.26458071114579,-0.5481814119357733,,10.876895,,0.007935532883468205,0.0,-1.7262000196211744,-0.42559835524269246,False
LARGEMID50.NS,MIRAEAMC - LARGEMID50,34.630001068115234,-4.8364890108623,-5.969302523299358,-5.969302523299358,10.43653617154842,-0.5502534294776147,,24.205685,,0.007904530022515741,0.0,-1.7262000196211744,-0.4256216073884068,False
HDFCNIFTY.NS,HDFCAMC - HDFCNIFTY,256.4200134277344,-5.135025894217016,-4.676574933927746,-3.80762787170551,7.799555218173573,-0.5556459917381907,,,,0.00782384303287106,0.0,-1.7262000196211744,-0.4256821226306403,False
DIVIDEND.NS,MIRAEAMC - DIVIDEND,33.7400016784668,-5.277926192566829,-2.1177821769204908,-5.675143285764972,8.120115240697094,-0.5576880868904454,,10.858168,,0.0077932878899832315,0.0,-1.7262000196211744,-0.4257050389878062,False
HDFCSENSEX.NS,HDFCAMC - HDFCSENSEX,82.75,-5.04876815701758,-4.68785960507997,-4.950606110105859,8.687982541197599,-0.5630092537850758,,,,0.007713669163786309,0.0,-1.7262000196211744,-0.42576475303245387,False
ABSLMSCIN.NS,BIRLASLAMC - ABSLMSCIN,27.81999969482422,-5.502720142138939,-6.92539222848263,-6.92539222848263,11.675503669932393,-0.5687855529305452,,21.206842,,0.007627240455722534,0.0,-1.7262000196211744,-0.4258295745635017,False
SENSEXADD.NS,DSPAMC - DSPSENXETF,75.3499984741211,-4.969103791036378,-4.317462255084326,-4.293159835760163,7.664166931929062,-0.5787503575313513,,,,0.007478140631411816,0.0,-1.7262000196211744,-0.42594139943173476,False
JENBURPH.NS,JENBURKT PHARMACEUTICAL L,905.5499877929688,-12.827306004218642,-11.766379102915758,-11.766379102915758,20.636733912315368,-0.5804486569188861,,12.173007,Healthcare,0.0074527295821788025,0.0,-1.7262000196211744,-0.4259604577186595,False
FLEXIADD.NS,DSPAMC - FLEXIADD,9.5,-5.566604336563596,-6.7713406162608125,-6.7713406162608125,11.058557311103131,-0.5905285089198864,,29.182129,,0.007301908344569627,0.0,-1.7262000196211744,-0.4260735736468664,False
HDFCGROWTH.NS,HDFCAMC - HDFCGROWTH,109.72000122070312,-7.244906271447393,-3.355939046560208,-5.682111670514045,8.875439690365408,-0.596795087083702,,24.76215,,0.007208143766067134,0.0,-1.7262000196211744,-0.42614389708074324,False
ADVIKCA.NS,ADVIK CAPITAL LTD.,0.9900000095367432,-11.607142381978274,-19.512195594722538,-19.512195594722538,29.674665745466484,-0.6042590371656956,,,Financial Services,0.007096463337752545,0.0,-1.7262000196211744,-0.4262276574019792,False
LOWVOLIETF.NS,ICICI PR NIF LW VL 30 ETF,20.690000534057617,-5.868967402387226,-5.265565982122977,-2.7725570185632153,6.734872260811489,-0.6146726505667196,,,,0.006940648147115811,0.0,-1.7262000196211744,-0.4263445187949568,False
CEMNTGROWW.NS,GROWWAMC - CEMNTGROWW,13.640000343322754,-6.957704738785608,-11.183459055437995,-11.183459055437995,16.69158042195752,-0.619372637589683,,29.230104,,0.006870323914232227,0.0,-1.7262000196211744,-0.4263972619696194,False
VAL30IETF.NS,ICICIPRAMC - VAL30IETF,14.329999923706055,-5.661617382714534,-7.00843565477014,-6.948050138499529,10.75294407094947,-0.6239109212633911,,8.812852,,0.006802419191005909,0.0,-1.7262000196211744,-0.4264481905120392,False
SCANSTL.NS,SCAN STEELS LTD.,47.150001525878906,-20.381626892983896,-24.788638445127166,-24.788638445127166,37.14806781260969,-0.6435660733326157,,11.540342,Basic Materials,0.0065083261467645025,0.0,-1.7262000196211744,-0.4266687602952202,False
SNXT30BEES.NS,NIPPONAMC - SNXT30BEES,40.02000045776367,-6.012215272907628,-6.800182259738252,-6.800182259738252,10.293007037546314,-0.6453496861992104,,22.836323,,0.006481638582311298,0.0,-1.7262000196211744,-0.42668877596856014,False
TOP20.NS,MIRAEAMC - TOP20,8.34000015258789,-6.081080573128183,-5.656108499654566,-5.442171868985469,8.714146006433268,-0.6465504014058014,,19.968285,,0.006463672708064708,0.0,-1.7262000196211744,-0.4267022503742451,False
ELCIDIN.NS,ELCID INVESTMENTS LTD.,102975.0,-4.289432103355328,-9.654496719039663,-23.00884211392037,23.57944441122702,-0.6471168797103141,,,,0.0064551966948299035,0.0,-1.7262000196211744,-0.42670860738417116,False
QNIFTY.NS,QUANTUM NIFTY 50 ETF,248.85000610351562,-5.792159056026536,-7.273536300191907,-4.844747416035522,8.481133985093848,-0.6794924380076727,,19.716576,,0.005970772739973119,0.0,-1.7262000196211744,-0.42707192535031374,False
ICICIB22.NS,ICICIPRAMC - BHARATIWIN,110.0,-3.7956939626491937,-5.15606413506462,-9.180979602393402,10.054800920382759,-0.6858860645942566,,11.784227,,0.005875107181143107,0.0,-1.7262000196211744,-0.4271436745194363,False
ZODIAC.NS,ZODIAC ENERGY LIMITED,212.64999389648438,-11.157878819714673,-20.189967192295477,-20.73844208564566,27.17815837702936,-0.6864993096639409,,56.831097,,0.005865931413447476,0.0,-1.7262000196211744,-0.427150556345208,False
ELITECON.NS,ELITECON INTERNATIONAL L,7.239999771118164,-16.589867320614747,-57.73496715808268,-57.73496715808268,69.36467616289325,-0.7137054467553137,,6.2413793,Consumer Defensive,0.0054588556680616775,0.0,-1.7262000196211744,-0.42745586315424733,False
TOP10ADD.NS,DSPAMC - TOP10ADD,83.06999969482422,-5.580817770817259,-5.891012967032494,-7.741005275246671,9.435745599872936,-0.7157855211009185,,18.209076,,0.005427732256022285,0.0,-1.7262000196211744,-0.4274792057132769,False
FMCGADD.NS,DSPAMC - FMCGADD,45.27000045776367,-2.118917929159625,-7.80040353438316,-10.958391532625722,11.432780010103771,-0.7210057750130634,,30.475662,,0.005349623454862735,0.0,-1.7262000196211744,-0.42753778731414654,False
WARDINMOBI.NS,WARDWIZARD INNO & MOB L,5.170000076293945,-11.774744735485987,-17.67516077118537,-17.67516077118537,22.611027381329666,-0.7295147312472968,,129.5,Consumer Cyclical,0.005222306971457816,0.0,-1.7262000196211744,-0.42763327467670026,False
HDFCVALUE.NS,HDFCAMC - HDFCVALUE,118.58000183105469,-5.799170306357048,-5.814137892063154,-9.231473985715088,10.242758464640161,-0.734158913048031,,14.129983,,0.005152817732250808,0.0,-1.7262000196211744,-0.4276853916061055,False
SENSEXETF.NS,MIRAEAMC - SENSEXETF,74.66999816894531,-5.719695648798151,-7.380308081035103,-6.075474001326652,8.419676213407874,-0.7596216756873566,,19.580507,,0.0047718274782440374,0.0,-1.7262000196211744,-0.4279711342966106,False
SETFNIF50.NS,SBI-ETF NIFTY 50,243.1300048828125,-5.7927706398368635,-7.195207768923773,-5.4483973584506185,7.592069370881767,-0.7957402444509561,,19.633026,,0.004231398190090044,0.0,-1.7262000196211744,-0.4283764562627261,False
NACLIND.NS,NACLIND.NS,136.6300048828125,-18.107163820535998,-38.38000833648917,-18.244369988758603,28.936800417681237,-0.8382965603817358,,,,0.0035946431825631163,0.0,-1.7262000196211744,-0.4288540225183713,False
SHARIABEES.NS,NIP IND ETF SHARIAH BEES,421.4800109863281,-6.925180108906048,-7.5640919670241225,-9.8612001353088,10.048418453841027,-0.8543497385309344,,20.405867,,0.003354445191979283,0.0,-1.7262000196211744,-0.42903417101130914,False
CPSEETF.NS,CPSE ETF,89.94000244140625,-4.012801098502572,-6.2343576331250645,-12.96689991421176,10.681863644206793,-0.857183518800352,,11.609514,,0.003312044346480399,0.0,-1.7262000196211744,-0.4290659716454333,False
TOP15IETF.NS,ICICIPRAMC - TOP15IETF,9.170000076293945,-6.619140923933687,-8.009308666483294,-7.882712252808421,8.83694038762544,-0.8677185285764576,,18.700684,,0.0031544127450938587,0.0,-1.7262000196211744,-0.42918419534647323,False
DIVOPPBEES.NS,NIP IND ETF DIV OPP,72.20999908447266,-5.939817321856811,-4.29423193481655,-9.066873499052885,7.896556504968381,-0.8876869036579066,,,,0.0028556330564109803,0.0,-1.7262000196211744,-0.4294082801129854,False
GROWWRAIL.NS,GROWWAMC - GROWWRAIL,26.049999237060547,-7.229347194305779,-8.435857509730827,-15.091267998892889,12.374059726483132,-0.931162524263204,,19.412054,,0.0022051228202619546,0.0,-1.7262000196211744,-0.4298961627900971,False
HNGSNGBEES.NS,NIP IND ETF HANGSENG BEES,460.989990234375,-2.1439653106688716,-3.5505066373945793,-11.635264605985773,7.661325159770997,-0.9543489152220286,,11.754621,,0.0018581931054453991,0.0,-1.7262000196211744,-0.43015636007620955,False
IVZINGOLD.NS,INVESCO INDIA GOLD ETF,128.1999969482422,-4.292646607690321,3.847711719257063,-99.00531099546113,21.51578773879401,-2.2870123045730795,,,,-0.018081974833371355,0.0,-1.7262000196211744,-0.44511148603032213,False
HEALTHADD.NS,DSPAMC - HEALTHADD,16.25,-1.9903493680613393,-0.06150202177779285,-88.64827056035307,16.09955034029726,-2.779000333043901,,39.023476,,-0.025443416582268456,0.0,-1.7262000196211744,-0.45063256734199497,False
MIDQ50ADD.NS,DSPAMC - DSPQ50ETF,23.829999923706055,-4.718113931934731,-2.2559444462394884,-89.60069798890287,10.243318390797555,-4.5318082811798694,,29.402315,,-0.05167005800545918,0.0,-1.7262000196211744,-0.470302548409388,False
PSUBANK.NS,KOTAK PSU BANK,80.30999755859375,-6.103123226007412,-90.36079502769607,-90.77787020785132,15.1963750849824,-4.851012023613151,,7.195127,,-0.05644618998423134,0.0,-1.7262000196211744,-0.47388464739346714,False
IVZINNIFTY.NS,INVESCO INDIA NIFTY ETF,261.30999755859375,-4.815503325496717,-90.46595743695327,-90.3540052580807,8.366493118611663,-8.758734332004927,,19.859583,,-0.11491604794704117,0.0,-1.7262000196211744,-0.5177370408655745,False
MYMUDRA-SM.NS,MY MUDRA FINCORP LIMITED,82.69999694824219,,,,,,,,,,0.0,-1.7262000196211744,-2.6815500049052936,False
MILTON-SM.NS,MILTON INDUSTRIES LIMITED,35.5,,,,,,,,,,0.0,-1.7262000196211744,-2.6815500049052936,False
ABH-SM.NS,ABH HEALTHCARE LIMITED,45.650001525878906,,,,,,,,,,0.0,-1.7262000196211744,-2.6815500049052936,False
EMBASSY-RR.NS,EMBASSY OFFICE PARKS REIT,431.2099914550781,,,,,,,,,,0.0,-1.7262000196211744,-2.6815500049052936,False
EMAPARTNER-SM.NS,EMA PARTNERS INDIA LTD,82.05000305175781,,,,,,,,,,0.0,-1.7262000196211744,-2.6815500049052936,False
ENVIRO-SM.NS,ENVIROTECH SYSTEMS LTD,71.80000305175781,,,,,,,,,,0.0,-1.7262000196211744,-2.6815500049052936,False
ENSER-SM.NS,ENSER COMMUNICATIONS LTD,15.300000190734863,,,,,,,,,,0.0,-1.7262000196211744,-2.6815500049052936,False
ENFUSE-SM.NS,ENFUSE SOLUTIONS LIMITED,154.0,,,,,,,,,,0.0,-1.7262000196211744,-2.6815500049052936,False
AGARWALTUF-SM.NS,AGARWAL TOUGH GLASS IND L,175.5500030517578,,,,,,,,,,0.0,-1.7262000196211744,-2.6815500049052936,False
AGARWALFT-SM.NS,AGARWAL FLOAT GLASS I LTD,24.350000381469727,,,,,,,,,,0.0,-1.7262000196211744,-2.6815500049052936,False
EMKAYTOOLS-SM.NS,EMKAY TAP & CUT. TOOL LTD,94.0,,,,,,,,,,0.0,-1.7262000196211744,-2.6815500049052936,False
AISL-SM.NS,ANI INTEGRATED SERV LTD.,73.5999984741211,,,,,,,,,,0.0,-1.7262000196211744,-2.6815500049052936,False
AIMTRON-SM.NS,AIMTRON ELECTRONICS LTD,1900.9000244140625,,,,,,,,,,0.0,-1.7262000196211744,-2.6815500049052936,False
AILIMITED-SM.NS,ABHISHEK INTEGRATIONS LTD,14.850000381469727,,,,,,,,,,0.0,-1.7262000196211744,-2.6815500049052936,False
ALCODIS-SM.NS,ALCOKRAFT DISTILLERIE LTD,62.0,,,,,,,,,,0.0,-1.7262000196211744,-2.6815500049052936,False
AKIKO-SM.NS,AKIKO GLOBAL SERVICES L,420.0,,,,,,,,,,0.0,-1.7262000196211744,-2.6815500049052936,False
MINDSPACE-RR.NS,MINDSPACE BUSINESS P REIT,496.6300048828125,,,,,,,,,,0.0,-1.7262000196211744,-2.6815500049052936,False
EFORCE-SM.NS,ELECTRO FORCE (INDIA) LTD,18.0,,,,,,,,,,0.0,-1.7262000196211744,-2.6815500049052936,False
EBGNG-BL.NS,GNG ELECTRONICS LIMITED,674.7999877929688,,,,,,,,,,0.0,-1.7262000196211744,-2.6815500049052936,False
ELGNZ-SM.NS,ELEGANZ INTERIORS LIMITED,80.0,,,,,,,,,,0.0,-1.7262000196211744,-2.6815500049052936,False
ABHAPOWER-SM.NS,ABHA POWER N STEEL LTD,23.049999237060547,,,,,,,,,,0.0,-1.7262000196211744,-2.6815500049052936,False
MPEL-SM.NS,MANAS POLYMER N ENERGIE L,22.799999237060547,,,,,,,,,,0.0,-1.7262000196211744,-2.6815500049052936,False
MONOPHARMA-SM.NS,MONO PHARMACARE LIMITED,8.300000190734863,,,,,,,,,,0.0,-1.7262000196211744,-2.6815500049052936,False
MONOLITH-SM.NS,MONOLITHISCH INDIA LTD,1239.8499755859375,,,,,,,,,,0.0,-1.7262000196211744,-2.6815500049052936,False
MOXSH-SM.NS,MOXSH OVERSEAS EDUCON LTD,93.30000305175781,,,,,,,,,,0.0,-1.7262000196211744,-2.6815500049052936,False
MMEL-SM.NS,MOVING MEDIA ENTER LTD,27.0,,,,,,,,,,0.0,-1.7262000196211744,-2.6815500049052936,False
FIDEL-SM.NS,FIDEL SOFTECH LIMITED,177.60000610351562,,,,,,,,,,0.0,-1.7262000196211744,-2.6815500049052936,False
FICRF3GP-MF.NS,FRANTEMAMC - FICRF3GP,468.17999267578125,,,,,,,,,,0.0,-1.7262000196211744,-2.6815500049052936,False
FELIX-SM.NS,FELIX INDUSTRIES LTD.,194.39999389648438,,,,,,,,,,0.0,-1.7262000196211744,-2.6815500049052936,False
FASCINATE-SM.NS,FASCINATE TEXTILES LTD,81.44999694824219,,,,,,,,,,0.0,-1.7262000196211744,-2.6815500049052936,False
DELTIC-SM.NS,DELTA AUTOCORP LIMITED,35.900001525878906,,,,,,,,,,0.0,-1.7262000196211744,-2.6815500049052936,False
DELAPLEX-SM.NS,DELAPLEX LIMITED,95.5,,,,,,,,,,0.0,-1.7262000196211744,-2.6815500049052936,False
DHTL-SM.NS,DOCMODE HEALTH TECH LTD,23.549999237060547,,,,,,,,,,0.0,-1.7262000196211744,-2.6815500049052936,False
DHARIWAL-SM.NS,DHARIWALCORP LIMITED,27.850000381469727,,,,,,,,,,0.0,-1.7262000196211744,-2.6815500049052936,False
DHARARAIL-SM.NS,DHARA RAIL PROJECTS LTD,141.10000610351562,,,,,,,,,,0.0,-1.7262000196211744,-2.6815500049052936,False
DHANSA-SM.NS,DHANSA LABS LIMITED,27.100000381469727,,,,,,,,,,0.0,-1.7262000196211744,-2.6815500049052936,False
DHANLAXMI-SM.NS,DHANLAXMI CROP SCIENCE L,26.5,,,,,,,,,,0.0,-1.7262000196211744,-2.6815500049052936,False
CURIS-SM.NS,CURIS LIFESCIENCES LTD,207.0,,,,,,,,,,0.0,-1.7262000196211744,-2.6815500049052936,False
FORGEAUTO-SM.NS,FORGE AUTO INTERNATION L,99.44999694824219,,,,,,,,,,0.0,-1.7262000196211744,-2.6815500049052936,False
FORCAS-SM.NS,FORCAS STUDIO LIMITED,233.6999969482422,,,,,,,,,,0.0,-1.7262000196211744,-2.6815500049052936,False
FONEBOX-SM.NS,FONEBOX RETAIL LIMITED,127.5,,,,,,,,,,0.0,-1.7262000196211744,-2.6815500049052936,False
FOCE-SM.NS,FOCE INDIA LIMITED,575.0,,,,,,,,,,0.0,-1.7262000196211744,-2.6815500049052936,False
ETML-SM.NS,EMERALD TYRE MANUF LTD,72.94999694824219,,,,,,,,,,0.0,-1.7262000196211744,-2.6815500049052936,False
ETL-SM.NS,EMKAY TOOLS LIMITED,1125.0,,,,,,,,,,0.0,-1.7262000196211744,-2.6815500049052936,False
ESPRIT-SM.NS,ESPRIT STONES LIMITED,62.0,,,,,,,,,,0.0,-1.7262000196211744,-2.6815500049052936,False
DKEGL-SM.NS,D K ENTERPRISES GLOBAL L,69.5,,,,,,,,,,0.0,-1.7262000196211744,-2.6815500049052936,False
DIVYADHAN-SM.NS,DIVYADHAN RECYCLING IND L,40.849998474121094,,,,,,,,,,0.0,-1.7262000196211744,-2.6815500049052936,False
DUCOL-SM.NS,DUCOL ORGS AND COLOURS LT,122.0,,,,,,,,,,0.0,-1.7262000196211744,-2.6815500049052936,False
DRONE-SM.NS,DRONE DESTINATION LIMITED,33.29999923706055,,,,,,,,,,0.0,-1.7262000196211744,-2.6815500049052936,False
DPEL-SM.NS,DIVINE POWER ENERGY LTD,612.5999755859375,,,,,,,,,,0.0,-1.7262000196211744,-2.6815500049052936,False
E2ERAIL-SM.NS,E TO E TRANS INFRA LTD,312.6499938964844,,,,,,,,,,0.0,-1.7262000196211744,-2.6815500049052936,False
EMMIL-SM.NS,ENERGY MISSION MACH IND L,129.9499969482422,,,,,,,,,,0.0,-1.7262000196211744,-2.6815500049052936,False
DENEERS-SM.NS,DE NEERS TOOLS LIMITED,167.0500030517578,,,,,,,,,,0.0,-1.7262000196211744,-2.6815500049052936,False
ESFL-SM.NS,ESSEN SPECIALITY FILMS L,112.55000305175781,,,,,,,,,,0.0,-1.7262000196211744,-2.6815500049052936,False
FALCONTECH-SM.NS,FALCON TECHNOPROJ IND LTD,12.899999618530273,,,,,,,,,,0.0,-1.7262000196211744,-2.6815500049052936,False
EXIMROUTES-SM.NS,EXIM ROUTES LIMITED,87.4000015258789,,,,,,,,,,0.0,-1.7262000196211744,-2.6815500049052936,False
EXCELLENT-SM.NS,EXCELLENT WIRES N PACK L,185.5,,,,,,,,,,0.0,-1.7262000196211744,-2.6815500049052936,False
FLYSBS-SM.NS,FLYSBS AVIATION LIMITED,648.4000244140625,,,,,,,,,,0.0,-1.7262000196211744,-2.6815500049052936,False
GAJANAND-SM.NS,GAJANAND INTERNATIONAL L,7.199999809265137,,,,,,,,,,0.0,-1.7262000196211744,-2.6815500049052936,False
FWSTC-SM.NS,FLYWINGS SIMULAT T C LTD,191.0,,,,,,,,,,0.0,-1.7262000196211744,-2.6815500049052936,False
FROG-SM.NS,FROG INNOVATIONS LIMITED,255.0,,,,,,,,,,0.0,-1.7262000196211744,-2.6815500049052936,False
DCG-SM.NS,DCG CABLES & WIRES LTD,71.94999694824219,,,,,,,,,,0.0,-1.7262000196211744,-2.6815500049052936,False
DCCL-SM.NS,DAR CREDIT & CAPITAL LTD,41.900001525878906,,,,,,,,,,0.0,-1.7262000196211744,-2.6815500049052936,False
DANISH-SM.NS,DANISH POWER LIMITED,1010.0,,,,,,,,,,0.0,-1.7262000196211744,-2.6815500049052936,False
DEEM-SM.NS,DEEM ROLL TECH LIMITED,47.0,,,,,,,,,,0.0,-1.7262000196211744,-2.6815500049052936,False
DECCANTRAN-SM.NS,DECCAN TRANSCON LEASING L,20.549999237060547,,,,,,,,,,0.0,-1.7262000196211744,-2.6815500049052936,False
DENTALKART-SM.NS,VASA DENTICITY LIMITED,490.1499938964844,,,,,,,,,,0.0,-1.7262000196211744,-2.6815500049052936,False
GLOBALPET-SM.NS,GLOBAL PET INDUSTRIES LTD,175.0,,,,,,,,,,0.0,-1.7262000196211744,-2.6815500049052936,False
GML-SM.NS,GALAXY MEDICARE LIMITED,17.0,,,,,,,,,,0.0,-1.7262000196211744,-2.6815500049052936,False
FRESHARA-SM.NS,FRESHARA AGRO EXPORTS LTD,391.29998779296875,,,,,,,,,,0.0,-1.7262000196211744,-2.6815500049052936,False
GANGABATH-SM.NS,GANGA BATH FITTINGS LTD,20.299999237060547,,,,,,,,,,0.0,-1.7262000196211744,-2.6815500049052936,False
GANESHIN-SM.NS,GANESH INFRAWORLD LIMITED,87.05000305175781,,,,,,,,,,0.0,-1.7262000196211744,-2.6815500049052936,False
GGBL-SM.NS,GANESH GREEN BHARAT LTD,214.4499969482422,,,,,,,,,,0.0,-1.7262000196211744,-2.6815500049052936,False
GENXAI-SM.NS,GENXAI ANALYTICS LIMITED,80.80000305175781,,,,,,,,,,0.0,-1.7262000196211744,-2.6815500049052936,False
GCHOTELS-SM.NS,GRAND CONTINENT HOTELS L,113.05000305175781,,,,,,,,,,0.0,-1.7262000196211744,-2.6815500049052936,False
GJL-SM.NS,GROVER JEWELLS LIMITED,510.1000061035156,,,,,,,,,,0.0,-1.7262000196211744,-2.6815500049052936,False
GIRIRAJ-SM.NS,GIRIRAJ CIVIL DEVP LTD,57.5,,,,,,,,,,0.0,-1.7262000196211744,-2.6815500049052936,False
CPS-SM.NS,C P S SHAPERS LIMITED,1100.0,,,,,,,,,,0.0,-1.7262000196211744,-2.6815500049052936,False
CUDML-SM.NS,CASH UR DRIVE MARKETING L,100.75,,,,,,,,,,0.0,-1.7262000196211744,-2.6815500049052936,False
CUBEINVIT-IV.NS,CUBE HIGHWAYS TRUST,154.91000366210938,,,,,,,,,,0.0,-1.7262000196211744,-2.6815500049052936,False
CSSL-SM.NS,CLEAR SECURED SERVICES L,77.3499984741211,,,,,,,,,,0.0,-1.7262000196211744,-2.6815500049052936,False
CURRENT-SM.NS,CURRENT INFRAPROJECTS LTD,94.0,,,,,,,,,,0.0,-1.7262000196211744,-2.6815500049052936,False
GREENLEAF-SM.NS,GREENLEAF ENVIROTECH LTD,114.3499984741211,,,,,,,,,,0.0,-1.7262000196211744,-2.6815500049052936,False
GREENCHEF-SM.NS,GREENCHEF APPLIANCES LTD,68.8499984741211,,,,,,,,,,0.0,-1.7262000196211744,-2.6815500049052936,False
GRCL-SM.NS,GAYATRI RUBB AND CHEM LTD,570.0,,,,,,,,,,0.0,-1.7262000196211744,-2.6815500049052936,False
GRAPHISAD-SM.NS,GRAPHISADS LIMITED,24.399999618530273,,,,,,,,,,0.0,-1.7262000196211744,-2.6815500049052936,False
GPECO-SM.NS,GP ECO SOLUTIONS INDIA L,469.6499938964844,,,,,,,,,,0.0,-1.7262000196211744,-2.6815500049052936,False
GOYALSALT-SM.NS,GOYAL SALT LIMITED,102.0,,,,,,,,,,0.0,-1.7262000196211744,-2.6815500049052936,False
GOLDSTAR-SM.NS,GOLDSTAR POWER LIMITED,11.649999618530273,,,,,,,,,,0.0,-1.7262000196211744,-2.6815500049052936,False
GOLDKART-SM.NS,GOLDKART JEWELS LIMITED,104.0,,,,,,,,,,0.0,-1.7262000196211744,-2.6815500049052936,False
COMMITTED-SM.NS,COMMITTED CARGO CARE LTD,323.79998779296875,,,,,,,,,,0.0,-1.7262000196211744,-2.6815500049052936,False
COREIN-SM.NS,COREINTEGRA CONSULT SER L,86.6500015258789,,,,,,,,,,0.0,-1.7262000196211744,-2.6815500049052936,False
COOLCAPS-SM.NS,COOL CAPS INDUSTRIES LTD,21.450000762939453,,,,,,,,,,0.0,-1.7262000196211744,-2.6815500049052936,False
CONTI-SM.NS,CONTINENTAL SEED CHEM LTD,9.800000190734863,,,,,,,,,,0.0,-1.7262000196211744,-2.6815500049052936,False
CONNPLEX-SM.NS,CONNPLEX CINEMAS LIMITED,247.5,,,,,,,,,,0.0,-1.7262000196211744,-2.6815500049052936,False
CREDENT-SM.NS,CREDENT CONNECT N CARE L,375.5,,,,,,,,,,0.0,-1.7262000196211744,-2.6815500049052936,False
CRAYONS-SM.NS,CRAYONS ADVERTISING LTD,23.950000762939453,,,,,,,,,,0.0,-1.7262000196211744,-2.6815500049052936,False
GSMFOILS-SM.NS,GSM FOILS LIMITED,70.1500015258789,,,,,,,,,,0.0,-1.7262000196211744,-2.6815500049052936,False
GURUNANAK-SM.NS,GURUNANAK AGRICULTUR IN L,34.25,,,,,,,,,,0.0,-1.7262000196211744,-2.6815500049052936,False
HAPPY-SM.NS,HAPPY STEELS LIMITED,80.0999984741211,,,,,,,,,,0.0,-1.7262000196211744,-2.6815500049052936,False
GSTL-SM.NS,GLOBESECURE TECHNO LTD,10.949999809265137,,,,,,,,,,0.0,-1.7262000196211744,-2.6815500049052936,False
CHAMUNDA-SM.NS,CHAMUNDA ELECTRICAL LTD,44.95000076293945,,,,,,,,,,0.0,-1.7262000196211744,-2.6815500049052936,False
CGRAPHICS-SM.NS,CREATIVE GRAPHICS S IND L,156.0,,,,,,,,,,0.0,-1.7262000196211744,-2.6815500049052936,False
CLASSICEIL-SM.NS,CLASSIC ELECTRODE (IND) L,49.95000076293945,,,,,,,,,,0.0,-1.7262000196211744,-2.6815500049052936,False
CKKRETAIL-SM.NS,C K K RETAIL MART LIMITED,171.0,,,,,,,,,,0.0,-1.7262000196211744,-2.6815500049052936,False
CITIUSINVT-IV.NS,CITIUS TRANSNET INV TRUST,115.30999755859375,,,,,,,,,,0.0,-1.7262000196211744,-2.6815500049052936,False
CHETANA-SM.NS,CHETANA EDUCATION LIMITED,39.0,,,,,,,,,,0.0,-1.7262000196211744,-2.6815500049052936,False
CMRSL-SM.NS,CYBER MEDIA RES & SER LTD,74.1500015258789,,,,,,,,,,0.0,-1.7262000196211744,-2.6815500049052936,False
CMNL-SM.NS,CHAMAN METALLICS LIMITED,119.3499984741211,,,,,,,,,,0.0,-1.7262000196211744,-2.6815500049052936,False
CLSL-SM.NS,CROP LIFE SCIENCE LIMITED,60.0,,,,,,,,,,0.0,-1.7262000196211744,-2.6815500049052936,False
CLAYCRAFT-SM.NS,CLAY CRAFT INDIA LIMITED,174.1999969482422,,,,,,,,,,0.0,-1.7262000196211744,-2.6815500049052936,False
HIGREEN-SM.NS,HI GREEN CARBON LIMITED,118.80000305175781,,,,,,,,,,0.0,-1.7262000196211744,-2.6815500049052936,False
HRHNEXT-SM.NS,HRH NEXT SERVICES LIMITED,23.200000762939453,,,,,,,,,,0.0,-1.7262000196211744,-2.6815500049052936,False
HPTL-SM.NS,HP TELECOM INDIA LIMITED,430.0,,,,,,,,,,0.0,-1.7262000196211744,-2.6815500049052936,False
HOMESFY-SM.NS,HOMESFY REALTY LIMITED,121.5999984741211,,,,,,,,,,0.0,-1.7262000196211744,-2.6815500049052936,False
HOLMARC-SM.NS,HOLMARC OPTO MECHATRO L,125.4000015258789,,,,,,,,,,0.0,-1.7262000196211744,-2.6815500049052936,False
HOACFOODS-SM.NS,HOAC FOODS INDIA LIMITED,930.0,,,,,,,,,,0.0,-1.7262000196211744,-2.6815500049052936,False
CENTEXT-RE.NS,CENTURY EXTRUSIONS LTD,2.4000000953674316,,,,,,,,,,0.0,-1.7262000196211744,-2.6815500049052936,False
CELLPOINT-SM.NS,CELL POINT (INDIA) LTD,16.200000762939453,,,,,,,,,,0.0,-1.7262000196211744,-2.6815500049052936,False
CELLECOR-SM.NS,CELLECOR GADGETS LIMITED,29.850000381469727,,,,,,,,,,0.0,-1.7262000196211744,-2.6815500049052936,False
CHAVDA-SM.NS,CHAVDA INFRA LIMITED,58.349998474121094,,,,,,,,,,0.0,-1.7262000196211744,-2.6815500049052936,False
CHANDAN-SM.NS,CHANDAN HEALTHCARE LTD,235.9499969482422,,,,,,,,,,0.0,-1.7262000196211744,-2.6815500049052936,False
INDIGRID-IV.NS,INDIGRID INFRASTRUCT TRST,169.41000366210938,,,,,,,,,,0.0,-1.7262000196211744,-2.6815500049052936,False
INDIFRA-SM.NS,INDIFRA LIMITED,11.649999618530273,,,,,,,,,,0.0,-1.7262000196211744,-2.6815500049052936,False
ICELCO-SM.NS,IC ELECTRICALS COMPANY L,116.05000305175781,,,,,,,,,,0.0,-1.7262000196211744,-2.6815500049052936,False
IBLFL-SM.NS,IBL FINANCE LIMITED,61.0,,,,,,,,,,0.0,-1.7262000196211744,-2.6815500049052936,False
HVAX-SM.NS,HVAX TECHNOLOGIES LIMITED,714.0,,,,,,,,,,0.0,-1.7262000196211744,-2.6815500049052936,False
CADSYS-SM.NS,CADSYS (INDIA) LIMITED,37.95000076293945,,,,,,,,,,0.0,-1.7262000196211744,-2.6815500049052936,False
C2C-SM.NS,C2C ADVANCED SYSTEMS LTD,187.64999389648438,,,,,,,,,,0.0,-1.7262000196211744,-2.6815500049052936,False
BULKCORP-SM.NS,BULKCORP INTERNATIONAL L,81.75,,,,,,,,,,0.0,-1.7262000196211744,-2.6815500049052936,False
CAPINVIT-IV.NS,CAPITAL INFRA TRUST,77.2300033569336,,,,,,,,,,0.0,-1.7262000196211744,-2.6815500049052936,False
CANARYS-SM.NS,CANARYS AUTOMATIONS LTD,28.5,,,,,,,,,,0.0,-1.7262000196211744,-2.6815500049052936,False
CEDAAR-SM.NS,CEDAAR TEXTILE LIMITED,11.0,,,,,,,,,,0.0,-1.7262000196211744,-2.6815500049052936,False
CBAZAAR-SM.NS,NET AVENUE TECHNOLOGIES L,5.050000190734863,,,,,,,,,,0.0,-1.7262000196211744,-2.6815500049052936,False
BIOPOL-SM.NS,BIOPOL CHEMICALS LIMITED,51.75,,,,,,,,,,0.0,-1.7262000196211744,-2.6815500049052936,False
BLUEWATER-SM.NS,BLUE WATER LOGISTICS LTD,578.5999755859375,,,,,,,,,,0.0,-1.7262000196211744,-2.6815500049052936,False
BLUEPEBBLE-SM.NS,BLUE PEBBLE LIMITED,66.0,,,,,,,,,,0.0,-1.7262000196211744,-2.6815500049052936,False
INFOLLION-SM.NS,INFOLLION RESEARCH SER L,159.8000030517578,,,,,,,,,,0.0,-1.7262000196211744,-2.6815500049052936,False
INFLUX-SM.NS,INFLUX HEALTHTECH LIMITED,272.0,,,,,,,,,,0.0,-1.7262000196211744,-2.6815500049052936,False
INFINIUM-SM.NS,INFINIUM PHARMACHEM LTD,307.3500061035156,,,,,,,,,,0.0,-1.7262000196211744,-2.6815500049052936,False
INDUSINVIT-IV.NS,INDUS INFRA TRUST,130.1300048828125,,,,,,,,,,0.0,-1.7262000196211744,-2.6815500049052936,False
BMLL-SM.NS,BIO MEDICA LABORATORIES L,159.0,,,,,,,,,,0.0,-1.7262000196211744,-2.6815500049052936,False
BMETRICS-SM.NS,BOMBAY METRICS S C LTD,39.5,,,,,,,,,,0.0,-1.7262000196211744,-2.6815500049052936,False
BRANDMAN-SM.NS,BRANDMAN RETAIL LIMITED,161.64999389648438,,,,,,,,,,0.0,-1.7262000196211744,-2.6815500049052936,False
BRACEPORT-SM.NS,BRACE PORT LOGISTICS LTD,65.0,,,,,,,,,,0.0,-1.7262000196211744,-2.6815500049052936,False
BOSS-SM.NS,BOSS PACKAGING SOLU LTD,57.0,,,,,,,,,,0.0,-1.7262000196211744,-2.6815500049052936,False
IEML-SM.NS,INDIAN EMULSIFIERS LTD,47.349998474121094,,,,,,,,,,0.0,-1.7262000196211744,-2.6815500049052936,False
IDENTICAL-SM.NS,IDENTICAL BRAINS STUDIO L,21.350000381469727,,,,,,,,,,0.0,-1.7262000196211744,-2.6815500049052936,False
IDEALTECHO-SM.NS,IDEAL TECHNOPLAST IND LTD,85.5999984741211,,,,,,,,,,0.0,-1.7262000196211744,-2.6815500049052936,False
IWARE-SM.NS,IWARE SUPPLYCHAIN SER LTD,373.0,,,,,,,,,,0.0,-1.7262000196211744,-2.6815500049052936,False
INSPIRE-SM.NS,INSPIRE FILMS LIMITED,9.899999618530273,,,,,,,,,,0.0,-1.7262000196211744,-2.6815500049052936,False
INNOMET-SM.NS,INNOMET ADVANCED MATERI L,277.25,,,,,,,,,,0.0,-1.7262000196211744,-2.6815500049052936,False
INM-SM.NS,INTERIORS & MORE LIMITED,139.5,,,,,,,,,,0.0,-1.7262000196211744,-2.6815500049052936,False
IPHL-SM.NS,INDIAN PHOSPHATE LIMITED,68.0,,,,,,,,,,0.0,-1.7262000196211744,-2.6815500049052936,False
INVICTA-SM.NS,INVICTA DIAGNOSTIC LTD,66.80000305175781,,,,,,,,,,0.0,-1.7262000196211744,-2.6815500049052936,False
INTEGRITY-SM.NS,INTEGRITY INFRABUILD DE L,191.5,,,,,,,,,,0.0,-1.7262000196211744,-2.6815500049052936,False
ISHAN-SM.NS,ISHAN INTERNATIONAL LTD,0.44999998807907104,,,,,,,,,,0.0,-1.7262000196211744,-2.6815500049052936,False
IRBINVIT-IV.NS,IRB INVIT FUND,63.849998474121094,,,,,,,,,,0.0,-1.7262000196211744,-2.6815500049052936,False
IRBINVIT-BL.NS,IRB INVIT FUND,63.36000061035156,,,,,,,,,,0.0,-1.7262000196211744,-2.6815500049052936,False
IPSL-SM.NS,INTEGRATED PERSO SER LTD,204.89999389648438,,,,,,,,,,0.0,-1.7262000196211744,-2.6815500049052936,False
BIKEWO-SM.NS,BIKEWO GREEN TECH LIMITED,126.80000305175781,,,,,,,,,,0.0,-1.7262000196211744,-2.6815500049052936,False
BIRET-RR.NS,BROOKFIELD INDIA RET,329.8900146484375,,,,,,,,,,0.0,-1.7262000196211744,-2.6815500049052936,False
BIRDYS-SM.NS,GRILL SPLENDOUR SER LTD,79.0,,,,,,,,,,0.0,-1.7262000196211744,-2.6815500049052936,False
JALAN-SM.NS,JALAN TRANSOLU. INDIA LTD,1.649999976158142,,,,,,,,,,0.0,-1.7262000196211744,-2.6815500049052936,False
JAINIK-SM.NS,JAINIK POWER CABLES LTD,185.89999389648438,,,,,,,,,,0.0,-1.7262000196211744,-2.6815500049052936,False
JFLLIFE-SM.NS,JFL LIFE SCIENCES LIMITED,9.800000190734863,,,,,,,,,,0.0,-1.7262000196211744,-2.6815500049052936,False
JEYYAM-SM.NS,JEYYAM GLOBAL FOODS LTD,21.899999618530273,,,,,,,,,,0.0,-1.7262000196211744,-2.6815500049052936,False
JIWANRAM-SM.NS,JIWANRAM SHEODUTTRA IND L,4.050000190734863,,,,,,,,,,0.0,-1.7262000196211744,-2.6815500049052936,False
KALANA-SM.NS,KALANA ISPAT LIMITED,17.950000762939453,,,,,,,,,,0.0,-1.7262000196211744,-2.6815500049052936,False
K2INFRA-SM.NS,K2 INFRAGEN LIMITED,40.099998474121094,,,,,,,,,,0.0,-1.7262000196211744,-2.6815500049052936,False
BAWEJA-SM.NS,BAWEJA STUDIOS LIMITED,26.100000381469727,,,,,,,,,,0.0,-1.7262000196211744,-2.6815500049052936,False
BASILIC-SM.NS,BASILIC FLY STUDIO LTD,198.3000030517578,,,,,,,,,,0.0,-1.7262000196211744,-2.6815500049052936,False
BARFLEX-SM.NS,BARFLEX POLYFILMS LIMITED,52.25,,,,,,,,,,0.0,-1.7262000196211744,-2.6815500049052936,False
BEACON-SM.NS,BEACON TRUSTEESHIP LTD,81.30000305175781,,,,,,,,,,0.0,-1.7262000196211744,-2.6815500049052936,False
BHADORA-SM.NS,BHADORA INDUSTRIES LTD,155.10000610351562,,,,,,,,,,0.0,-1.7262000196211744,-2.6815500049052936,False
BEWLTD-SM.NS,BEW ENGINEERING LIMITED,57.79999923706055,,,,,,,,,,0.0,-1.7262000196211744,-2.6815500049052936,False
ITTL-SM.NS,INNOVATIVE TYRE & TUBE LT,60.75,,,,,,,,,,0.0,-1.7262000196211744,-2.6815500049052936,False
ITALIANE-SM.NS,ITALIAN EDIBLES LIMITED,28.200000762939453,,,,,,,,,,0.0,-1.7262000196211744,-2.6815500049052936,False
JAINAM-SM.NS,JAINAM FER ALLOYS (I) LTD,211.5500030517578,,,,,,,,,,0.0,-1.7262000196211744,-2.6815500049052936,False
BAGMANE-RR.NS,BAGMANE PRIME OFFICE REIT,106.43000030517578,,,,,,,,,,0.0,-1.7262000196211744,-2.6815500049052936,False
BAGDIGITAL-SM.NS,B.A.G.CONVERGENCE LIMITED,107.69999694824219,,,,,,,,,,0.0,-1.7262000196211744,-2.6815500049052936,False
BABAFP-SM.NS,BABA FOOD PROCESSING,21.299999237060547,,,,,,,,,,0.0,-1.7262000196211744,-2.6815500049052936,False
JYOTIGLOBL-SM.NS,JYOTI GLOBAL PLAST LTD,44.20000076293945,,,,,,,,,,0.0,-1.7262000196211744,-2.6815500049052936,False
KANDARP-SM.NS,KANDARP DG SMART BPO LTD,59.0,,,,,,,,,,0.0,-1.7262000196211744,-2.6815500049052936,False
KDL-SM.NS,KORE DIGITAL LIMITED,42.650001525878906,,,,,,,,,,0.0,-1.7262000196211744,-2.6815500049052936,False
KCK-SM.NS,KCK INDUSTRIES LTD,15.0,,,,,,,,,,0.0,-1.7262000196211744,-2.6815500049052936,False
KCEIL-SM.NS,KAY CEE ENERGY & INFRA L,77.25,,,,,,,,,,0.0,-1.7262000196211744,-2.6815500049052936,False
KAYTEX-SM.NS,KAYTEX FABRICS LIMITED,57.75,,,,,,,,,,0.0,-1.7262000196211744,-2.6815500049052936,False
KATARIA-SM.NS,KATARIA INDUSTRIES LTD,162.60000610351562,,,,,,,,,,0.0,-1.7262000196211744,-2.6815500049052936,False
KARNIKA-SM.NS,KARNIKA INDUSTRIES LTD,120.94999694824219,,,,,,,,,,0.0,-1.7262000196211744,-2.6815500049052936,False
BALCO-SM.NS,SOLVE PLASTIC PRODUCTS L,19.950000762939453,,,,,,,,,,0.0,-1.7262000196211744,-2.6815500049052936,False
BALAJIPHOS-SM.NS,BALAJI PHOSPHATES LIMITED,106.0,,,,,,,,,,0.0,-1.7262000196211744,-2.6815500049052936,False
JAYKAYPP-E1.NS,JAYKAY RE.0.50 PPD UP,193.11000061035156,,,,,,,,,,0.0,-1.7262000196211744,-2.6815500049052936,False
JAYESH-SM.NS,JAYESH LOGISTICS LIMITED,124.44999694824219,,,,,,,,,,0.0,-1.7262000196211744,-2.6815500049052936,False
JAYBEE-SM.NS,JAY BEE LAMINATIONS LTD,93.55000305175781,,,,,,,,,,0.0,-1.7262000196211744,-2.6815500049052936,False
AVATAR-SM.NS,AVATAR INDUSTRIES LIMITED,166.9499969482422,,,,,,,,,,0.0,-1.7262000196211744,-2.6815500049052936,False
AVANA-SM.NS,AVANA ELECTROSYSTEMS LTD,150.85000610351562,,,,,,,,,,0.0,-1.7262000196211744,-2.6815500049052936,False
KHERIAAUTO-SM.NS,KHERIA AUTOCOMP LIMITED,89.44999694824219,,,,,,,,,,0.0,-1.7262000196211744,-2.6815500049052936,False
KEN-SM.NS,KEN ENTERPRISES LIMITED,42.849998474121094,,,,,,,,,,0.0,-1.7262000196211744,-2.6815500049052936,False
KHFM-SM.NS,KHFM HOS FAC MANA SER LTD,41.95000076293945,,,,,,,,,,0.0,-1.7262000196211744,-2.6815500049052936,False
KONSTELEC-SM.NS,KONSTELEC ENGINEERS LTD,50.0,,,,,,,,,,0.0,-1.7262000196211744,-2.6815500049052936,False
KODYTECH-SM.NS,KODY TECHNOLAB LIMITED,1556.550048828125,,,,,,,,,,0.0,-1.7262000196211744,-2.6815500049052936,False
KLL-SM.NS,KAUSHALYA LOGISTICS LTD,40.900001525878906,,,,,,,,,,0.0,-1.7262000196211744,-2.6815500049052936,False
KKVAPOW-SM.NS,KKV AGRO POWERS LTD.,290.1000061035156,,,,,,,,,,0.0,-1.7262000196211744,-2.6815500049052936,False
KKJEWELS-SM.NS,KABRA JEWELS LIMITED,99.9000015258789,,,,,,,,,,0.0,-1.7262000196211744,-2.6815500049052936,False
KORE-SM.NS,JAY JALARAM TECHNO LTD,195.0,,,,,,,,,,0.0,-1.7262000196211744,-2.6815500049052936,False
AXISCADES-BL.NS,AXISCADES TECH LTD,1824.0,,,,,,,,,,0.0,-1.7262000196211744,-2.6815500049052936,False
AXIOMGAS-SM.NS,AXIOM GAS ENGINEERING LTD,40.0,,,,,,,,,,0.0,-1.7262000196211744,-2.6815500049052936,False
AVPINFRA-SM.NS,AVP INFRACON LIMITED,57.29999923706055,,,,,,,,,,0.0,-1.7262000196211744,-2.6815500049052936,False
BAHETI-SM.NS,BAHETI RECYCLING IND LTD,725.5499877929688,,,,,,,,,,0.0,-1.7262000196211744,-2.6815500049052936,False
MADHURKNIT-SM.NS,MADHUR KNIT CRAFTS LTD,55.099998474121094,,,,,,,,,,0.0,-1.7262000196211744,-2.6815500049052936,False
MADHAVBAUG-SM.NS,VAIDYA SANE AYUR LAB LTD,173.0,,,,,,,,,,0.0,-1.7262000196211744,-2.6815500049052936,False
MACOBSTECH-SM.NS,MACOBS TECHNOLOGIES LTD,203.6999969482422,,,,,,,,,,0.0,-1.7262000196211744,-2.6815500049052936,False
LLOYDS-SM.NS,LLOYDS LUXURIES LIMITED,62.0,,,,,,,,,,0.0,-1.7262000196211744,-2.6815500049052936,False
KONTOR-SM.NS,KONTOR SPACE LIMITED,54.5,,,,,,,,,,0.0,-1.7262000196211744,-2.6815500049052936,False
KRT-RR.NS,KNOWLEDGE REALTY TRUST,112.4000015258789,,,,,,,,,,0.0,-1.7262000196211744,-2.6815500049052936,False
KRMAYURVED-SM.NS,KRM AYURVEDA LIMITED,291.79998779296875,,,,,,,,,,0.0,-1.7262000196211744,-2.6815500049052936,False
KRISHCA-SM.NS,KRISHCA STRAPPING SLTN L,209.89999389648438,,,,,,,,,,0.0,-1.7262000196211744,-2.6815500049052936,False
LAMOSAIC-SM.NS,LAMOSAIC INDIA LIMITED,47.70000076293945,,,,,,,,,,0.0,-1.7262000196211744,-2.6815500049052936,False
LAKSHYA-SM.NS,LAKSHYA POWERTECH LIMITED,93.05000305175781,,,,,,,,,,0.0,-1.7262000196211744,-2.6815500049052936,False
AUSL-SM.NS,ADITYA ULTRA STEEL LTD,23.0,,,,,,,,,,0.0,-1.7262000196211744,-2.6815500049052936,False
AUROIMPEX-SM.NS,AURO IMPEX & CHEMICALS L,40.099998474121094,,,,,,,,,,0.0,-1.7262000196211744,-2.6815500049052936,False
ATMASTCO-SM.NS,ATMASTCO LIMITED,117.05000305175781,,,,,,,,,,0.0,-1.7262000196211744,-2.6815500049052936,False
ATLPP-E1.NS,ATL RE.0.50 PPD UP,9.0,,,,,,,,,,0.0,-1.7262000196211744,-2.6815500049052936,False
AVIENCE-SM.NS,AVIENCE BIOMEDICALS LTD,290.1499938964844,,,,,,,,,,0.0,-1.7262000196211744,-2.6815500049052936,False
AVIANSH-SM.NS,AVI ANSH TEXTILE LIMITED,100.5,,,,,,,,,,0.0,-1.7262000196211744,-2.6815500049052936,False
MANDEEP-SM.NS,MANDEEP AUTO INDUSTRIES L,18.399999618530273,,,,,,,,,,0.0,-1.7262000196211744,-2.6815500049052936,False
MANAV-SM.NS,MANAV INFRA PROJECTS LTD,38.75,,,,,,,,,,0.0,-1.7262000196211744,-2.6815500049052936,False
MAL-SM.NS,MANGALAM ALLOYS LIMITED,38.0,,,,,,,,,,0.0,-1.7262000196211744,-2.6815500049052936,False
MAKS-SM.NS,MAKS ENERGY SOL INDIA LTD,14.949999809265137,,,,,,,,,,0.0,-1.7262000196211744,-2.6815500049052936,False
MANILAM-SM.NS,MANILAM INDUSTRIES IND L,34.849998474121094,,,,,,,,,,0.0,-1.7262000196211744,-2.6815500049052936,False
MASTER-SM.NS,MASTER COMPONENTS LIMITED,410.5,,,,,,,,,,0.0,-1.7262000196211744,-2.6815500049052936,False
ASHALOG-SM.NS,ASHAPURA LOGISTICS LTD,61.5,,,,,,,,,,0.0,-1.7262000196211744,-2.6815500049052936,False
ARVINDPORT-SM.NS,ARVIND PORT AND INFRA LTD,31.399999618530273,,,,,,,,,,0.0,-1.7262000196211744,-2.6815500049052936,False
ARUNAYA-SM.NS,ARUNAYA ORGANICS LIMITED,13.899999618530273,,,,,,,,,,0.0,-1.7262000196211744,-2.6815500049052936,False
ASHWINI-SM.NS,ASHWINI CONTAINER MOVER L,165.0,,,,,,,,,,0.0,-1.7262000196211744,-2.6815500049052936,False
ASHUTOSH-SM.NS,ASHUTOSH FIBRE LIMITED,138.9499969482422,,,,,,,,,,0.0,-1.7262000196211744,-2.6815500049052936,False
ATCENERGY-SM.NS,ATC ENERGIES SYSTEM LTD,21.200000762939453,,,,,,,,,,0.0,-1.7262000196211744,-2.6815500049052936,False
ASPIRE-SM.NS,ASPIRE & INNOVATIVE ADV L,15.649999618530273,,,,,,,,,,0.0,-1.7262000196211744,-2.6815500049052936,False
LRRPL-SM.NS,LEAD REC AND RUB PROD LTD,100.69999694824219,,,,,,,,,,0.0,-1.7262000196211744,-2.6815500049052936,False
MAGSON-SM.NS,MAGSON RETAIL AND DIST L,183.0,,,,,,,,,,0.0,-1.7262000196211744,-2.6815500049052936,False
MADHUSUDAN-SM.NS,MADHUSUDAN MASALA LIMITED,227.14999389648438,,,,,,,,,,0.0,-1.7262000196211744,-2.6815500049052936,False
AMEYA-SM.NS,AMEYA PRECISION ENG LTD,147.89999389648438,,,,,,,,,,0.0,-1.7262000196211744,-2.6815500049052936,False
ANZEN-IV.NS,ANZEN IND ENE YLD PLU TRU,131.0,,,,,,,,,,0.0,-1.7262000196211744,-2.6815500049052936,False
ANYA-SM.NS,ANYA POLYTECH & FERTI LTD,18.0,,,,,,,,,,0.0,-1.7262000196211744,-2.6815500049052936,False
ANONDITA-SM.NS,ANONDITA MEDICARE LIMITED,1075.300048828125,,,,,,,,,,0.0,-1.7262000196211744,-2.6815500049052936,False
APEXECO-SM.NS,APEX ECOTECH LIMITED,253.64999389648438,,,,,,,,,,0.0,-1.7262000196211744,-2.6815500049052936,False
ARCIIL-SM.NS,ARC INSULATION & INSU LTD,32.650001525878906,,,,,,,,,,0.0,-1.7262000196211744,-2.6815500049052936,False
ARABIAN-SM.NS,ARABIAN PETROLEUM LIMITED,104.0999984741211,,,,,,,,,,0.0,-1.7262000196211744,-2.6815500049052936,False
APSISAERO-SM.NS,APSIS AEROCOM LIMITED,554.4000244140625,,,,,,,,,,0.0,-1.7262000196211744,-2.6815500049052936,False
APS-SM.NS,AUSTRALIAN PREM SOLAR I L,228.39999389648438,,,,,,,,,,0.0,-1.7262000196211744,-2.6815500049052936,False
APRAMEYA-SM.NS,APRAMEYA ENGINEERING LTD,106.3499984741211,,,,,,,,,,0.0,-1.7262000196211744,-2.6815500049052936,False
ARMOUR-SM.NS,ARMOUR SECURITY (INDIA) L,21.149999618530273,,,,,,,,,,0.0,-1.7262000196211744,-2.6815500049052936,False
ARISTO-SM.NS,ARISTO BIO T AND LIFESC L,91.75,,,,,,,,,,0.0,-1.7262000196211744,-2.6815500049052936,False
ARIHANTACA-SM.NS,ARIHANT ACADEMY LIMITED,265.0,,,,,,,,,,0.0,-1.7262000196211744,-2.6815500049052936,False
ARHAM-SM.NS,ARHAM TECHNOLOGIES LTD,206.3000030517578,,,,,,,,,,0.0,-1.7262000196211744,-2.6815500049052936,False
MAITREYA-SM.NS,MAITREYA MEDICARE LIMITED,113.5,,,,,,,,,,0.0,-1.7262000196211744,-2.6815500049052936,False
MAHICKRA-SM.NS,MAHICKRA CHEMICAL LIMITED,280.0,,,,,,,,,,0.0,-1.7262000196211744,-2.6815500049052936,False
MEGAFLEX-SM.NS,MEGA FLEX PLASTICS LTD,120.25,,,,,,,,,,0.0,-1.7262000196211744,-2.6815500049052936,False
MASON-SM.NS,MASON INFRATECH LIMITED,104.3499984741211,,,,,,,,,,0.0,-1.7262000196211744,-2.6815500049052936,False
MARUSHIKA-SM.NS,MARUSHIKA TECHNOLOGY LTD,114.0,,,,,,,,,,0.0,-1.7262000196211744,-2.6815500049052936,False
MARINETRAN-SM.NS,MARINETRANS INDIA LIMITED,14.5,,,,,,,,,,0.0,-1.7262000196211744,-2.6815500049052936,False
MARCO-SM.NS,MARCO CABLE & CONDUCTOR L,28.899999618530273,,,,,,,,,,0.0,-1.7262000196211744,-2.6815500049052936,False
MARC-SM.NS,MARC TECHNOCRATS LIMITED,148.4499969482422,,,,,,,,,,0.0,-1.7262000196211744,-2.6815500049052936,False
MAYASHEEL-SM.NS,MAYASHEEL VENTURES LTD,36.20000076293945,,,,,,,,,,0.0,-1.7262000196211744,-2.6815500049052936,False
MAXVOLT-SM.NS,MAXVOLT ENERGY INDUS L,440.75,,,,,,,,,,0.0,-1.7262000196211744,-2.6815500049052936,False
MAXPOSURE-SM.NS,MAXPOSURE LIMITED,35.0,,,,,,,,,,0.0,-1.7262000196211744,-2.6815500049052936,False
MEDISTEP-SM.NS,MEDISTEP HEALTHCARE LTD,20.5,,,,,,,,,,0.0,-1.7262000196211744,-2.6815500049052936,False
MEDIORG-SM.NS,MEDICAMEN ORGANICS LTD,24.549999237060547,,,,,,,,,,0.0,-1.7262000196211744,-2.6815500049052936,False
MDL-SM.NS,MARVEL DECOR LIMITED,58.349998474121094,,,,,,,,,,0.0,-1.7262000196211744,-2.6815500049052936,False
MCON-SM.NS,MCON RASAYAN INDIA LTD,39.95000076293945,,,,,,,,,,0.0,-1.7262000196211744,-2.6815500049052936,False
ANLON-SM.NS,ANLON TECHNOLOGY SOL LTD,765.0,,,,,,,,,,0.0,-1.7262000196211744,-2.6815500049052936,False
ANAWIL-SM.NS,ANAWIL WIRE AND ENGIN LTD,397.3999938964844,,,,,,,,,,0.0,-1.7262000196211744,-2.6815500049052936,False
ANANTAM-IV.NS,ANANTAM HIGHWAYS TRUST,102.98999786376953,,,,,,,,,,0.0,-1.7262000196211744,-2.6815500049052936,False
ACTIVEINFR-SM.NS,ACTIVE INFRASTRUCTURES L,172.5,,,,,,,,,,0.0,-1.7262000196211744,-2.6815500049052936,False
MOBILISE-SM.NS,MOBILISE APP LAB LIMITED,103.25,,,,,,,,,,0.0,-1.7262000196211744,-2.6815500049052936,False
METALIC-SM.NS,METALIC TECHNOFORGE LTD,172.89999389648438,,,,,,,,,,0.0,-1.7262000196211744,-2.6815500049052936,False
MICROPRO-SM.NS,MICROPRO SOFTWARE SOL L,16.75,,,,,,,,,,0.0,-1.7262000196211744,-2.6815500049052936,False
MHHL-SM.NS,MOHINI HEALTH&HYGIENE LTD,31.299999237060547,,,,,,,,,,0.0,-1.7262000196211744,-2.6815500049052936,False
ACCPL-SM.NS,ACCRETION PHARMA LIMITED,193.9499969482422,,,,,,,,,,0.0,-1.7262000196211744,-2.6815500049052936,False
ACCENTMIC-SM.NS,ACCENT MICROCELL LIMITED,662.7999877929688,,,,,,,,,,0.0,-1.7262000196211744,-2.6815500049052936,False
ADISOFT-SM.NS,ADISOFT TECHNOLOGIES LTD,301.6499938964844,,,,,,,,,,0.0,-1.7262000196211744,-2.6815500049052936,False
ADDICTIVE-SM.NS,ADDICTIVE LEARNING TECH L,41.79999923706055,,,,,,,,,,0.0,-1.7262000196211744,-2.6815500049052936,False
AESTHETIK-SM.NS,AESTHETIK ENGINEERS LTD,67.05000305175781,,,,,,,,,,0.0,-1.7262000196211744,-2.6815500049052936,False
AERON-SM.NS,AERON COMPOSITE LIMITED,84.0,,,,,,,,,,0.0,-1.7262000196211744,-2.6815500049052936,False
AGUL-SM.NS,A G UNIVERSAL LIMITED,43.5,,,,,,,,,,0.0,-1.7262000196211744,-2.6815500049052936,False
AGNI-SM.NS,AGNI GREEN POWER LTD,14.300000190734863,,,,,,,,,,0.0,-1.7262000196211744,-2.6815500049052936,False
MOS-SM.NS,MOS UTILITY LIMITED,6.0,,,,,,,,,,0.0,-1.7262000196211744,-2.6815500049052936,False
MRIL-SM.NS,MAHENDRA REALTO & INFRA L,68.5999984741211,,,,,,,,,,0.0,-1.7262000196211744,-2.6815500049052936,False
NRVANDANA-SM.NS,N R VANDANA TEX IND LTD,69.5999984741211,,,,,,,,,,0.0,-1.7262000196211744,-2.6815500049052936,False
MUNISH-SM.NS,MUNISH FORGE LIMITED,86.44999694824219,,,,,,,,,,0.0,-1.7262000196211744,-2.6815500049052936,False
ACETEC-SM.NS,ACETECH E-COMMERCE LTD,140.0,,,,,,,,,,0.0,-1.7262000196211744,-2.6815500049052936,False
MEGATHERM-SM.NS,MEGATHERM INDUCTION LTD,245.89999389648438,,,,,,,,,,0.0,-1.7262000196211744,-2.6815500049052936,False
EFFWA-SM.NS,EFFWA INFRA & RESEARCH L,343.3500061035156,,,,,,,,,,0.0,-1.7262000196211744,-2.6815500049052936,False
AARADHYA-SM.NS,AARADHYA DISPOSAL INDUS L,124.5999984741211,,,,,,,,,,0.0,-1.7262000196211744,-2.6815500049052936,False
AATMAJ-SM.NS,AATMAJ HEALTHCARE LIMITED,21.549999237060547,,,,,,,,,,0.0,-1.7262000196211744,-2.6815500049052936,False
ABSMARINE-SM.NS,ABS MARINE SERVICES LTD,325.6000061035156,,,,,,,,,,0.0,-1.7262000196211744,-2.6815500049052936,False
DYNAMIC-SM.NS,DYNAMIC SRVCS & SEC LTD,131.0,,,,,,,,,,0.0,-1.7262000196211744,-2.6815500049052936,False
DURLAX-SM.NS,DURLAX TOP SURFACE LTD,63.75,,,,,,,,,,0.0,-1.7262000196211744,-2.6815500049052936,False
DUGLOBAL-SM.NS,DUDIGITAL GLOBAL LIMITED,21.799999237060547,,,,,,,,,,0.0,-1.7262000196211744,-2.6815500049052936,False
EFACTOR-SM.NS,E FACTOR EXPERIENCES LTD,183.5,,,,,,,,,,0.0,-1.7262000196211744,-2.6815500049052936,False
EEPL-SM.NS,EPPELTONE ENGINEERS LTD,136.0,,,,,,,,,,0.0,-1.7262000196211744,-2.6815500049052936,False
EDELWEISS-BL.NS,EDELWEISS FIN SERV LTD,142.72999572753906,,,,,,,,,,0.0,-1.7262000196211744,-2.6815500049052936,False
MVKAGRO-SM.NS,M.V.K. AGRO FOOD PROD LTD,217.3000030517578,,,,,,,,,,0.0,-1.7262000196211744,-2.6815500049052936,False
AAKAAR-SM.NS,AAKAAR MEDICAL TECHNO LTD,65.55000305175781,,,,,,,,,,0.0,-1.7262000196211744,-2.6815500049052936,False
MIEL-SM.NS,MANGLAM INFRA & ENG LTD,12.5,,,,,,,,,,0.0,-1.7262000196211744,-2.6815500049052936,False
DIVINEHIRA-SM.NS,DIVINE HIRA JEWELLERS LTD,106.4000015258789,,,,,,,,,,0.0,-1.7262000196211744,-2.6815500049052936,False
DIGIKORE-SM.NS,DIGIKORE STUDIOS LIMITED,36.150001525878906,,,,,,,,,,0.0,-1.7262000196211744,-2.6815500049052936,False
ENCOMPAS-SM.NS,ENCOMPASS DESIGN INDIA L,254.0,,,,,,,,,,0.0,-1.7262000196211744,-2.6815500049052936,False
ESCONET-SM.NS,ESCONET TECHNOLOGIES LTD,232.85000610351562,,,,,,,,,,0.0,-1.7262000196211744,-2.6815500049052936,False
EPWINDIA-SM.NS,EPW INDIA LIMITED,228.60000610351562,,,,,,,,,,0.0,-1.7262000196211744,-2.6815500049052936,False
MGSL-SM.NS,MATRIX GEO SOLUTIONS LTD,58.95000076293945,,,,,,,,,,0.0,-1.7262000196211744,-2.6815500049052936,False
AKANKSHA-SM.NS,AKANKSHA POWER N INFRA L,182.1999969482422,,,,,,,,,,0.0,-1.7262000196211744,-2.6815500049052936,False
ALPEXSOLAR-SM.NS,ALPEX SOLAR LIMITED,814.1500244140625,,,,,,,,,,0.0,-1.7262000196211744,-2.6815500049052936,False
ALLETEC-SM.NS,ALL E TECHNOLOGIES LTD,121.5,,,,,,,,,,0.0,-1.7262000196211744,-2.6815500049052936,False
AMCL-SM.NS,ANB METAL CAST LIMITED,376.20001220703125,,,,,,,,,,0.0,-1.7262000196211744,-2.6815500049052936,False
AMBANIORGO-SM.NS,AMBANI ORGOCHEM LIMITED,115.05000305175781,,,,,,,,,,0.0,-1.7262000196211744,-2.6815500049052936,False
AMBAAUTO-SM.NS,AMBA AUTO SALES AND SER L,110.0,,,,,,,,,,0.0,-1.7262000196211744,-2.6815500049052936,False
ALUWIND-SM.NS,ALUWIND INFRA-TECH LTD,48.5,,,,,,,,,,0.0,-1.7262000196211744,-2.6815500049052936,False
ECOLINE-SM.NS,ECOLINE EXIM LIMITED,184.9499969482422,,,,,,,,,,0.0,-1.7262000196211744,-2.6815500049052936,False
ADROITIND.NS,ADROIT INDUSTRIES (I) LTD,212.99000549316406,-14.251779050473179,-14.251779050473179,-14.251779050473179,0.004042529357093111,-3525.459994497431,9543728128.0,36.533447,Consumer Cyclical,-52.73406524847716,22.979150035271747,0.4971278457500201,-39.42626697492037,False
